"Data","Bora-Komorowskiego","Bulwary","Dworzec Główny","Klimeckiego","Kopernika","Kotlarska","Mogilska","Monte Cassino","Nowohucka","Smoleńsk","Tyniecka","Wadowicka","Wielicka"
"2018-10-14 00:00:00","696","2214","586","961","1483","1483","1736","1408","518","451","3207","455","773"
"2018-10-13 00:00:00","657","2385","662","835","1364","1274","1654","1301","558","550","2389","500","778"
"2018-10-12 00:00:00","854","2072","1269","1244","2515","2090","2772","1563","643","841","1346","1012","1123"
"2018-10-11 00:00:00","881","1944","1391","1231","2596","2185","2903","1497","650","882","1128","1003","1138"
"2018-10-10 00:00:00","994","2163","1430","1333","2729","2342","3167","1744","680","963","1328","1051","1239"
"2018-10-09 00:00:00","897","1980","1321","1269","2731","2347","3106","1601","634","938","1235","1033","1219"
"2018-10-08 00:00:00","732","1402","1272","1034","2427","1952","2670","1398","501","792","781","946","1029"
"2018-10-07 00:00:00","540","1904","459","753","1167","1053","1345","999","447","507","2035","458","606"
"2018-10-06 00:00:00","660","2344","628","849","1225","1261","1567","1390","512","630","2536","673","795"
"2018-10-05 00:00:00","771","1682","1187","1086","2226","1855","2516","1462","566","882","1242","1031","956"
"2018-10-04 00:00:00","706","1304","1120","989","2112","1777","2445","1247","460","776","805","1103","855"
"2018-10-03 00:00:00","492","889","854","672","1559","1307","1750","997","309","662","461","728","618"
"2018-10-02 00:00:00","348","586","577","484","1090","974","1226","622","253","478","330","479","462"
"2018-10-01 00:00:00","773","1600","1301","1183","2426","2133","2722","1557","546","981","995","1123","996"
"2018-09-30 00:00:00","526","1789","479","734","1094","921","1170","1064","408","523","2137","468","633"
"2018-09-29 00:00:00","355","1052","484","519","944","796","1096","760","346","471","1035","413","511"
"2018-09-28 00:00:00","908","1907","1315","1339","2471","2169","2777","1584","621","894","1377","1082","1107"
"2018-09-27 00:00:00","746","1392","1202","1166","2202","1954","2500","1304","536","823","877","927","973"
"2018-09-26 00:00:00","682","1488","1144","1148","2012","1914","2352","1333","486","812","903","899","859"
"2018-09-25 00:00:00","497","960","964","856","1661","1619","1952","1003","377","694","519","710","750"
"2018-09-24 00:00:00","395","646","727","622","1341","1177","1522","762","304","545","344","595","547"
"2018-09-23 00:00:00","558","1392","407","577","1057","800","1144","953","281","434","1582","352","713"
"2018-09-22 00:00:00","323","627","318","362","579","554","703","508","198","368","631","286","326"
"2018-09-21 00:00:00","1277","2702","1558","1850","3126","2905","3708","2128","897","1087","2127","1336","1477"
"2018-09-20 00:00:00","1422","2871","1811","2122","3510","3427","4157","2582","999","1110","2151","1848","1535"
"2018-09-19 00:00:00","1381","2880","1815","2099","3546","3429","4196","2497","966","1131","2133","1605","1523"
"2018-09-18 00:00:00","1403","2731","1845","2110","3510","3408","4140","2374","918","1148","1994","2178","1552"
"2018-09-17 00:00:00","1340","2444","1777","1903","3211","3018","3743","2197","885","1036","1700","2522","1446"
"2018-09-16 00:00:00","856","3382","717","1521","1818","1687","2051","1932","652","741","4440","871","1047"
"2018-09-15 00:00:00","351","902","336","478","729","638","837","728","301","368","910","626","363"
"2018-09-14 00:00:00","823","1233","1284","1302","2335","1995","2646","1422","528","788","812","1024","973"
"2018-09-13 00:00:00","1436","2399","1927","2173","3497","3254","4158","2394","934","1116","2063","2051","1561"
"2018-09-12 00:00:00","1489","2732","1951","2211","3677","3456","4302","2498","1056","1103","2288","1750","1603"
"2018-09-11 00:00:00","1267","2144","1870","1865","3413","3113","3919","2187","862","1066","1553","1837","1457"
"2018-09-10 00:00:00","1328","2264","1863","1964","3404","3129","4046","2380","931","1014","1834","1993","1510"
"2018-09-09 00:00:00","1024","3331","743","1588","2016","1909","2304","2090","754","666","4532","1127","1122"
"2018-09-08 00:00:00","546","1037","556","637","1090","905","1384","952","667","461","1243","553","550"
"2018-09-07 00:00:00","1292","2224","1680","1806","3228","2905","3745","2135","1012","1044","1795","2527","1368"
"2018-09-06 00:00:00","1228","1951","1751","1733","3280","2872","3878","2149","894","1001","1594","1683","1372"
"2018-09-05 00:00:00","924","1527","1401","1414","2593","2284","3020","1660","648","916","1182","1488","1095"
"2018-09-04 00:00:00","743","1270","1168","1372","2123","2161","2561","1515","581","817","978","1239","1031"
"2018-09-03 00:00:00","1411","2499","1821","2189","3505","3361","4177","2430","1039","1070","1962","2074","1532"
"2018-09-02 00:00:00","903","2662","770","1518","2047","1757","2174","1818","743","662","3580","1480","986"
"2018-09-01 00:00:00","846","2220","724","1211","1642","1503","1924","1690","662","637","2645","1039","904"
"2018-08-31 00:00:00","1043","1727","1376","1505","2798","2413","3211","1865","752","848","1441","1216","1220"
"2018-08-30 00:00:00","1411","2770","1847","2321","3667","3441","4235","2607","1132","1054","2512","2419","1724"
"2018-08-29 00:00:00","1430","2802","1841","2210","3511","3364","4205","2503","1023","1042","2327","1920","1610"
"2018-08-28 00:00:00","1219","2114","1674","1874","3394","3023","3876","2221","914","996","1673","1693","1404"
"2018-08-27 00:00:00","1241","2072","1553","1742","2893","2798","3488","1951","844","847","1615","1454","1331"
"2018-08-26 00:00:00","138","247","161","199","356","288","423","283","110","161","251","821","174"
"2018-08-25 00:00:00","313","516","325","415","638","513","801","530","230","287","611","268","325"
"2018-08-24 00:00:00","923","1635","1347","1447","2528","2389","2942","1729","636","752","1160","1083","1118"
"2018-08-23 00:00:00","1599","2976","1912","2442","3640","3512","4150","2859","1118","1086","2482","1633","1698"
"2018-08-22 00:00:00","1754","3064","1894","2508","3804","3699","4315","2798","1085","1099","2575","1661","1715"
"2018-08-21 00:00:00","1667","2675","1865","2364","3646","3616","4249","2694","1092","1038","2123","1637","1714"
"2018-08-20 00:00:00","1632","2663","1792","2173","3448","3323","4059","2459","1089","1080","2118","1518","1565"
"2018-08-19 00:00:00","959","2795","745","1677","1889","1734","2122","1812","647","550","3753","681","1099"
"2018-08-18 00:00:00","939","1933","650","1268","1517","1323","1838","1614","682","543","2532","1108","836"
"2018-08-17 00:00:00","1497","2442","1565","1896","2982","2795","3526","2254","883","959","1965","1430","1341"
"2018-08-16 00:00:00","1520","2356","1619","1866","3067","2991","3721","2225","912","931","1882","1554","1374"
"2018-08-15 00:00:00","1148","3514","886","1749","2387","2181","2552","2190","762","767","4940","1124","1235"
"2018-08-14 00:00:00","1194","1816","1456","1622","2712","2503","3167","1964","691","848","1317","1830","1169"
"2018-08-13 00:00:00","1541","2548","1680","2170","3198","3123","3737","2456","1042","986","2011","1403","1488"
"2018-08-12 00:00:00","1082","3890","792","1924","1934","2051","2283","2283","794","699","5463","652","1276"
"2018-08-11 00:00:00","451","890","367","515","746","673","898","778","362","354","970","355","386"
"2018-08-10 00:00:00","1004","1505","1271","1417","2414","2250","2819","1615","665","773","1078","1404","1073"
"2018-08-09 00:00:00","1415","2614","1720","2291","3276","3341","3885","2425","999","1024","1849","2176","1562"
"2018-08-08 00:00:00","1529","2759","1777","2330","3486","3492","4118","2507","1040","1016","2156","1915","1605"
"2018-08-07 00:00:00","1472","3173","1824","2496","3441","3622","4065","2767","1103","1084","2521","1868","1749"
"2018-08-06 00:00:00","1377","2807","1710","2257","3218","3310","3857","2487","982","1054","2262","1406","1559"
"2018-08-05 00:00:00","605","2012","596","1254","1461","1365","1554","1345","615","522","2548","1181","863"
"2018-08-04 00:00:00","735","2263","663","1733","1556","1751","1810","1554","652","721","2366","1062","986"
"2018-08-03 00:00:00","1211","2506","1577","2124","3031","2995","3674","2239","924","864","1903","1317","1400"
"2018-08-02 00:00:00","1351","2695","1710","2316","3266","3419","3856","2438","980","989","2098","1485","1500"
"2018-08-01 00:00:00","1179","2342","1595","2091","3216","3247","3796","2180","923","941","1828","1308","1400"
"2018-07-31 00:00:00","1235","2455","1612","1959","3219","3138","3894","2342","948","897","1918","1443","1463"
"2018-07-30 00:00:00","1111","1931","1437","1704","2767","2722","3389","1968","734","832","1356","1232","1281"
"2018-07-29 00:00:00","587","1789","488","989","1325","1125","1491","1225","455","416","2068","434","667"
"2018-07-28 00:00:00","787","2387","745","1702","1610","1790","1933","1633","733","598","2760","959","887"
"2018-07-27 00:00:00","1256","2494","1545","1859","3024","2783","3635","2077","863","931","1828","2226","1305"
"2018-07-26 00:00:00","1198","2240","1547","1889","3256","3015","3755","2081","829","879","1555","1727","1290"
"2018-07-25 00:00:00","1489","2911","1833","2395","3604","3674","4229","2619","1078","998","2174","1658","1492"
"2018-07-24 00:00:00","1639","3260","2055","2533","3913","3893","4533","2941","1153","1090","2684","2381","1595"
"2018-07-23 00:00:00","1381","2694","1753","2182","3531","3360","4156","2480","1025","1011","2177","2153","1495"
"2018-07-22 00:00:00","970","3630","818","2068","1972","2042","2310","2105","725","746","4925","1519","1153"
"2018-07-21 00:00:00","925","2984","828","1644","1750","1761","2100","1793","785","689","3718","2215","984"
"2018-07-20 00:00:00","873","1940","1072","1259","2207","2090","2700","1506","592","791","1470","1452","962"
"2018-07-19 00:00:00","430","805","756","688","1415","1349","1518","911","252","548","542","817","528"
"2018-07-18 00:00:00","279","453","535","440","973","822","991","566","199","389","261","1258","397"
"2018-07-17 00:00:00","281","469","450","409","805","742","976","602","170","290","273","975","354"
"2018-07-16 00:00:00","913","1589","1244","1303","2464","2342","2900","1691","581","687","1154","1306","983"
"2018-07-15 00:00:00","584","2131","564","1031","1360","1267","1577","1492","465","572","2724","899","732"
"2018-07-14 00:00:00","409","781","414","508","793","720","936","785","271","383","855","935","391"
"2018-07-13 00:00:00","604","1253","953","961","1871","1643","2159","1366","406","702","919","2589","751"
"2018-07-12 00:00:00","1234","2261","1717","1852","3194","3056","3766","2285","811","995","1734","1781","1304"
"2018-07-11 00:00:00","717","1271","1236","1198","2095","2112","2563","1396","470","734","794","953","860"
"2018-07-10 00:00:00","1176","2105","1729","1861","3083","3019","3701","2202","716","928","1452","1677","1271"
"2018-07-09 00:00:00","1173","2165","1585","1608","2914","2683","3628","2046","699","977","1597","1257","1183"
"2018-07-08 00:00:00","934","3622","788","1720","1988","1904","2312","2117","767","686","4530","990","1092"
"2018-07-07 00:00:00","842","2596","735","1444","985","1662","2011","1742","688","751","2987","1013","870"
"2018-07-06 00:00:00","465","1706","1362","1477",,"2392","3104","1717","175","776","1121","1204","1058"
"2018-07-05 00:00:00",,"3590","1984","1759",,"3363","4720","2819",,"1113","2423","2108","1661"
"2018-07-04 00:00:00",,"3735","2047",,,"3828","4784","2959",,"1147","2585","1711","1721"
"2018-07-03 00:00:00",,"3027","1799",,,"3333","4258","2527",,"1112","2041","1492","1437"
"2018-07-02 00:00:00",,"2534","1654",,,"2978","3799","2171",,"881","1649","1471","1357"
"2018-07-01 00:00:00",,"1304","407",,,"744","1150","682",,"375","1132","424","394"
"2018-06-30 00:00:00",,"1347","555",,,"985","1308","1026",,"478","1166","529","544"
"2018-06-29 00:00:00",,"2446","1380",,,"2564","3438","1896",,"982","1691","2053","1129"
"2018-06-28 00:00:00",,"681","631",,,"1014","1363","655",,"479","287","563","422"
"2018-06-27 00:00:00",,"1885","1487",,,"2664","3491","1853",,"872","1014","1267","1125"
"2018-06-26 00:00:00",,"2392","1528",,,"2591","3580","1922",,"963","1408","1452","1213"
"2018-06-25 00:00:00",,"2225","1501",,,"1230","3416","1936",,"944","1343","1448","1189"
"2018-06-24 00:00:00",,"569","244",,,"0","637","539",,"313","526","335","261"
"2018-06-23 00:00:00",,"718","379",,,"1","902","693",,"372","467","342","362"
"2018-06-22 00:00:00",,"1969","1489",,,"12","3388","1884",,"986","1008","1781","1047"
"2018-06-21 00:00:00",,"3079","1926",,,"1","4461","2632",,"1135","1775","1693","1468"
"2018-06-20 00:00:00",,"3853","2185",,,"7","4940","3117",,"1322","2369","2159","1625"
"2018-06-19 00:00:00",,"3207","2004",,,"28","4599","2648",,"1281","1999","1875","1498"
"2018-06-18 00:00:00",,"2332","1593",,,"0","3803","1883",,"1031","1401","1283","1122"
"2018-06-17 00:00:00",,"4250","940",,,"0","2721","2126",,"872","4739","745","1210"
"2018-06-16 00:00:00",,"3070","945",,,"0","2393","1910",,"755","2883","758","937"
"2018-06-15 00:00:00",,"2771","1699",,,"0","4029","2416",,"1164","1739","1436","1353"
"2018-06-14 00:00:00",,"2266","1564",,,"2","3610","1926",,"1076","1165","1208","1040"
"2018-06-13 00:00:00",,"2010","1555",,,"0","3497","1857",,"963","1083","1489","1116"
"2018-06-12 00:00:00",,"1546","1115",,,"14","2363","1318",,"758","908","909","717"
"2018-06-11 00:00:00",,"3194","2051",,,"1367","4529","2786",,"1183","1845","2004","1489"
"2018-06-10 00:00:00",,"3939","884",,,"2055","2550","2027",,"780","4051","675","1037"
"2018-06-09 00:00:00",,"2897","970",,,"1988","2551","1925",,"802","2748","825","942"
"2018-06-08 00:00:00",,"3207","1950",,,"3640","4595","2698",,"1175","1936","1794","1395"
"2018-06-07 00:00:00",,"3714","2217",,,"3928","5156","3019",,"1260","2440","1854","1668"
"2018-06-06 00:00:00",,"3534","2231",,,"3961","5016","2910",,"1232","2092","1711","1543"
"2018-06-05 00:00:00",,"3203","2022",,,"3630","4677","2840",,"1271","1955","2271","1449"
"2018-06-04 00:00:00",,"3230","2122",,,"3595","4579","2684",,"1199","1940","2091","1522"
"2018-06-03 00:00:00",,"2897","708",,,"1458","1889","1556",,"635","2541","822","837"
"2018-06-02 00:00:00",,"1934","568",,,"1142","1458","1342",,"560","1747","566","627"
"2018-06-01 00:00:00",,"2368","1179",,,"2257","2816","1862",,"779","1809","1178","985"
"2018-05-31 00:00:00",,"4624","884",,,"2589","2533","2464",,"724","5033","1078","1199"
"2018-05-30 00:00:00",,"3190","2020",,,"3672","4743","2765",,"1246","1883","1809","1455"
"2018-05-29 00:00:00",,"3754","2345",,,"4148","5252","3080",,"1256","2376","1812","1735"
"2018-05-28 00:00:00",,"3703","2216",,,"3920","5099","2997",,"1344","2489","2080","1643"
"2018-05-27 00:00:00",,"4098","934",,,"2143","2569","2117",,"817","4215","733","1072"
"2018-05-26 00:00:00",,"2622","935",,,"1784","2315","1694",,"768","2512","794","836"
"2018-05-25 00:00:00",,"2949","1915",,,"3402","4246","2504",,"1120","2011","1450","1454"
"2018-05-24 00:00:00",,"3518","2138",,,"3864","4835","2885",,"1287","2281","1691","1610"
"2018-05-23 00:00:00",,"2738","1845",,,"3180","4101","2294",,"1065","1639","1510","1295"
"2018-05-22 00:00:00",,"3445","2149",,,"3884","4946","2946",,"1193","2350","1710","1627"
"2018-05-21 00:00:00",,"2926","2082",,,"3456","4482","2633",,"1146","2043","1493","1549"
"2018-05-20 00:00:00",,"4352","807",,,"2094","2569","2049",,"711","4780","731","1163"
"2018-05-19 00:00:00",,"2302","709",,,"1359","1853","1483",,"733","2165","697","749"
"2018-05-18 00:00:00",,"811","744",,,"1096","1526","810",,"523","415","527","478"
"2018-05-17 00:00:00",,"579","636",,,"902","1343","593",,"409","237","541","373"
"2018-05-16 00:00:00",,"1156","1137",,,"1698","2378","1332",,"775","679","916","792"
"2018-05-15 00:00:00",,"1833","1567",,,"2390","3438","1812",,"1002","1061","1094","1063"
"2018-05-14 00:00:00",,"2655","1981",,,"3338","4369","2563",,"1096","1527","1563","1503"
"2018-05-13 00:00:00",,"5073","1068",,,"2794","2994","2633",,"865","5782","1044","1333"
"2018-05-12 00:00:00",,"3546","994",,,"2132","2632","2060",,"828","3672","1268","1082"
"2018-05-11 00:00:00",,"2277","1697",,,"2914","3806","2080",,"1047","1357","1801","1298"
"2018-05-10 00:00:00",,"3539","2084",,,"3742","4748","2810",,"1247","2311","2051","1592"
"2018-05-09 00:00:00",,"2369","1690",,,"2931","3775","2190",,"1007","1584","1572","1199"
"2018-05-08 00:00:00",,"2082","1671",,,"2694","3556","2034",,"950","1137","1209","1244"
"2018-05-07 00:00:00",,"3288","2013",,,"3723","4712","2682",,"1183","2130","1606","1582"
"2018-05-06 00:00:00",,"4257","826",,,"2183","2365","2418",,"709","5072","722","1149"
"2018-05-05 00:00:00",,"3617","723",,,"1995","2300","1885",,"674","3935","726","1061"
"2018-05-04 00:00:00",,"2910","963",,,"2374","2766","1849",,"749","2455","986","990"
"2018-05-03 00:00:00",,"5003","775",,,"2475","2511","2335",,"745","5990","805","1208"
"2018-05-02 00:00:00",,"2105","903",,,"1752","2192","1449",,"605","1674","826","876"
"2018-05-01 00:00:00",,"5329","843",,,"2559","2671","2438",,"703","6341","949","1270"
"2018-04-30 00:00:00",,"2835","1188",,,"2364","2928","1881",,"795","2176","1196","1075"
"2018-04-29 00:00:00",,"3520","701",,,"1798","2137","1735",,"602","4027","711","865"
"2018-04-28 00:00:00",,"3611","789",,,"1986","2347","1900",,"639","3694","809","962"
"2018-04-27 00:00:00",,"2714","1649",,,"2873","3733","2099",,"1001","1535","1263","1284"
"2018-04-26 00:00:00",,"1846","1571",,,"2512","3505","1805",,"848","892","1085","1095"
"2018-04-25 00:00:00",,"3160","1883",,,"3412","4518","2669",,"1092","1841","1506","1472"
"2018-04-24 00:00:00",,"2521","1683",,,"2894","3975","2219",,"934","1428","1309","1215"
"2018-04-23 00:00:00",,"1976","1555",,,"2500","3496","1899",,"874","1105","1267","1141"
"2018-04-22 00:00:00",,"2922","1005",,,"2961","3395","2733",,"837","5905","938","1387"
"2018-04-21 00:00:00",,"3834","891",,,"2044","2696","2232",,"816","3909","1460","1077"
"2018-04-20 00:00:00",,"3277","1674",,,"3230","4101","2638",,"1067","2171","1669","1390"
"2018-04-19 00:00:00",,"3364","1844",,,"3429","4452","2749",,"1166","2222","1458","1474"
"2018-04-18 00:00:00",,"3444","1714",,,"3268","4440","2562",,"1074","2038","1439","1431"
"2018-04-17 00:00:00",,"1965","1352",,,"2306","3225","1768",,"836","1083","1021","1009"
"2018-04-16 00:00:00",,"1516","1200",,,"1885","2673","1396",,"738","827","881","868"
"2018-04-15 00:00:00",,"5217","878",,,"2444","2816","2651",,"761","5986","737","1329"
"2018-04-14 00:00:00",,"4078","891",,,"2045","2543","2216",,"723","4064","761","974"
"2018-04-13 00:00:00",,"2112","1227",,,"2246","2926","1778",,"799","1139","1202","956"
"2018-04-12 00:00:00",,"3226","1749",,,"3072","4173","2459",,"1014","2064","2644","1454"
"2018-04-11 00:00:00",,"2869","1547",,,"3006","3863","2443",,"921","1625","1677","1272"
"2018-04-10 00:00:00",,"2385","1462",,,"2616","3653","2082",,"908","1405","1431","1096"
"2018-04-09 00:00:00",,"3092","1555",,,"2871","3740","2276",,"959","2018","1658","1240"
"2018-04-08 00:00:00",,"5176","816",,,"2510","2660","2556",,"720","6185","718","1243"
"2018-04-07 00:00:00",,"2763","625",,,"1533","1787","1515",,"596","2885","719","805"
"2018-04-06 00:00:00",,"1349","876",,,"1559","2095","1207",,"615","758","883","620"
"2018-04-05 00:00:00",,"1825","1132",,,"1906","2599","1501",,"769","1031","1019","807"
"2018-04-04 00:00:00",,"2030","1040",,,"1911","2614","1635",,"735","1340","1053","790"
"2018-04-03 00:00:00",,"1830","729",,,"1364","1822","1217",,"494","1435","705","674"
"2018-04-02 00:00:00",,"519","116",,,"239","319","283",,"150","483","158","150"
"2018-04-01 00:00:00",,"63","34",,,"35","84","55",,"38","70","32","18"
"2018-03-31 00:00:00",,"333","113",,,"193","277","207",,"127","336","302","99"
"2018-03-30 00:00:00",,"1005","456",,,"835","1079","680",,"382","912","486","377"
"2018-03-29 00:00:00",,"426","360",,,"550","770","476",,"320","286","1191","231"
"2018-03-28 00:00:00",,"560","582",,,"792","1206","676",,"419","439","1147","307"
"2018-03-27 00:00:00",,"387","405",,,"578","909","467",,"303","222","319","250"
"2018-03-26 00:00:00",,"628","597",,,"857","1314","650",,"420","443","621","372"
"2018-03-25 00:00:00",,"1419","318",,,"657","856","724",,"293","1626","237","334"
"2018-03-24 00:00:00",,"581","256",,,"392","580","453",,"248","599","233","217"
"2018-03-23 00:00:00",,"433","427",,,"699","921","472",,"372","305","340","223"
"2018-03-22 00:00:00",,"500","448",,,"661","969","472",,"319","371","395","253"
"2018-03-21 00:00:00",,"260","339",,,"440","710","344",,"277","188","222","178"
"2018-03-20 00:00:00",,"185","258",,,"340","498","242",,"200","127","174","125"
"2018-03-19 00:00:00",,"121","193",,,"251","408","195",,"174","159","160","70"
"2018-03-18 00:00:00",,"27","45",,,"44","101","50",,"97","42","17","25"
"2018-03-17 00:00:00",,"47","67",,,"69","149","84",,"108","79","41","35"
"2018-03-16 00:00:00",,"190","298",,,"333","528","262",,"238","119","209","133"
"2018-03-15 00:00:00",,"525","525",,,"751","1091","542",,"391","313","389","276"
"2018-03-14 00:00:00",,"482","460",,,"766","1131","553",,"404","304","399","291"
"2018-03-13 00:00:00",,"931","722",,,"1111","1555","910",,"511","522","905","420"
"2018-03-12 00:00:00",,"901","662",,,"1039","1550","931",,"488","599","1398","447"
"2018-03-11 00:00:00",,"2303","404",,,"960","1141","1035",,"379","2558","304","514"
"2018-03-10 00:00:00",,"739","274",,,"424","611","419",,"225","772","244","200"
"2018-03-09 00:00:00",,"503","419",,,"570","824","475",,"300","339","354","262"
"2018-03-08 00:00:00",,"581","460",,,"661","994","573",,"378","343","397","262"
"2018-03-07 00:00:00",,"351","364",,,"499","797","389",,"302","241","285","186"
"2018-03-06 00:00:00",,"251","351",,,"424","695","344",,"253","209","244","156"
"2018-03-05 00:00:00",,"230","260",,,"367","600","297",,"241","162","240","130"
"2018-03-04 00:00:00",,"78","61",,,"65","137","106",,"90","112","39","32"
"2018-03-03 00:00:00",,"37","76",,,"67","129","81",,"75","37","42","26"
"2018-03-02 00:00:00",,"60","169",,,"253","382","167",,"154","87","123","56"
"2018-03-01 00:00:00",,"68","199",,,"210","399","200",,"160","126","140","72"
"2018-02-28 00:00:00",,"92","184",,,"210","402","184",,"164","137","145","49"
"2018-02-27 00:00:00",,"51","181",,,"246","412","164",,"158","87","144","73"
"2018-02-26 00:00:00",,"61","182",,,"231","420","163",,"140","117","128","54"
"2018-02-25 00:00:00",,"22","34",,,"49","89","58",,"75","88","31","17"
"2018-02-24 00:00:00",,"35","41",,,"56","100","68",,"91","66","71","30"
"2018-02-23 00:00:00",,"182","203",,,"290","448","224",,"195","112","154","109"
"2018-02-22 00:00:00",,"235","282",,,"373","564","265",,"210","130","200","117"
"2018-02-21 00:00:00",,"251","280",,,"396","599","285",,"240","134","229","125"
"2018-02-20 00:00:00",,"249","304",,,"424","627","297",,"236","158","221","158"
"2018-02-19 00:00:00",,"339","320",,,"443","669","330",,"239","253","237","182"
"2018-02-18 00:00:00",,"122","85",,,"107","197","117",,"110","144","58","64"
"2018-02-17 00:00:00",,"197","118",,,"154","242","140",,"113","203","86","83"
"2018-02-16 00:00:00",,"198","231",,,"307","456","252",,"203","158","182","125"
"2018-02-15 00:00:00",,"190","267",,,"316","484","226",,"201","131","301","105"
"2018-02-14 00:00:00",,"206","247",,,"304","491","275",,"232","157","192","111"
"2018-02-13 00:00:00",,"253","318",,,"382","587","325",,"217","153","213","97"
"2018-02-12 00:00:00",,"227","320",,,"383","599","271",,"231","140","231","157"
"2018-02-11 00:00:00",,"111","67",,,"107","177","83",,"71","101","43","54"
"2018-02-10 00:00:00",,"55","93",,,"95","199","98",,"118","73","63","51"
"2018-02-09 00:00:00",,"100","248",,,"320","458","251",,"197","117","197","123"
"2018-02-08 00:00:00",,"152","252",,,"272","463","213",,"162","134","195","117"
"2018-02-07 00:00:00",,"255","299",,,"367","641","316",,"248","166","220","164"
"2018-02-06 00:00:00",,"288","318",,,"431","640","317",,"255","209","270","161"
"2018-02-05 00:00:00",,"296","338",,,"446","674","329",,"256","193","294","156"
"2018-02-04 00:00:00",,"115","78",,,"120","215","99",,"91","119","57","69"
"2018-02-03 00:00:00",,"204","130",,,"183","319","187",,"131","190","109","86"
"2018-02-02 00:00:00",,"307","329",,,"426","655","408",,"270","217","284","173"
"2018-02-01 00:00:00",,"349","366",,,"515","763","459",,"280","231","306","225"
"2018-01-31 00:00:00",,"445","408",,,"579","897","531",,"335","303","361","245"
"2018-01-30 00:00:00",,"341","375",,,"504","733","463",,"299","207","343","197"
"2018-01-29 00:00:00",,"391","379",,,"486","772","458",,"298","255","338","231"
"2018-01-28 00:00:00",,"131","83",,,"122","181","122",,"115","162","75","57"
"2018-01-27 00:00:00",,"136","111",,,"128","249","155",,"128","111","89","79"
"2018-01-26 00:00:00",,"278","333",,,"427","599","370",,"268","195","246","165"
"2018-01-25 00:00:00",,"278","367",,,"457","700","457",,"284","249","290","205"
"2018-01-24 00:00:00",,"188","317",,,"410","648","349",,"273","153","235","168"
"2018-01-23 00:00:00",,"124","286",,,"358","578","302",,"223","156","224","135"
"2018-01-22 00:00:00",,"121","203",,,"325","485","286",,"185","139","213","106"
"2018-01-21 00:00:00",,"35","13",,,"64","80","56",,"52","64","24","19"
"2018-01-20 00:00:00",,"134","130",,,"114","242","157",,"127","122","96","80"
"2018-01-19 00:00:00",,"236","316",,,"404","589","344",,"232","165","269","128"
"2018-01-18 00:00:00",,"257","288",,,"361","586","350",,"226","187","287","155"
"2018-01-17 00:00:00",,"219","306",,,"394","641","326",,"262","195","286","130"
"2018-01-16 00:00:00",,"276","340",,,"465","685","349",,"254","232","277","143"
"2018-01-15 00:00:00",,"288","313",,,"505","719","370",,"279","179","414","182"
"2018-01-14 00:00:00",,"117","105",,,"176","268","148",,"143","253","87","93"
"2018-01-13 00:00:00",,"130","123",,,"125","261","179",,"134","127","91","85"
"2018-01-12 00:00:00",,"277","374",,,"434","750","378",,"291","191","248","180"
"2018-01-11 00:00:00",,"303","404",,,"486","845","438",,"262","202","319","206"
"2018-01-10 00:00:00",,"388","476",,,"579","918","499",,"382","252","326","220"
"2018-01-09 00:00:00",,"344","466",,,"552","831","408",,"321","277","164","177"
"2018-01-08 00:00:00",,"251","344",,,"470","723","358",,"291","180","141","180"
"2018-01-07 00:00:00",,"166","82",,,"143","233","154",,"113","184","35","82"
"2018-01-06 00:00:00",,"424","125",,,"271","388","283",,"144","475","49","129"
"2018-01-05 00:00:00",,"448","440",,,"578","935","513",,"358","342","188","251"
"2018-01-04 00:00:00",,"489","449",,,"635","983","579",,"374","335","228","265"
"2018-01-03 00:00:00",,"360","373",,,"493","817","440",,"326","250","222","221"
"2018-01-02 00:00:00",,"354","300",,,"393","660","350",,"257","238","175","168"
"2018-01-01 00:00:00",,"252","85",,,"132","205","153",,"100","222","66","59"
"2017-12-31 00:00:00",,"148","85",,,"134","251","123",,"97","185","51","71"
"2017-12-30 00:00:00",,"282","114",,,"162","286","175",,"142","297","79","94"
"2017-12-29 00:00:00",,"135","171",,,"201","362","196",,"161","90","74","97"
"2017-12-28 00:00:00",,"347","257",,,"377","609","320",,"202","244","116","167"
"2017-12-27 00:00:00",,"364","230",,,"336","562","270",,"219","349","130","166"
"2017-12-26 00:00:00",,"257","56",,,"120","218","122",,"82","269","60","69"
"2017-12-25 00:00:00",,"229","62",,,"110","171","119",,"76","278","24","65"
"2017-12-24 00:00:00",,"40","40",,,"48","70","45",,"47","52","13","34"
"2017-12-23 00:00:00",,"58","61",,,"76","136","93",,"128","41","33","45"
"2017-12-22 00:00:00",,"211","246",,,"376","557","264",,"266","135","130","144"
"2017-12-21 00:00:00",,"249","305",,,"444","666","362",,"315","171","230","155"
"2017-12-20 00:00:00",,"286","362",,,"498","767","388",,"348","194","231","203"
"2017-12-19 00:00:00",,"308","392",,,"542","891","410",,"350","219","287","199"
"2017-12-18 00:00:00",,"292","352",,,"530","809","390",,"328","197","252","191"
"2017-12-17 00:00:00",,"149","98",,,"150","261","162",,"141","137","64","69"
"2017-12-16 00:00:00",,"142","134",,,"171","335","178",,"195","190","121","93"
"2017-12-15 00:00:00",,"385","447",,,"584","932","485",,"369","215","184","232"
"2017-12-14 00:00:00",,"410","486",,,"670","1072","531",,"440","263","264","251"
"2017-12-13 00:00:00",,"471","528",,,"691","1110","618",,"475","325","208","268"
"2017-12-12 00:00:00",,"497","572",,,"812","1238","634",,"493","343","209","314"
"2017-12-11 00:00:00",,"508","538",,,"697","1095","577",,"402","308","240","278"
"2017-12-10 00:00:00",,"303","145",,,"227","384","245",,"150","390","95","113"
"2017-12-09 00:00:00",,"134","159",,,"178","326","185",,"186","153","86","103"
"2017-12-08 00:00:00",,"374","445",,,"549","884","472",,"345","261","224","262"
"2017-12-07 00:00:00",,"401","454",,,"612","931","516",,"388","316","153","275"
"2017-12-06 00:00:00",,"232","360",,,"445","678","367",,"317","158","125","205"
"2017-12-05 00:00:00",,"247","344",,,"418","709","370",,"287","193","138","181"
"2017-12-04 00:00:00",,"195","252",,,"318","562","281",,"231","170","140","105"
"2017-12-03 00:00:00",,"95","75",,,"80","163","109",,"100","72","37","29"
"2017-12-02 00:00:00",,"106","135",,,"128","213","115",,"118","106","74","36"
"2017-12-01 00:00:00",,"250","368",,,"435","749","398",,"269","200","141","121"
"2017-11-30 00:00:00",,"221","290",,,"320","563","313",,"246","133","106","121"
"2017-11-29 00:00:00",,"304","388",,,"467","780","429",,"327","182","156","174"
"2017-11-28 00:00:00",,"558","596",,,"819","1235","709",,"450","382","195","331"
"2017-11-27 00:00:00",,"488","536",,,"735","1151","650",,"430","312","222","308"
"2017-11-26 00:00:00",,"163","108",,,"180","347","184",,"189","163","58","82"
"2017-11-25 00:00:00",,"535","286",,,"373","617","424",,"241","624","101","198"
"2017-11-24 00:00:00",,"735","629",,,"943","1363","749",,"481","482","244","387"
"2017-11-23 00:00:00",,"750","629",,,"951","1395","824",,"523","497","239","395"
"2017-11-22 00:00:00",,"427","509",,,"645","1020","516",,"419","234","182","235"
"2017-11-21 00:00:00",,"420","510",,,"670","1056","519",,"373","228","171","206"
"2017-11-20 00:00:00",,"364","407",,,"507","844","450",,"325","206","164","202"
"2017-11-19 00:00:00",,"433","188",,,"297","538","323",,"198","470","89","136"
"2017-11-18 00:00:00",,"301","219",,,"261","480","243",,"224","244","100","113"
"2017-11-17 00:00:00",,"335","385",,,"577","841","472",,"324","185","153","210"
"2017-11-16 00:00:00",,"708","413",,,"945","1530","780",,"537","446","241","373"
"2017-11-15 00:00:00",,"653",,,,"985","1497","496",,"509","245","270","312"
"2017-11-14 00:00:00",,"589",,,,"960","1395",,,"497",,"240","400"
"2017-11-13 00:00:00",,"285",,,,"520","798",,,"288",,"159","206"
"2017-11-12 00:00:00",,"393",,,,"278","520",,,"205",,"63","167"
"2017-11-11 00:00:00",,"334",,,,"239","504",,,"213",,"71","136"
"2017-11-10 00:00:00",,"658",,,,"892","1360",,,"511",,"265","371"
"2017-11-09 00:00:00",,"733",,,,"1043","1616",,,"351",,"295","441"
"2017-11-08 00:00:00",,"750",,,,"1103","1715",,,,,"303","417"
"2017-11-07 00:00:00",,"831",,,,"1197","1919",,,,,"360","496"
"2017-11-06 00:00:00",,"1040",,,,"1304","2000",,,,,"351","533"
"2017-11-05 00:00:00",,"1223",,,,"668","904",,,,,"137","332"
"2017-11-04 00:00:00",,"1210",,,,"667","675",,,,,"171","354"
"2017-11-03 00:00:00",,"470",,,,"664","1229",,,,,"209","291"
"2017-11-02 00:00:00",,"575",,,,"737","1280",,,,,"222","297"
"2017-11-01 00:00:00",,"273",,,,"306","631",,,,,"58","128"
"2017-10-31 00:00:00",,"579",,,,"900","987",,,,,"259","381"
"2017-10-30 00:00:00",,"473",,,,"800","1181",,,,,"248","313"
"2017-10-29 00:00:00",,"66",,,,"83","264",,,,,"28","37"
"2017-10-28 00:00:00",,"168",,,,"190","309",,,,,"72","106"
"2017-10-27 00:00:00",,"397",,,,"569","1011",,,,,"185","229"
"2017-10-26 00:00:00",,"1058",,,,"1366","2547",,,,,"442","629"
"2017-10-25 00:00:00",,"810",,,,"1232","2624",,,,,"367","484"
"2017-10-24 00:00:00",,"744",,,,"1125","1792",,,,,"360","438"
"2017-10-23 00:00:00",,"281",,,,"465","709",,,,,"178","175"
"2017-10-22 00:00:00",,"310",,,,"278","474",,,,,"101","122"
"2017-10-21 00:00:00",,"858",,,,"605","957",,,,,"179","313"
"2017-10-20 00:00:00",,"1179",,,,"1551","2282",,,,,"443","669"
"2017-10-19 00:00:00",,"1870",,,,"2226","3113",,,,,"604","914"
"2017-10-18 00:00:00",,"2245",,,,"2456","3231",,,,,"621","963"
"2017-10-17 00:00:00",,"2426",,,,"2453","3436",,,,,"648","1039"
"2017-10-16 00:00:00",,"2284",,,,"2392","3175",,,,,"621","946"
"2017-10-15 00:00:00",,"1562",,,,"1261","1463",,,,,"225","535"
"2017-10-14 00:00:00",,"1229",,,,"781","1191",,,,,"202","391"
"2017-10-13 00:00:00",,"1087",,,,"1498","2207",,,,,"449","652"
"2017-10-12 00:00:00",,"1336",,,,"1736","2515",,,,,"515","751"
"2017-10-11 00:00:00",,"1002",,,,"1370","2084",,,,,"413","562"
"2017-10-10 00:00:00",,"935",,,,"1429","2032",,,,,"424","559"
"2017-10-09 00:00:00",,"1047",,,,"1464","2243",,,,,"443","568"
"2017-10-08 00:00:00",,"402",,,,"301","498",,,,,"92","159"
"2017-10-07 00:00:00",,"514",,,,"428","685",,,,,"165","205"
"2017-10-06 00:00:00",,"544",,,,"861","1270",,,,,"341","337"
"2017-10-05 00:00:00",,"748",,,,"1155","1660",,,,,"384","477"
"2017-10-04 00:00:00",,"1331",,,,"1711","2426",,,,,"543","677"
"2017-10-03 00:00:00",,"499",,,,"698","1074",,,,,"222","308"
"2017-10-02 00:00:00",,"1928",,,,"2100","2933",,,,,"565","917"
"2017-10-01 00:00:00",,"2286",,,,"1210","1399",,,,,"226","619"
"2017-09-30 00:00:00",,"1486",,,,"956","1244",,,,,"238","475"
"2017-09-29 00:00:00",,"1544",,,,"1796","2466",,,,,"546","795"
"2017-09-28 00:00:00",,"1862",,,,"2154","2884",,,,,"635","918"
"2017-09-27 00:00:00",,"1783",,,,"2023","2744",,,,,"607","707"
"2017-09-26 00:00:00",,"1424",,,,"1894","2489",,,,,"583","975"
"2017-09-25 00:00:00",,"1321",,,,"1566","2192",,,,,"573","878"
"2017-09-24 00:00:00",,"1137",,,,"577","809",,,,,"175","312"
"2017-09-23 00:00:00",,"144",,,,"127","228",,,,,"62","91"
"2017-09-22 00:00:00",,"475",,,,"629","1027",,,,,"212","394"
"2017-09-21 00:00:00",,"291",,,,"379","581",,,,,"147","232"
"2017-09-20 00:00:00",,"599",,,,"812","1141",,,,,"335","470"
"2017-09-19 00:00:00",,"1013",,,,"1468","1969",,,,,"527","793"
"2017-09-18 00:00:00",,"2044",,,,"2263","2842",,,,,"765","1145"
"2017-09-17 00:00:00",,"248",,,,"195","342",,,,,"85","136"
"2017-09-16 00:00:00",,"591",,,,"473","643",,,,,"200","268"
"2017-09-15 00:00:00",,"1577",,,,"2046","2601",,,,,"657","1033"
"2017-09-14 00:00:00",,"2405",,,,"2501","3376",,,,,"790","1323"
"2017-09-13 00:00:00",,"2125",,,,"2442","3270",,,,,"783","1287"
"2017-09-12 00:00:00",,"589",,,,"717","1053",,,,,"281","426"
"2017-09-11 00:00:00",,"2211",,,,"2519","3492",,,,,"876","1387"
"2017-09-10 00:00:00",,"3496",,,,"1689","2046",,,,,"394","775"
"2017-09-09 00:00:00",,"3351",,,,"1737","2101",,,,,"435","805"
"2017-09-08 00:00:00",,"2534",,,,"1821","3493",,,,,"755","1348"
"2017-09-07 00:00:00",,"1577",,,,"0","2929",,,,,"654","1138"
"2017-09-06 00:00:00",,"1444",,,,"0","2429",,,,,"574","953"
"2017-09-05 00:00:00",,"965",,,,"0","2069",,,,,"490","815"
"2017-09-04 00:00:00",,"1710",,,,"0","2788",,,,,"664","1096"
"2017-09-03 00:00:00",,"550",,,,"0","673",,,,,"122","198"
"2017-09-02 00:00:00",,"1079",,,,"0","1219",,,,,"295","235"
"2017-09-01 00:00:00",,"2614",,,,"0","3765",,,,,"834","1202"
"2017-08-31 00:00:00",,"3712",,,,"0","4588",,,,,"1083","1495"
"2017-08-30 00:00:00",,"3526",,,,"0","4678",,,,,"1018","1517"
"2017-08-29 00:00:00",,"3408",,,,"0","4558",,,,,"1050","1488"
"2017-08-28 00:00:00",,"2583",,,,"0","3924",,,,,"955","1276"
"2017-08-27 00:00:00",,"3156",,,,"0","2097",,,,,"367","843"
"2017-08-26 00:00:00",,"2345",,,,"0","1818",,,,,"367","632"
"2017-08-25 00:00:00",,"2742",,,,"0","3781",,,,,"861","1226"
"2017-08-24 00:00:00",,"3404",,,,"6142","4173",,,,,"935","1369"
"2017-08-23 00:00:00",,"2290",,,,"0","3527",,,,,"873","1109"
"2017-08-22 00:00:00",,"2545",,,,"0","3803",,,,,"849","1288"
"2017-08-21 00:00:00",,"2208",,,,"3111","3310",,,,,"801","1074"
"2017-08-20 00:00:00",,"134",,,,"0","253",,,,,"54","84"
"2017-08-19 00:00:00",,"1459",,,,"1044","1378",,,,,"223","515"
"2017-08-18 00:00:00",,"2903",,,,"2919","3819",,,,,"567","1303"
"2017-08-17 00:00:00",,"3047",,,,"3150","4208",,,,,"730","1388"
"2017-08-16 00:00:00",,"3021",,,,"3174","4049",,,,,"837","1354"
"2017-08-15 00:00:00",,"4705",,,,"2387","2733",,,,,"412","1235"
"2017-08-14 00:00:00",,"2648",,,,"1273","2868",,,,,"639","1072"
"2017-08-13 00:00:00",,"2577",,,,"0","1673",,,,,"313","644"
"2017-08-12 00:00:00",,"667",,,,"547","855",,,,,"131","323"
"2017-08-11 00:00:00",,"2380",,,,"2679","3558",,,,,"484","1178"
"2017-08-10 00:00:00",,"2659",,,,"3018","3900",,,,,"534","1275"
"2017-08-09 00:00:00",,"3287",,,,"3474","4297",,,,,"829","1431"
"2017-08-08 00:00:00",,"3095",,,,"3291","4220",,,,,"901","1385"
"2017-08-07 00:00:00",,"2034",,,,"2095","2876",,,,,"693","843"
"2017-08-06 00:00:00",,"1400",,,,"924","1360",,,,,"175","409"
"2017-08-05 00:00:00",,"2671",,,,"1611","1825",,,,,"297","768"
"2017-08-04 00:00:00",,"2414",,,,"2662","3514",,,,,"556","1147"
"2017-08-03 00:00:00",,"2563",,,,"2940","3810",,,,,"567","1197"
"2017-08-02 00:00:00",,"2860",,,,"3070","3883",,,,,"649","1242"
"2017-08-01 00:00:00",,"2920",,,,"3313","4135",,,,,"614","1318"
"2017-07-31 00:00:00",,"2856",,,,"3147","4004",,,,,"673","1306"
"2017-07-30 00:00:00",,"3356",,,,"1888","2049",,,,,"359","823"
"2017-07-29 00:00:00",,"3276",,,,"1802","2352",,,,,"500","912"
"2017-07-28 00:00:00",,"1960",,,,"2230","3076",,,,,"736","1039"
"2017-07-27 00:00:00",,"2973",,,,"3266","4154",,,,,"1047","1456"
"2017-07-26 00:00:00",,"3122",,,,"3228","4031",,,,,"1057","1465"
"2017-07-25 00:00:00",,"1834",,,,"2488","3178",,,,,"829","1041"
"2017-07-24 00:00:00",,"2706",,,,"3104","4031",,,,,"917","1318"
"2017-07-23 00:00:00",,"2327",,,,"1439","1768",,,,,"260","682"
"2017-07-22 00:00:00",,"3148",,,,"1827","2209",,,,,"405","885"
"2017-07-21 00:00:00",,"2074",,,,"2435","3026",,,,,"588","924"
"2017-07-20 00:00:00",,"3790",,,,"4182","4567",,,,,"915","1529"
"2017-07-19 00:00:00",,"3686",,,,"3738","4555",,,,,"904","1497"
"2017-07-18 00:00:00",,"3990",,,,"3908","4717",,,,,"1043","1556"
"2017-07-17 00:00:00",,"2489",,,,"2868","3801",,,,,"1037","1318"
"2017-07-16 00:00:00",,"4445",,,,"2119","2477",,,,,"492","1051"
"2017-07-15 00:00:00",,"1597",,,,"996","1332",,,,,"355","470"
"2017-07-14 00:00:00",,"2760",,,,"2850","3732",,,,,"1021","1246"
"2017-07-13 00:00:00",,"1442",,,,"1520","2162",,,,,"599","730"
"2017-07-12 00:00:00",,"3388",,,,"3589","4607",,,,,"1026","1455"
"2017-07-11 00:00:00",,"1759",,,,"2139","2968",,,,,"654","906"
"2017-07-10 00:00:00",,"2430",,,,"2771","3689",,,,,"951","1155"
"2017-07-09 00:00:00",,"4059",,,,"2194","2554",,,,,"571","1062"
"2017-07-08 00:00:00",,"1521",,,,"955","1393",,,,,"496","551"
"2017-07-07 00:00:00",,"1861",,,,"2347","3327",,,,,"921","1063"
"2017-07-06 00:00:00",,"3139",,,,"3113","4247",,,,,"1092","1337"
"2017-07-05 00:00:00",,"2375",,,,"2901","3910",,,,,"952","1320"
"2017-07-04 00:00:00",,"3016",,,,"3194","4267",,,,,"981","1410"
"2017-07-03 00:00:00",,"2664",,,,"3146","4117",,,,,"1122","1385"
"2017-07-02 00:00:00",,"1239",,,,"939","1268",,,,,"392","468"
"2017-07-01 00:00:00",,"1718",,,,"1238","1560",,,,,"526","627"
"2017-06-30 00:00:00",,"2272",,,,"3222","4130",,,,,"834","1307"
"2017-06-29 00:00:00",,"2092",,,,"2881","3989",,,,,"699","1239"
"2017-06-28 00:00:00",,"2130",,,,"3370","4325",,,,,"903","1398"
"2017-06-27 00:00:00",,"2941",,,,"3738","4737",,,,,"943","1509"
"2017-06-26 00:00:00",,"2088",,,,"3346","4422",,,,,"881","1469"
"2017-06-25 00:00:00",,"3500",,,,"2175","2691",,,,,"537","1013"
"2017-06-24 00:00:00",,"3032",,,,"1858","2827",,,,,"544","984"
"2017-06-23 00:00:00",,"1283",,,,"1838","2746",,,,,"699","790"
"2017-06-22 00:00:00",,"3179",,,,"3619","4956",,,,,"1003","1593"
"2017-06-21 00:00:00",,"3146",,,,"3835","5047",,,,,"991","1605"
"2017-06-20 00:00:00",,"3559",,,,"3749","4995",,,,,"1005","1572"
"2017-06-19 00:00:00",,"2835",,,,"3338","4546",,,,,"1131","1529"
"2017-06-18 00:00:00",,"2936",,,,"1607","2024",,,,,"447","860"
"2017-06-17 00:00:00",,"454",,,,"449","661",,,,,"181","221"
"2017-06-16 00:00:00",,"948",,,,"1089","1484",,,,,"463","628"
"2017-06-15 00:00:00",,"4658",,,,"2363","2662",,,,,"606","1311"
"2017-06-14 00:00:00",,"1931",,,,"2610","3686",,,,,"913","1166"
"2017-06-13 00:00:00",,"2179",,,,"3091","4329",,,,,"1158","1370"
"2017-06-12 00:00:00",,"1963",,,,"2450","3391",,,,,"987","1287"
"2017-06-11 00:00:00",,"4043",,,,"2305","2690",,,,,"522","1096"
"2017-06-10 00:00:00",,"1084",,,,"913","1301",,,,,"379","492"
"2017-06-09 00:00:00",,"3109",,,,"3370","4310",,,,,"1026","1431"
"2017-06-08 00:00:00",,"3125",,,,"3460","4522",,,,,"1024","1553"
"2017-06-07 00:00:00",,"2728",,,,"3087","4213",,,,,"1099","1245"
"2017-06-06 00:00:00",,"2579",,,,"3098","4227",,,,,"1052","1322"
"2017-06-05 00:00:00",,"2552",,,,"2835","3894",,,,,"992","1131"
"2017-06-04 00:00:00",,"2961",,,,"1513","1905",,,,,"338","799"
"2017-06-03 00:00:00",,"4020",,,,"2255","2802",,,,,"593","1115"
"2017-06-02 00:00:00",,"3494",,,,"3263","4399",,,,,"1041","1333"
"2017-06-01 00:00:00",,"3623",,,,"3415","4631",,,,,"1115","1460"
"2017-05-31 00:00:00",,"2764",,,,"2829","3651",,,,,"973","1178"
"2017-05-30 00:00:00",,"2280",,,,"2665","3709",,,,,"1026","1152"
"2017-05-29 00:00:00",,"3602",,,,"3376","4430",,,,,"1121","1510"
"2017-05-28 00:00:00",,"5172",,,,"2446","2775",,,,,"555","1279"
"2017-05-27 00:00:00",,"3156",,,,"1767","2143",,,,,"474","928"
"2017-05-26 00:00:00",,"2069",,,,"2139","3025",,,,,"741","919"
"2017-05-25 00:00:00",,"1283",,,,"1334","2029",,,,,"480","552"
"2017-05-24 00:00:00",,"938",,,,"1284","1848",,,,,"467","588"
"2017-05-23 00:00:00",,"1984",,,,"2292","3137",,,,,"810","1055"
"2017-05-22 00:00:00",,"3073",,,,"2991","3997",,,,,"998","1273"
"2017-05-21 00:00:00",,"1553",,,,"913","1302",,,,,"274","462"
"2017-05-20 00:00:00",,"2413",,,,"1493","1919",,,,,"417","742"
"2017-05-19 00:00:00",,"3477",,,,"3218","4003",,,,,"914","1368"
"2017-05-18 00:00:00",,"3615",,,,"3181","4402",,,,,"1019","1348"
"2017-05-17 00:00:00",,"3468",,,,"3125","4157",,,,,"909","1264"
"2017-05-16 00:00:00",,"1794",,,,"1732","2673",,,,,"605","772"
"2017-05-15 00:00:00",,"2272",,,,"2275","3234",,,,,"698","1024"
"2017-05-14 00:00:00",,"4706",,,,"1952","2341",,,,,"440","1063"
"2017-05-13 00:00:00",,"594",,,,"460","738",,,,,"149","186"
"2017-05-12 00:00:00",,"966",,,,"904","1367",,,,,"313","458"
"2017-05-11 00:00:00",,"2838",,,,"2106","3031",,,,,"624","994"
"2017-05-10 00:00:00",,"1203",,,,"1268","1920",,,,,"421","563"
"2017-05-09 00:00:00",,"1074",,,,"1190","1785",,,,,"409","539"
"2017-05-08 00:00:00",,"978",,,,"985","1593",,,,,"351","452"
"2017-05-07 00:00:00",,"1900",,,,"693","1026",,,,,"228","416"
"2017-05-06 00:00:00",,"1131",,,,"657","1058",,,,,"211","418"
"2017-05-05 00:00:00",,"1719",,,,"1312","1812",,,,,"411","681"
"2017-05-04 00:00:00",,"760",,,,"775","1163",,,,,"295","382"
"2017-05-03 00:00:00",,"1494",,,,"622","957",,,,,"144","419"
"2017-05-02 00:00:00",,"691",,,,"533","758",,,,,"175","312"
"2017-05-01 00:00:00",,"1932",,,,"941","1135",,,,,"198","552"
"2017-04-30 00:00:00",,"784",,,,"503","677",,,,,"104","305"
"2017-04-29 00:00:00",,"686",,,,"430","625",,,,,"121","250"
"2017-04-28 00:00:00",,"234",,,,"300","510",,,,,"132","145"
"2017-04-27 00:00:00",,"258",,,,"340","527",,,,,"131","150"
"2017-04-26 00:00:00",,"440",,,,"614","954",,,,,"220","249"
"2017-04-25 00:00:00",,"1391",,,,"1446","2200",,,,,"471","655"
"2017-04-24 00:00:00",,"1092",,,,"1192","1769",,,,,"362","475"
"2017-04-23 00:00:00",,"492",,,,"291","577",,,,,"134","164"
"2017-04-22 00:00:00",,"584",,,,"387","584",,,,,"117","174"
"2017-04-21 00:00:00",,"764",,,,"822","1295",,,,,"326","348"
"2017-04-20 00:00:00",,"478",,,,"610","1030",,,,,"266","245"
"2017-04-19 00:00:00",,"272",,,,"387","611",,,,,"135","161"
"2017-04-18 00:00:00",,"165",,,,"223","360",,,,,"87","109"
"2017-04-17 00:00:00",,"412",,,,"173","302",,,,,"53","134"
"2017-04-16 00:00:00",,"333",,,,"147","226",,,,,"46","79"
"2017-04-15 00:00:00",,"579",,,,"266","436",,,,,"78","181"
"2017-04-14 00:00:00",,"705",,,,"674","1076",,,,,"236","353"
"2017-04-13 00:00:00",,"548",,,,"662","1083",,,,,"238","322"
"2017-04-12 00:00:00",,"1077",,,,"1263","1966",,,,,"390","528"
"2017-04-11 00:00:00",,"739",,,,"832","1432",,,,,"315","411"
"2017-04-10 00:00:00",,"2830",,,,"2195","3119",,,,,"628","1089"
"2017-04-09 00:00:00",,"2812",,,,"1142","1557",,,,,"265","618"
"2017-04-08 00:00:00",,"1058",,,,"562","956",,,,,"181","319"
"2017-04-07 00:00:00",,"360",,,,"497","730",,,,,"198","206"
"2017-04-06 00:00:00",,"521",,,,"688","1093",,,,,"279","285"
"2017-04-05 00:00:00",,"1313",,,,"1337","2002",,,,,"447","618"
"2017-04-04 00:00:00",,"2013",,,,"1871","2791",,,,,"562","826"
"2017-04-03 00:00:00",,"1542",,,,"1644","2511",,,,,"510","748"
"2017-04-02 00:00:00",,"4262",,,,"1620","2177",,,,,"357","930"
"2017-04-01 00:00:00",,"3701",,,,"1563","2027",,,,,"335","789"
"2017-03-31 00:00:00",,"2220",,,,"1666","2498",,,,,"496","752"
"2017-03-30 00:00:00",,"1122",,,,"1140","1753",,,,,"399","495"
"2017-03-29 00:00:00",,"1382",,,,"1481","2168",,,,,"435","647"
"2017-03-28 00:00:00",,"2183",,,,"1781","2382",,,,,"482","711"
"2017-03-27 00:00:00",,"1364",,,,"1207","1778",,,,,"361","575"
"2017-03-26 00:00:00",,"750",,,,"331","593",,,,,"115","195"
"2017-03-25 00:00:00",,"1066",,,,"555","821",,,,,"164","319"
"2017-03-24 00:00:00",,"607",,,,"807","1160",,,,,"268","300"
"2017-03-23 00:00:00",,"507",,,,"682","1041",,,,,"210","245"
"2017-03-22 00:00:00",,"245",,,,"302","502",,,,,"124","106"
"2017-03-21 00:00:00",,"1360",,,,"1224","1883",,,,,"388","558"
"2017-03-20 00:00:00",,"600",,,,"678","1112",,,,,"235","258"
"2017-03-19 00:00:00",,"602",,,,"340","548",,,,,"98","161"
"2017-03-18 00:00:00",,"129",,,,"148","233",,,,,"52","87"
"2017-03-17 00:00:00",,"958",,,,"886","1390",,,,,"316","428"
"2017-03-16 00:00:00",,"690",,,,"851","1293",,,,,"282","384"
"2017-03-15 00:00:00",,"676",,,,"803","1220",,,,,"286","311"
"2017-03-14 00:00:00",,"688",,,,"789","1324",,,,,"320","368"
"2017-03-13 00:00:00",,"539",,,,"705","1056",,,,,"278","286"
"2017-03-12 00:00:00",,"275",,,,"178","346",,,,,"54","85"
"2017-03-11 00:00:00",,"711",,,,"410","668",,,,,"99","244"
"2017-03-10 00:00:00",,"513",,,,"611","961",,,,,"312","254"
"2017-03-09 00:00:00",,"383",,,,"556","897",,,,,"230","217"
"2017-03-08 00:00:00",,"577",,,,"726","1139",,,,,"209","277"
"2017-03-07 00:00:00",,"681",,,,"760","1160",,,,,"220","311"
"2017-03-06 00:00:00",,"364",,,,"456","786",,,,,"161","189"
"2017-03-05 00:00:00",,"1930",,,,"726","1046",,,,,"153","374"
"2017-03-04 00:00:00",,"1611",,,,"660","1013",,,,,"184","380"
"2017-03-03 00:00:00",,"679",,,,"690","1129",,,,,"195","322"
"2017-03-02 00:00:00",,"633",,,,"702","1083",,,,,"264","296"
"2017-03-01 00:00:00",,"458",,,,"552","947",,,,,"185","220"
"2017-02-28 00:00:00",,"777",,,,"825","1224",,,,,"299","384"
"2017-02-27 00:00:00",,"974",,,,"802","1199",,,,,"248","328"
"2017-02-26 00:00:00",,"301",,,,"179","290",,,,,"78","101"
"2017-02-25 00:00:00",,"252",,,,"171","278",,,,,"63","90"
"2017-02-24 00:00:00",,"238",,,,"384","547",,,,,"130","146"
"2017-02-23 00:00:00",,"218",,,,"360","512",,,,,"133","150"
"2017-02-22 00:00:00",,"254",,,,"400","571",,,,,"139","154"
"2017-02-21 00:00:00",,"200",,,,"287","449",,,,,"112","123"
"2017-02-20 00:00:00",,"452",,,,"541","692",,,,,"184","217"
"2017-02-19 00:00:00",,"146",,,,"121","189",,,,,"54","88"
"2017-02-18 00:00:00",,"97",,,,"94","175",,,,,"46","42"
"2017-02-17 00:00:00",,"207",,,,"315","411",,,,,"153","106"
"2017-02-16 00:00:00",,"373",,,,"367","569",,,,,"179","166"
"2017-02-15 00:00:00",,"283",,,,"371","526",,,,,"167","170"
"2017-02-14 00:00:00",,"225",,,,"318","449",,,,,"131","141"
"2017-02-13 00:00:00",,"167",,,,"274","368",,,,,"136","129"
"2017-02-12 00:00:00",,"114",,,,"109","157",,,,,"27","50"
"2017-02-11 00:00:00",,"117",,,,"98","169",,,,,"43","40"
"2017-02-10 00:00:00",,"158",,,,"274","405",,,,,"119","111"
"2017-02-09 00:00:00",,"135",,,,"250","383",,,,,"147","106"
"2017-02-08 00:00:00",,"153",,,,"283","406",,,,,"125","115"
"2017-02-07 00:00:00",,"155",,,,"262","406",,,,,"132","115"
"2017-02-06 00:00:00",,"169",,,,"310","423",,,,,"110","113"
"2017-02-05 00:00:00",,"48",,,,"46","112",,,,,"22","24"
"2017-02-04 00:00:00",,"54",,,,"74","156",,,,,"37","51"
"2017-02-03 00:00:00",,"113",,,,"252","374",,,,,"109","86"
"2017-02-02 00:00:00",,"121",,,,"235","353",,,,,"100","117"
"2017-02-01 00:00:00",,"161",,,,"288","395",,,,,"94","100"
"2017-01-31 00:00:00",,"157",,,,"274","373",,,,,"103","116"
"2017-01-30 00:00:00",,"146",,,,"254","331",,,,,"127","91"
"2017-01-29 00:00:00",,"55",,,,"70","125",,,,,"49","33"
"2017-01-28 00:00:00",,"76",,,,"76","173",,,,,"26","52"
"2017-01-27 00:00:00",,"181",,,,"319","447",,,,,"161","111"
"2017-01-26 00:00:00",,"161",,,,"291","479",,,,,"122","111"
"2017-01-25 00:00:00",,"174",,,,"342","501",,,,,"102","139"
"2017-01-24 00:00:00",,"159",,,,"309","449",,,,,"128","124"
"2017-01-23 00:00:00",,"172",,,,"317","484",,,,,"104","135"
"2017-01-22 00:00:00",,"99",,,,"97","148",,,,,"23","51"
"2017-01-21 00:00:00",,"57",,,,"94","192",,,,,"48","42"
"2017-01-20 00:00:00",,"127",,,,"279","407",,,,,"96","82"
"2017-01-19 00:00:00",,"112",,,,"255","435",,,,,"124","130"
"2017-01-18 00:00:00",,"129",,,,"270","445",,,,,"123","89"
"2017-01-17 00:00:00",,"118",,,,"309","519",,,,,"120","133"
"2017-01-16 00:00:00",,"96",,,,"288","514",,,,,"107","117"
"2017-01-15 00:00:00",,"34",,,,"28","125",,,,,"13","26"
"2017-01-14 00:00:00",,"29",,,,"98","191",,,,,"27","46"
"2017-01-13 00:00:00",,"36",,,,"317","479",,,,,"157","115"
"2017-01-12 00:00:00",,"24",,,,"245","394",,,,,"89","99"
"2017-01-11 00:00:00",,"6",,,,"234","366",,,,,"66","74"
"2017-01-10 00:00:00",,"10",,,,"224","387",,,,,"38","95"
"2017-01-09 00:00:00",,"4",,,,"198","326",,,,,"31","92"
"2017-01-08 00:00:00",,"0",,,,"41","86",,,,,"1","18"
"2017-01-07 00:00:00",,"0",,,,"27","55",,,,,"12","24"
"2017-01-06 00:00:00",,"0",,,,"50","60",,,,,"24","14"
"2017-01-05 00:00:00",,"1",,,,"230","369",,,,,"43","103"
"2017-01-04 00:00:00",,"0",,,,"246","411",,,,,"73","96"
"2017-01-03 00:00:00",,"136",,,,"262","414",,,,,"74","92"
"2017-01-02 00:00:00",,"262",,,,"315","495",,,,,"149","136"
"2017-01-01 00:00:00",,"201",,,,"80","172",,,,,"74","50"
"2016-12-31 00:00:00",,"134",,,,"119","210",,,,,"65","76"
"2016-12-30 00:00:00",,"262",,,,"284","495",,,,,"143","134"
"2016-12-29 00:00:00",,"284",,,,"303","552",,,,,"172","141"
"2016-12-28 00:00:00",,"258",,,,"316","525",,,,,"142","116"
"2016-12-27 00:00:00",,"130",,,,"165","317",,,,,"125","81"
"2016-12-26 00:00:00",,"82",,,,"47","93",,,,,"37","28"
"2016-12-25 00:00:00",,"39",,,,"15","43",,,,,"8","14"
"2016-12-24 00:00:00",,"51",,,,"50","95",,,,,"44","40"
"2016-12-23 00:00:00",,"199",,,,"302","456",,,,,"146","125"
"2016-12-22 00:00:00",,"283",,,,"417","702",,,,,"251","178"
"2016-12-21 00:00:00",,"303",,,,"493","759",,,,,"260","209"
"2016-12-20 00:00:00",,"372",,,,"501","788",,,,,"231","227"
"2016-12-19 00:00:00",,"319",,,,"396","738",,,,,"233","181"
"2016-12-18 00:00:00",,"104",,,,"96","193",,,,,"71","51"
"2016-12-17 00:00:00",,"206",,,,"153","338",,,,,"88","106"
"2016-12-16 00:00:00",,"345",,,,"429","755",,,,,"182","190"
"2016-12-15 00:00:00",,"278",,,,"403","705",,,,,"208","184"
"2016-12-14 00:00:00",,"286",,,,"413","697",,,,,"186","169"
"2016-12-13 00:00:00",,"336",,,,"439","788",,,,,"204","184"
"2016-12-12 00:00:00",,"249",,,,"361","612",,,,,"127","162"
"2016-12-11 00:00:00",,"178",,,,"113","231",,,,,"36","69"
"2016-12-10 00:00:00",,"256",,,,"199","385",,,,,"94","134"
"2016-12-09 00:00:00",,"400",,,,"498","812",,,,,"291","227"
"2016-12-08 00:00:00",,"436",,,,"530","839",,,,,"304","206"
"2016-12-07 00:00:00",,"405",,,,"513","803",,,,,"237","204"
"2016-12-06 00:00:00",,"361",,,,"482","757",,,,,"235","215"
"2016-12-05 00:00:00",,"382",,,,"475","734",,,,,"272","185"
"2016-12-04 00:00:00",,"251",,,,"183","291",,,,,"93","78"
"2016-12-03 00:00:00",,"185",,,,"165","298",,,,,"72","55"
"2016-12-02 00:00:00",,"278",,,,"375","553",,,,,"185","138"
"2016-12-01 00:00:00",,"233",,,,"311","494",,,,,"172","122"
"2016-11-30 00:00:00",,"370",,,,"467","821",,,,,"252","199"
"2016-11-29 00:00:00",,"336",,,,"497","801",,,,,"219","194"
"2016-11-28 00:00:00",,"357",,,,"493","804",,,,,"155","204"
"2016-11-27 00:00:00",,"127",,,,"102","246",,,,,"117","58"
"2016-11-26 00:00:00",,"259",,,,"265","385",,,,,"107","109"
"2016-11-25 00:00:00",,"454",,,,"551","906",,,,,"158","222"
"2016-11-24 00:00:00",,"701",,,,"787","1270",,,,,"255","358"
"2016-11-23 00:00:00",,"972",,,,"996","1555",,,,,"319","440"
"2016-11-22 00:00:00",,"1132",,,,"1039","1626",,,,,"386","502"
"2016-11-21 00:00:00",,"1002",,,,"953","1501",,,,,"382","479"
"2016-11-20 00:00:00",,"539",,,,"285","549",,,,,"212","182"
"2016-11-19 00:00:00",,"328",,,,"232","438",,,,,"206","151"
"2016-11-18 00:00:00",,"421",,,,"560","907",,,,,"212","329"