"Data","temp_max","temp_min","temp_avg","deszcz","snieg"
2016-01-01,-2.6,-12.6,-8.9,0,0.1
2016-01-02,-8,-12.7,-10.6,0,0.1
2016-01-03,-9.9,-15,-13.2,0,0
2016-01-04,-8,-16.4,-11.9,0,0.1
2016-01-05,-5.9,-8.6,-7.4,0,0.7
2016-01-06,-1.3,-6.5,-3.3,0,0
2016-01-07,-1.7,-3.2,-2.6,0,0
2016-01-08,3.5,-3.6,-1.7,0,0.8
2016-01-09,3.5,-8.3,-2.8,0.1,0
2016-01-10,1.7,-2.8,0.2,2.7,0
2016-01-11,3.1,-1.2,0.6,2.5,0
2016-01-12,6.1,1.7,3.7,4.4,0
2016-01-13,4.8,1,2.9,0,1.6
2016-01-14,2.8,-0.7,0.5,0,0.4
2016-01-15,2.5,-2.5,-0.1,0,0.6
2016-01-16,1.2,-4.6,-1.7,0,0
2016-01-17,-3.5,-6.3,-4.7,0,0.1
2016-01-18,-2.6,-7.7,-4.5,0,0.1
2016-01-19,-3.4,-8.2,-5.8,0,0
2016-01-20,-2.6,-14,-8,0,0.2
2016-01-21,-3,-7.8,-4.6,0,0.3
2016-01-22,-3.5,-10.1,-6.7,0,0
2016-01-23,-2.9,-17.6,-9.9,0,1.6
2016-01-24,1.4,-6,-0.7,0,0
2016-01-25,3,-2.1,1.5,0.2,0
2016-01-26,7.1,2.1,4.2,0,0
2016-01-27,10.2,0.7,5.4,0,0
2016-01-28,13,4.4,7.1,0.3,0
2016-01-29,7.1,-2.3,1.8,0,0
2016-01-30,13.4,-1.4,6.6,1.5,0
2016-01-31,9.3,1.6,3.9,0,1
2016-02-01,5,1,3.4,1.7,0
2016-02-02,11.8,3.5,10,2,0
2016-02-03,10.4,3.6,6.1,0,0
2016-02-04,4.5,0.5,2.1,0,1.6
2016-02-05,2.6,-1.1,0.7,0,0.5
2016-02-06,8.4,-1.9,2.1,0,0
2016-02-07,12.1,-1.6,5,0,0
2016-02-08,11.5,1.8,7.8,0.3,0
2016-02-09,12.8,5.7,10.2,0,0
2016-02-10,12.7,0.5,6,0,15.4
2016-02-11,4.5,0.3,1.8,0,1.6
2016-02-12,5.6,-1.8,1.6,0.6,0
2016-02-13,5.1,0.7,2.9,0.3,0
2016-02-14,11.4,0.7,4.9,9.1,0
2016-02-15,8.1,4.3,6,2.4,0
2016-02-16,6.2,2.7,3.5,0,0
2016-02-17,4.5,-1.5,2.3,0,0
2016-02-18,10.2,3.1,6.2,7.8,0
2016-02-19,8.1,0.2,3,0,12.7
2016-02-20,4.5,-0.4,1.3,0.9,0
2016-02-21,9.1,0.1,5.2,3,0
2016-02-22,14.9,5.7,12.2,0,0
2016-02-23,13.4,0.6,4.8,0,9.2
2016-02-24,4.7,0.1,1.2,0,0.2
2016-02-25,2.9,-4.4,-0.7,0,0.8
2016-02-26,4,-0.4,0.4,0,0
2016-02-27,4.3,-5.6,-0.2,0,1.5
2016-02-28,5.3,0.2,2.6,0.3,0
2016-02-29,4.7,3,3.8,13.6,0
2016-03-01,4.6,0.3,2.1,0,5.7
2016-03-02,7,-0.8,2.6,0.1,0
2016-03-03,7.1,2.5,4.6,0,0
2016-03-04,6.1,3.2,4.4,0,0
2016-03-05,10.5,0,4.4,0,0
2016-03-06,11.5,2,6.4,0,0
2016-03-07,7.1,-0.8,3.9,0.7,0
2016-03-08,8,3.7,5.6,0,0
2016-03-09,7.7,2.5,5,0,0
2016-03-10,5.5,4.1,4.6,0.8,0
2016-03-11,7.3,4.2,5.5,1.2,0
2016-03-12,6.7,4.6,4.9,0.7,0
2016-03-13,5,2,3.6,0.1,0
2016-03-14,6.9,-1.6,3.3,0,2.8
2016-03-15,5.2,0.2,1.1,0,0.7
2016-03-16,7,-1.3,2,0,0
2016-03-17,10.4,-3.9,2.7,0,0
2016-03-18,11.7,-1.6,4.8,0,1.1
2016-03-19,5.2,-0.6,1.9,0,0
2016-03-20,5.8,-1.1,2.8,0,0
2016-03-21,7.4,3.2,4.8,1,0
2016-03-22,7.3,3.1,4.8,0,1.5
2016-03-23,5.9,1.5,3.6,0.1,0
2016-03-24,7.7,-2.4,2.4,0,0
2016-03-25,8.6,-1.2,4.4,0.1,0
2016-03-26,7.9,3.1,5.8,0.4,0
2016-03-27,11,3.7,6.2,0,0
2016-03-28,14.5,-1.3,6.8,0,0
2016-03-29,15.3,3.2,8.8,0,0
2016-03-30,16.3,1.4,9.2,0.9,0
2016-03-31,17.1,6.7,11.3,0,0
2016-04-01,12.3,4.3,5.6,0,0
2016-04-02,11.9,-2.2,5.2,0,0
2016-04-03,18.6,-0.5,9.3,0,0
2016-04-04,23.3,4,13.8,0,0
2016-04-05,26,7,16.8,0,0
2016-04-06,19.3,8.8,12.9,0,0
2016-04-07,20.2,4.2,11.9,5,0
2016-04-08,12.8,8.9,9.8,4,0
2016-04-09,8.9,7,7.6,4.8,0
2016-04-10,7.9,6.3,7.1,1,0
2016-04-11,9.8,6.7,8.3,0,0
2016-04-12,13.4,8.5,10.5,0,0
2016-04-13,19.7,5.5,12.8,0,0
2016-04-14,14.5,6.9,9.8,5.1,0
2016-04-15,15.4,7.7,10.7,0.2,0
2016-04-16,20.3,6.9,12.7,5.7,0
2016-04-17,22.5,5.1,14.5,10.1,0
2016-04-18,16.4,7.6,8.4,0.2,0
2016-04-19,12.6,3.2,8.1,0,0
2016-04-20,11.9,4.7,7.7,0,0
2016-04-21,15,0.8,8.1,0,0
2016-04-22,15.2,1.3,9.2,0,0
2016-04-23,14.9,2.3,9.1,1.2,0
2016-04-24,11.4,4.1,5.7,0.7,0
2016-04-25,7.6,2.4,4.6,0,0
2016-04-26,12.9,-2.2,6,0.3,0
2016-04-27,10.8,3.9,5,12.9,0
2016-04-28,12,-0.4,6.7,0.2,0
2016-04-29,13.4,1.2,8.1,0,0
2016-04-30,14.5,4.2,9.6,0,0
2016-05-01,15.9,4.8,10.5,0,0
2016-05-02,16.1,8.8,12.2,0,0
2016-05-03,18.6,9.3,13.6,0,0
2016-05-04,19.3,7.7,12.3,0.1,0
2016-05-05,16.6,8.7,12.3,10.9,0
2016-05-06,20.4,5.4,13.2,0,0
2016-05-07,17.8,5.7,12.8,0,0
2016-05-08,16.6,9.8,12.4,1,0
2016-05-09,17.6,6.7,11.6,1.4,0
2016-05-10,20.9,6.2,13.7,0,0
2016-05-11,21.8,7.9,14.9,0,0
2016-05-12,22.2,8.7,16.3,0,0
2016-05-13,18.6,11.5,14.4,11.8,0
2016-05-14,16.5,12.4,13.6,3.8,0
2016-05-15,13.6,6.9,9.1,0,0
2016-05-16,12.5,2.9,7.8,0.2,0
2016-05-17,11.7,2.3,7.4,4.7,0
2016-05-18,11.4,6.1,8.3,2.8,0
2016-05-19,18.1,5.5,11.6,0,0
2016-05-20,20.2,4.7,13.3,0,0
2016-05-21,22.9,6.4,15.6,0,0
2016-05-22,25.3,8.4,17.9,0,0
2016-05-23,27.4,9.9,19.7,0,0
2016-05-24,25.9,13.4,19.6,0,0
2016-05-25,24.1,9.4,15.9,3.4,0
2016-05-26,19.4,13.2,15.4,0,0
2016-05-27,24.7,8,17.4,0,0
2016-05-28,26.9,13.6,20.3,0,0
2016-05-29,27.7,13.5,18.9,5,0
2016-05-30,26.2,13.9,20.3,0,0
2016-05-31,24.3,13.7,18.8,0,0
2016-06-01,26.4,12.4,18.1,0,0
2016-06-02,17.5,10.6,14.4,7,0
2016-06-03,19.8,14.1,16.1,0,0
2016-06-04,23.4,10.4,17.5,0,0
2016-06-05,25.4,10.3,18.1,12.8,0
2016-06-06,21.3,11.4,15.7,0,0
2016-06-07,19.4,6.9,14.1,0,0
2016-06-08,23.2,6.2,16,0,0
2016-06-09,21.4,9.3,16.2,0.7,0
2016-06-10,22.6,8.8,16,5.3,0
2016-06-11,18.2,9.1,14.6,0,0
2016-06-12,21.8,10.9,16.3,0,0
2016-06-13,22.5,10.6,17.2,0,0
2016-06-14,22.4,12.1,17.4,1,0
2016-06-15,25.1,10.8,17.3,2.7,0
2016-06-16,25.6,12,19.8,1,0
2016-06-17,29.9,17,21.5,0,0
2016-06-18,24.9,10.1,18.7,0,0
2016-06-19,26.9,10.7,19.6,17.1,0
2016-06-20,21.8,15.8,18,0.2,0
2016-06-21,25.8,15.1,20.9,0,0
2016-06-22,27.4,14.5,21.4,0,0
2016-06-23,29.5,17.2,23.6,0,0
2016-06-24,32.7,19.4,26.5,0,0
2016-06-25,33.6,18.7,25.5,0,0
2016-06-26,29.4,17.8,21.2,8.1,0
2016-06-27,20.8,16.3,17.8,1.3,0
2016-06-28,22.7,14.8,17.7,0,0
2016-06-29,27.6,11.6,20.4,0,0
2016-06-30,30.3,14.4,23.2,0.1,0
2016-07-01,28.2,16.9,21.6,0,0
2016-07-02,32.2,15.5,24.2,24.2,0
2016-07-03,28.7,14.9,17.1,2.4,0
2016-07-04,22.4,11.7,17.2,0,0
2016-07-05,25.3,10.9,19,3.1,0
2016-07-06,23.4,14.1,17.4,1,0
2016-07-07,21.2,10.9,16.1,0,0
2016-07-08,24.6,9.9,18,0.6,0
2016-07-09,23.9,14.8,18.5,0,0
2016-07-10,26,11.8,19.5,0,0
2016-07-11,32.3,13.2,24.4,0,0
2016-07-12,29.3,19.1,22,19.9,0
2016-07-13,24.8,18.4,20.3,6.3,0
2016-07-14,22.2,14.4,18,0.7,0
2016-07-15,19.1,11,15.3,0,0
2016-07-16,16.9,13.7,14.8,9.1,0
2016-07-17,17.2,14.2,15.6,3.8,0
2016-07-18,18.7,14.1,16.4,1.2,0
2016-07-19,19.7,14.4,16.6,0.1,0
2016-07-20,23.2,12.7,17.7,0,0
2016-07-21,25.8,9.9,18.8,0,0
2016-07-22,27,12.8,20.7,0,0
2016-07-23,27.2,11.6,20.3,0,0
2016-07-24,28.4,14.7,22.2,1.3,0
2016-07-25,28.1,16.4,20.9,0.2,0
2016-07-26,29,17.8,21.7,59.9,0
2016-07-27,29.1,16.8,22.2,0,0
2016-07-28,23.3,18,20.6,12.3,0
2016-07-29,26,17.9,20.6,4.5,0
2016-07-30,27.1,14.8,21.5,0,0
2016-07-31,30.1,16.1,21.1,65.3,0
2016-08-01,22.3,17,18.8,0,0
2016-08-02,23.5,11.2,18,0,0
2016-08-03,24.1,15.8,19.5,0,0
2016-08-04,29.3,16.8,22.7,0,0
2016-08-05,30.3,16.8,23,0,0
2016-08-06,22.1,15.9,16.3,2.8,0
2016-08-07,22.8,11.6,17.3,0,0
2016-08-08,27.3,10.1,19.4,0,0
2016-08-09,27.2,13.5,20,6.4,0
2016-08-10,19.1,11.4,12.5,20.3,0
2016-08-11,17,11.1,12.6,0.4,0
2016-08-12,19.6,5.9,13.7,0,0
2016-08-13,21.1,10.2,16.2,0,0
2016-08-14,25,12,19.1,0.1,0
2016-08-15,22.3,14.3,17.7,0,0
2016-08-16,20.1,12.8,16.1,0,0
2016-08-17,19.7,12.4,14.9,0.1,0
2016-08-18,23.7,8.4,15.9,0,0
2016-08-19,26.3,9.6,18.4,0,0
2016-08-20,28.1,12,20.4,0,0
2016-08-21,25.3,14.2,18.3,12.6,0
2016-08-22,18.5,14.3,16.4,0.4,0
2016-08-23,23.9,10.5,18,0,0
2016-08-24,23.6,15.9,19.1,0,0
2016-08-25,24.2,12.1,17.7,0,0
2016-08-26,26.8,10.9,19.1,0,0
2016-08-27,28.9,12.1,20.4,0,0
2016-08-28,29.1,13.5,21.2,0,0
2016-08-29,27.3,14.2,20.2,4.6,0
2016-08-30,21.9,15.4,17.8,0,0
2016-08-31,22,8.1,15.1,0,0
2016-09-01,25.2,8.6,16.9,0,0
2016-09-02,25.4,11.6,18.2,0,0
2016-09-03,25.3,11.1,18.3,0,0
2016-09-04,27.5,11.8,19.9,4.5,0
2016-09-05,21.8,15.3,16.5,6.5,0
2016-09-06,19.1,14.2,16.1,0,0
2016-09-07,23.8,14.4,18.9,0,0
2016-09-08,26.9,13.7,19.3,0,0
2016-09-09,28.1,12.2,20,0,0
2016-09-10,27.4,13.3,19.8,0,0
2016-09-11,28.4,12.5,19.9,0,0
2016-09-12,27.8,12.9,19.8,0,0
2016-09-13,27.5,12.3,19.5,0,0
2016-09-14,23.6,12.8,17.4,0,0
2016-09-15,23.8,7.7,16.2,0,0
2016-09-16,26.4,10.6,18.7,0,0
2016-09-17,20.7,13.8,16.8,6.4,0
2016-09-18,17.7,11.9,13.7,0,0
2016-09-19,12.4,10.8,11.7,0.2,0
2016-09-20,14.7,8.6,11.2,1,0
2016-09-21,14.2,6,9.8,0.3,0
2016-09-22,15.4,3.6,9.5,0,0
2016-09-23,18.1,4.4,10.9,0,0
2016-09-24,18,5.1,11,0,0
2016-09-25,17.5,5.6,10.2,0,0
2016-09-26,15.7,3.9,9.6,0,0
2016-09-27,16.5,4.8,9.2,0,0
2016-09-28,20,2.9,12.1,0,0
2016-09-29,23.1,14.1,17.6,0,0
2016-09-30,24.5,9.8,16.8,0,0
2016-10-01,23.8,9,15.7,0,0
2016-10-02,21.8,7,14.8,27.8,0
2016-10-03,16.1,10.8,12.1,20.6,0
2016-10-04,13,9.2,10,4.8,0
2016-10-05,9.5,4,4.9,14.9,0
2016-10-06,8.8,3.1,5.2,0,0
2016-10-07,11.5,0.2,5.4,0,0
2016-10-08,7.8,3.3,6,0.3,0
2016-10-09,10.5,0.7,6.3,0,0
2016-10-10,9.9,6.6,7.7,0.3,0
2016-10-11,8.5,5.6,6.7,4.9,0
2016-10-12,7.7,6.2,6.9,5.9,0
2016-10-13,7.7,4.9,5.4,0,0
2016-10-14,11.1,0.4,5.6,0,0
2016-10-15,14.4,6.4,9.1,1.9,0
2016-10-16,7.3,4.8,5.6,3.5,0
2016-10-17,10.6,4.4,7,0,0
2016-10-18,13.6,6.8,9.7,0.7,0
2016-10-19,11.9,8,9.4,0.5,0
2016-10-20,9.2,7.6,8.3,14.2,0
2016-10-21,8.5,6.8,7.4,11.5,0
2016-10-22,10.2,3.4,6.7,0,0
2016-10-23,12.7,0.6,6.6,0,0
2016-10-24,16.5,3.9,9.5,0,0
2016-10-25,16,7,11.7,1.1,0
2016-10-26,12.7,4.8,7.7,0,0
2016-10-27,8.8,3.7,5.2,0,0
2016-10-28,11.8,-2.6,5,0,0
2016-10-29,10.5,6,8.3,4.4,0
2016-10-30,8.7,3.7,6.3,0,0
2016-10-31,7.3,3.9,5.9,0,0
2016-11-01,10.9,4.6,7.6,0.7,0
2016-11-02,9.1,3.4,6.8,6,0
2016-11-03,6.2,0.7,2.7,0,0
2016-11-04,8,-2.9,2.3,0,0
2016-11-05,12.6,1.7,6.5,1.1,0
2016-11-06,8.6,3.9,6.3,14.3,0
2016-11-07,6.3,2.4,4.4,0.1,0
2016-11-08,6.1,-0.7,3.1,0,0
2016-11-09,3.4,0.6,1.4,0,0
2016-11-10,4.8,-3.2,1.2,0,0
2016-11-11,6.3,2.7,4,0,0.6
2016-11-12,3.3,-0.2,0.6,0,0.6
2016-11-13,2,-1.9,-0.1,0,0.1
2016-11-14,2.4,-1.7,0.4,0,0
2016-11-15,3.5,-8,-1,0,0.8
2016-11-16,5.1,0.2,2.5,0.9,0
2016-11-17,8.7,1.8,5.6,0,0
2016-11-18,13.3,-0.2,5.8,0,0
2016-11-19,12.9,2.1,8.4,2.8,0
2016-11-20,14.3,2.5,7.3,0,0
2016-11-21,19,3.6,9.6,0,0
2016-11-22,15.3,3,7.7,0,0
2016-11-23,12.3,1.3,5.4,0,0
2016-11-24,7.8,0.3,5.3,0.5,0
2016-11-25,7.4,1.1,4.5,0,0
2016-11-26,4.7,-1.6,2.1,0,0.2
2016-11-27,8.3,1.3,4.4,0,2.6
2016-11-28,2.3,-1.5,-0.7,0,0.3
2016-11-29,-0.1,-9,-2,0,0.1
2016-11-30,1.3,-1.9,-0.4,0,1.7
2016-12-01,1.1,-1.9,0.6,0,15.3
2016-12-02,4,0.7,2,0,0.8
2016-12-03,1.8,-0.4,0.4,0,0.1
2016-12-04,0.9,-3.8,-2,0,0
2016-12-05,2.1,-8.4,-3.6,0,0
2016-12-06,0.1,-2.9,-1.2,0,0.2
2016-12-07,2.1,-2.5,-0.6,0,0
2016-12-08,7,-3.8,3.6,0.3,0
2016-12-09,7.1,3,5.7,0,0
2016-12-10,10.7,5.2,8,0.1,0
2016-12-11,9.3,5.6,7,5.3,0
2016-12-12,5.7,-3,1.5,1,0
2016-12-13,-1.2,-8.4,-4.8,0,0
2016-12-14,0.5,-3.8,-0.5,0,0.2
2016-12-15,1.9,0.3,0.9,0,0
2016-12-16,1.9,-5.2,-2,0,0
2016-12-17,2.3,-6.9,-2.9,0,0
2016-12-18,0.6,-3.2,-0.6,0,0.2
2016-12-19,1.7,-0.2,0.2,0,0
2016-12-20,2.6,-2.4,-1.1,0,0
2016-12-21,-0.2,-4.8,-3.1,0,0
2016-12-22,0.8,-6.3,-3,0,0
2016-12-23,-0.1,-5.1,-2.1,0,0
2016-12-24,1.3,-3.2,-0.8,0,4
2016-12-25,4,0.4,3.1,5.4,0
2016-12-26,8,3.1,6.5,0.8,0
2016-12-27,7.3,1.6,3,0,1.8
2016-12-28,3.9,0.2,1.3,0,0
2016-12-29,1.3,-2.1,-1,0,0
2016-12-30,1,-6.9,-3.6,0,0
2016-12-31,3.5,-8,-3.2,0,0
2017-01-01,4.7,-7.8,-3.7,0,0
2017-01-02,1.5,-8.5,-2.6,0,1.7
2017-01-03,0.4,-4.8,-1.2,0,2
2017-01-04,2.6,-0.7,0.9,0,0.8
2017-01-05,0.9,-8.2,-4.5,0,0
2017-01-06,-7.8,-16,-13.4,0,0.1
2017-01-07,-15.2,-24.1,-19.4,0,0
2017-01-08,-9.9,-23.6,-17.3,0,0
2017-01-09,-7.2,-15.5,-10.8,0,0
2017-01-10,-4.4,-12.2,-9.7,0,0
2017-01-11,-5.6,-17.9,-12.6,0,0.8
2017-01-12,2.3,-12.5,-0.8,0,0.2
2017-01-13,5.7,-3.1,1.3,0,0
2017-01-14,2.7,-0.8,0.3,0,0.4
2017-01-15,0,-5,-2.5,0,1.1
2017-01-16,-0.3,-8.9,-3.5,0,0
2017-01-17,-2,-5.8,-4.6,0,0
2017-01-18,-5.4,-8.1,-6.7,0,0
2017-01-19,-5.7,-10.3,-7.7,0,0
2017-01-20,-0.2,-13.6,-4.4,0,0
2017-01-21,1.2,-1.9,-0.2,0,0
2017-01-22,2,-3.3,-0.8,0,0
2017-01-23,2.4,-8.7,-5,0,0
2017-01-24,-3.9,-9.7,-5.6,0,0.1
2017-01-25,-1.5,-4.8,-2.9,0,0
2017-01-26,-1.6,-5.8,-3.8,0,0
2017-01-27,1.5,-13.4,-7.4,0,0
2017-01-28,-1.2,-12.8,-8,0,0
2017-01-29,-0.1,-13.1,-7.9,0,0
2017-01-30,1.9,-13.1,-7.2,0,0
2017-01-31,1.6,-11.8,-5,0,0
2017-02-01,1.1,-5.8,-1.8,0,5
2017-02-02,3.2,-1.5,0.2,1.5,0
2017-02-03,4.2,-1.9,1.2,0,0
2017-02-04,1.7,-0.1,0.3,0.5,0
2017-02-05,2,0,0.7,0,2
2017-02-06,1.7,-1.5,-0.7,0,0.2
2017-02-07,-1.3,-5.5,-4,0,0
2017-02-08,-5.4,-8.3,-7.4,0,0
2017-02-09,-5.3,-7.8,-6.6,0,0
2017-02-10,-0.7,-5.8,-4.1,0,0
2017-02-11,-3.4,-10,-6.9,0,0
2017-02-12,-2.7,-10.2,-6.8,0,0
2017-02-13,-4.7,-7.5,-7,0,0
2017-02-14,4.1,-9.3,-3.5,0,0
2017-02-15,9.8,-6.5,0.3,0,0
2017-02-16,10.5,-5.5,1.6,0,0
2017-02-17,6.9,-2.7,0.9,0,2.3
2017-02-18,3.8,0.4,1.8,0.8,0
2017-02-19,4.6,0.9,2,0,0
2017-02-20,6.9,-4.2,1.7,3.7,0
2017-02-21,8.5,3.6,5.2,7.7,0
2017-02-22,9.9,1,6.1,5.4,0
2017-02-23,9.9,4.1,6.1,0.7,0
2017-02-24,12.1,1.8,6,0,0.1
2017-02-25,4.5,-3.2,-0.1,0,0.1
2017-02-26,7.6,-3.1,2.8,0,0
2017-02-27,16.6,0.4,8,0,0
2017-02-28,13.4,-0.1,7.9,1,0
2017-03-01,11.7,3.2,6.4,0,0
2017-03-02,12.1,-2.1,5.5,0.2,0
2017-03-03,10.9,2,5.4,0.1,0
2017-03-04,16.5,-1.4,8.4,0,0
2017-03-05,16,7.5,12.6,8.3,0
2017-03-06,12.4,5,6.2,0.5,0
2017-03-07,9.7,-0.4,4.1,1.6,0
2017-03-08,6.5,2.4,3.5,0,0
2017-03-09,6,-2.1,2.3,0.4,0
2017-03-10,7.6,-1.3,3.6,0,0
2017-03-11,8.2,2.1,4.5,0,0
2017-03-12,5.6,1.5,3.6,0.1,0
2017-03-13,5.7,1.5,3.7,0,0
2017-03-14,8.9,0.2,4,0,0
2017-03-15,12.2,-1.7,4.8,0,0
2017-03-16,10.5,-1.1,4.9,0,0
2017-03-17,13.3,-3.3,5.9,2.1,0
2017-03-18,9.7,1.5,5,0,5.8
2017-03-19,8.2,1,4,5.9,0
2017-03-20,12.2,2.7,8.6,0,0
2017-03-21,14.9,3.5,9.2,2.4,0
2017-03-22,10.2,4.3,6,10.6,0
2017-03-23,7.4,4.1,5.7,0,0
2017-03-24,7.9,5.5,6.2,0,0
2017-03-25,11.3,-2.8,4.8,0,0
2017-03-26,7.2,0.4,2.9,0,0
2017-03-27,14.9,-2.5,6.6,0,0
2017-03-28,19.7,1.5,10.3,0,0
2017-03-29,19.9,2.7,11.3,0.2,0
2017-03-30,14.7,8.1,10.2,0,0
2017-03-31,20.4,2.3,11.6,0,0
2017-04-01,22.7,3.5,13.1,0,0
2017-04-02,24.1,4.3,14.8,0,0
2017-04-03,17.4,6.7,12,0,0
2017-04-04,19.4,6.7,13.1,0,0
2017-04-05,18.3,5.3,11.2,5.6,0
2017-04-06,11,4.2,5.7,3.6,0
2017-04-07,8,1.1,5.1,2.3,0
2017-04-08,14,7.2,9.8,0,0
2017-04-09,15.1,2.8,8.6,0,0
2017-04-10,20,2.3,11.7,1.2,0
2017-04-11,15.8,6,8.2,0,0
2017-04-12,12.1,3.3,7.8,2,0
2017-04-13,11.2,6.9,8.5,0.8,0
2017-04-14,11.9,4.5,7.3,0,0
2017-04-15,14,1.6,8.2,2.5,0
2017-04-16,11,3.7,6.3,2,0
2017-04-17,9.4,2.6,5.5,0,9.1
2017-04-18,5.3,0.5,2.1,0,9.1
2017-04-19,5.1,0.3,2.4,0,3.6
2017-04-20,4.5,0.9,2.2,0,0
2017-04-21,9.5,-1.9,4.9,0.5,0
2017-04-22,11,5,6.9,0.6,0
2017-04-23,9.3,0.5,4.6,0,0.3
2017-04-24,10.7,1.4,5.8,0,0
2017-04-25,19.6,-0.3,10.2,3.4,0
2017-04-26,12,5.3,6.3,8.3,0
2017-04-27,5.8,4.1,4.7,18.5,0
2017-04-28,7.8,4.4,5.5,18.1,0
2017-04-29,10.7,3.6,6.6,0.2,0
2017-04-30,12.1,2.1,6.9,0.3,0
2017-05-01,13.2,1.4,8,0,0
2017-05-02,13.8,4.4,9.4,2.9,0
2017-05-03,13.2,8.9,10.8,6.4,0
2017-05-04,14.7,9.8,11.4,4.5,0
2017-05-05,18.3,6.6,12.8,4.8,0
2017-05-06,16.1,13,14,1.7,0
2017-05-07,16.4,11.2,12.7,0.1,0
2017-05-08,14.5,7.6,10,0.1,0
2017-05-09,9.6,2.9,4.8,0,0.2
2017-05-10,10.3,-1.6,4.8,0,0
2017-05-11,20.4,0.7,11.8,0.9,0
2017-05-12,18,7,12.6,0.7,0
2017-05-13,15.1,12,12.6,0,0
2017-05-14,20,6.7,14.3,0,0
2017-05-15,20.8,6.9,14.7,1.3,0
2017-05-16,17.6,9.9,13.3,4.1,0
2017-05-17,21.2,7.4,14.6,0,0
2017-05-18,23.6,7.6,16.8,0,0
2017-05-19,26,9.3,18.7,0,0
2017-05-20,23.1,11.3,16.5,0.1,0
2017-05-21,19.8,11.9,15.1,0,0
2017-05-22,21.9,13.2,16.9,0,0
2017-05-23,24.1,11.6,16.5,13.6,0
2017-05-24,15.8,11.6,12.8,3.9,0
2017-05-25,17.1,9.8,12.8,2,0
2017-05-26,19.5,9.2,14.9,0.5,0
2017-05-27,20.1,8.6,15.5,0,0
2017-05-28,24.7,7.8,17,0,0
2017-05-29,26.2,10,19.2,0,0
2017-05-30,29.9,14.3,21.2,5,0
2017-05-31,24.5,16.5,19.5,0.1,0
2017-06-01,22.2,11.7,17.1,0,0
2017-06-02,24.4,6.8,16.7,0,0
2017-06-03,24.4,8.3,17.3,0,0
2017-06-04,28.9,10.6,19.6,7.4,0
2017-06-05,22.7,14.6,18,0,0
2017-06-06,28.4,13.6,21.3,6.5,0
2017-06-07,26,12.7,16.9,0,0
2017-06-08,21.5,10.8,16.1,0,0
2017-06-09,24.5,8.2,17.6,0,0
2017-06-10,23.3,12.2,15.8,0.3,0
2017-06-11,23.9,10.1,17.5,0,0
2017-06-12,27.3,9.6,19.1,1.3,0
2017-06-13,22.2,13.4,17.4,0,0
2017-06-14,20.1,13.1,15.9,0,0
2017-06-15,23.2,7.1,16.2,0,0
2017-06-16,23.2,9.4,15.8,3.1,0
2017-06-17,16.2,12.2,12.9,1,0
2017-06-18,23.1,12.2,17.6,0,0
2017-06-19,27.1,11.4,19.8,0,0
2017-06-20,30,13.5,22.6,0,0
2017-06-21,26,18,20.9,0,0
2017-06-22,27.9,10.3,20.1,1,0
2017-06-23,24.5,16.4,18.8,5.6,0
2017-06-24,26.9,15.5,21.3,0,0
2017-06-25,28.6,13.6,22.1,0,0
2017-06-26,26.5,18.3,21.7,0,0
2017-06-27,26.1,16.6,21.6,0,0
2017-06-28,33.2,17.1,25.3,2.8,0
2017-06-29,29,18,21.5,0.6,0
2017-06-30,25.3,12.5,20.1,0.4,0
2017-07-01,24.2,14.1,17.9,0,0
2017-07-02,20.4,13.8,17,1.1,0
2017-07-03,21.4,13.5,16.7,0,0
2017-07-04,23.1,8.2,16.2,0,0
2017-07-05,25.7,9.4,17.5,7.6,0
2017-07-06,22.9,12.1,17.2,0,0
2017-07-07,22.5,8.8,17,1,0
2017-07-08,25.3,14.3,19.5,5.1,0
2017-07-09,27.4,11.6,20.5,0,0
2017-07-10,28.1,15.3,21.6,7.5,0
2017-07-11,26.5,17.1,20.1,2.2,0
2017-07-12,27,14.1,20.8,2.5,0
2017-07-13,23.8,13.3,15.9,0.3,0
2017-07-14,21.5,8.1,15.8,2.5,0
2017-07-15,19.7,12.3,15.2,0,0
2017-07-16,23.5,9.2,17,0,0
2017-07-17,24.8,10.9,18.1,0,0
2017-07-18,27.7,12.7,20.5,0,0
2017-07-19,29.8,15.5,22.7,0,0
2017-07-20,32.4,14.6,23.9,0,0
2017-07-21,25.4,17.8,20,14.2,0
2017-07-22,28.6,14.7,22.1,3.6,0
2017-07-23,28.3,17,20.7,1.6,0
2017-07-24,27.2,13.7,20.7,0.8,0
2017-07-25,23.1,15.7,17.1,0.1,0
2017-07-26,20.8,10.1,16.7,0,0
2017-07-27,23.3,10.6,16.9,0.3,0
2017-07-28,24.6,13.2,18.1,0,0
2017-07-29,25.5,12.5,19.1,0,0
2017-07-30,31.6,11.9,23,0,0
2017-07-31,32.7,17.3,25.9,0,0
2017-08-01,35.2,17.5,27,0,0
2017-08-02,31.6,17.5,24.6,0,0
2017-08-03,34,16.9,25.6,0,0
2017-08-04,28.7,17.9,23.9,0,0
2017-08-05,30.5,19.9,24.8,0,0
2017-08-06,27.5,16.9,18.9,2.4,0
2017-08-07,20.6,15.6,16.7,0.1,0
2017-08-08,25.2,10.3,17.7,0,0
2017-08-09,31.3,12.8,23,0,0
2017-08-10,33.6,19.6,26,0,0
2017-08-11,35.3,18.6,27.2,0.9,0
2017-08-12,30.5,16.5,17.3,9.1,0
2017-08-13,21.6,13.9,16.5,0,0
2017-08-14,23.1,12,17.9,0,0
2017-08-15,26.5,11.9,19.5,0,0
2017-08-16,29.9,12.9,21.6,0,0
2017-08-17,27.2,16.8,21.6,0,0
2017-08-18,31.5,15.3,23.1,0,0
2017-08-19,26.9,15.5,19.5,25.7,0
2017-08-20,17.3,13.7,14.4,23.6,0
2017-08-21,19.6,8.2,14.1,0.2,0
2017-08-22,19.7,10.5,14.6,0.1,0
2017-08-23,18.5,10.9,14,0,0
2017-08-24,24.3,6.9,16.2,0,0
2017-08-25,26.4,12.2,19.7,5.3,0
2017-08-26,25.9,15.2,19.9,3.1,0
2017-08-27,27.6,16.5,21.3,0,0
2017-08-28,21.2,12.2,16.8,0,0
2017-08-29,22.3,9.2,16,0,0
2017-08-30,26.6,8.9,18.1,0,0
2017-08-31,29.5,10.3,20,0,0
2017-09-01,25.8,14.5,19.3,8,0
2017-09-02,18.4,12.4,13.4,10.9,0
2017-09-03,15.1,11.6,12.9,1,0
2017-09-04,18.1,11.9,13.5,0,0
2017-09-05,15.2,10.9,12.8,4.3,0
2017-09-06,19.9,12.5,15.8,5.9,0
2017-09-07,17.2,13.2,14.3,0.1,0
2017-09-08,20.3,9.9,14.8,0,0
2017-09-09,25.4,8,16.8,0,0
2017-09-10,25.1,11.4,18.6,0,0
2017-09-11,26.9,16.2,20.3,23.8,0
2017-09-12,19.7,12.3,14,12.2,0
2017-09-13,19.2,11.2,15.3,0.4,0
2017-09-14,26.2,13,19.4,2.7,0
2017-09-15,15.7,9.4,12.4,0.6,0
2017-09-16,14.3,10.7,12.6,0.8,0
2017-09-17,13.9,12.1,12.9,24.8,0
2017-09-18,17.5,8.5,12.2,0,0
2017-09-19,13.3,5.3,10,6.7,0
2017-09-20,12.4,10.2,11.1,2.2,0
2017-09-21,11.4,10.4,10.9,24.9,0
2017-09-22,12.2,10.1,11,11.9,0
2017-09-23,11.8,10.2,11,10.8,0
2017-09-24,16.3,11.2,13.1,20.1,0
2017-09-25,18.2,11.4,13.6,0,0
2017-09-26,13.6,9.7,11.3,0,0
2017-09-27,17.9,8.3,12.4,0,0
2017-09-28,17.6,4.9,10.9,0,0
2017-09-29,16.1,3.3,9.5,0,0
2017-09-30,15.9,4.2,9.2,0,0
2017-10-01,15.8,1.7,8.7,0,0
2017-10-02,18.2,1.9,9.4,0.8,0
2017-10-03,14.5,5.4,10.3,9.6,0
2017-10-04,14.6,8,11.4,0,0
2017-10-05,12.1,9.8,11.3,2.8,0
2017-10-06,14.5,7.4,9.1,9.1,0
2017-10-07,12.4,7.2,8.6,0,0
2017-10-08,11.8,4.6,8.8,3.2,0
2017-10-09,10.2,4.8,7,0.2,0
2017-10-10,10.9,4.9,8.9,0.7,0
2017-10-11,15.9,9.5,12.3,0.2,0
2017-10-12,18.6,7.7,13.2,0.2,0
2017-10-13,15.4,9.3,11.1,0,0
2017-10-14,15.7,6.6,11.7,0,0
2017-10-15,20,11.7,14.7,0,0
2017-10-16,23.4,6.1,13.6,0,0
2017-10-17,23.1,6.6,13.5,0,0
2017-10-18,22.2,5.4,12.8,0,0
2017-10-19,18.4,5.7,11.2,0,0
2017-10-20,12.3,6.8,10.3,0,0
2017-10-21,14,9.2,10.6,0,0
2017-10-22,10.1,6.9,8.8,8.9,0
2017-10-23,9.9,8.6,8.9,11.3,0
2017-10-24,8.6,6.5,6.7,0,0
2017-10-25,9.8,3.1,7.3,0.3,0
2017-10-26,15.3,9.8,12.2,1.1,0
2017-10-27,12.5,6.9,9.3,6.6,0
2017-10-28,8.5,4.6,7.2,11.5,0
2017-10-29,8.7,4.1,6.1,10.9,0
2017-10-30,6.4,1.2,3.2,0,0.4
2017-10-31,6.4,-0.9,2.5,0.2,0
2017-11-01,8.6,1.6,6.7,0,0
2017-11-02,13.4,6.6,9,3.7,0
2017-11-03,9.4,7.4,8.1,0.5,0
2017-11-04,12.7,-0.3,6.3,0,0
2017-11-05,15.8,0,6.3,0,0
2017-11-06,13.1,2.2,7.5,0,0
2017-11-07,9.5,5.7,7.1,0,0
2017-11-08,6.1,4.5,5.1,0.1,0
2017-11-09,7.1,3.4,5.5,0,0
2017-11-10,8.5,5.6,7.3,2.6,0
2017-11-11,7.8,3.8,5.6,2.6,0
2017-11-12,7,2.7,4.3,5.7,0
2017-11-13,5.4,2.3,3.6,5.2,0
2017-11-14,4.7,0.8,2.5,0,0
2017-11-15,5.8,-4.1,0.8,0,0
2017-11-16,7.7,-3.9,1.7,1.6,0
2017-11-17,5.1,0.3,3.5,1.3,0
2017-11-18,4.4,1.3,3.3,0.5,0
2017-11-19,6,1.1,3.4,0,2.5
2017-11-20,4.2,0.6,1.7,0,2.1
2017-11-21,4,0.9,2.4,3.1,0
2017-11-22,7,2.6,5,0.7,0
2017-11-23,10.6,-0.7,4.3,0,0
2017-11-24,11.3,-1.7,3.5,0,0
2017-11-25,12.6,0,6.2,1.5,0
2017-11-26,11,1.5,3.4,0,0
2017-11-27,2.7,-1.3,0.3,0,0
2017-11-28,5.7,-5.1,-0.9,0,3.5
2017-11-29,2,-1.3,0.6,0,5.9
2017-11-30,0.9,0,0.2,0,13.5
2017-12-01,1.4,-3.3,-0.4,0,0
2017-12-02,-1.6,-8,-3.4,0,0.3
2017-12-03,0.3,-1.9,-0.7,0,1.3
2017-12-04,1,-2.5,-0.3,0,0.7
2017-12-05,2.4,0.3,1.3,0,1.7
2017-12-06,4.3,2.4,3.4,1,0
2017-12-07,5.5,0.3,2.9,0,0
2017-12-08,7.1,-2.5,2.8,0.6,0
2017-12-09,3.9,-1.4,0.7,0,0
2017-12-10,3,-2,0.9,0,0
2017-12-11,12.6,1.3,8.6,0,0
2017-12-12,14.5,7.3,10,0,0
2017-12-13,7.4,-0.9,1.6,0,0
2017-12-14,8,-4.5,1.6,0,0
2017-12-15,6.3,-2.5,1.5,0,0.1
2017-12-16,2.3,-1.8,0,0,0.3
2017-12-17,3.4,-3.2,-0.9,0,0.4
2017-12-18,0.8,-2.5,-0.7,0,0.2
2017-12-19,-0.5,-5.7,-2.3,0,0
2017-12-20,0,-2.8,-1.1,0,0.1
2017-12-21,1.5,-1.9,0.1,0,1.1
2017-12-22,3.6,1.5,3,5.9,0
2017-12-23,5.1,1.8,3.3,1.7,0
2017-12-24,8.4,4.6,7.2,0.3,0
2017-12-25,8.9,0.9,5.2,0,0
2017-12-26,5.8,-5.7,-0.9,0,0
2017-12-27,9.4,-4.7,2,0,0
2017-12-28,9.3,3,4.7,0,6
2017-12-29,3.7,0.2,0.6,0,0.5
2017-12-30,2.4,-5.7,-1.8,0.7,0
2017-12-31,8.2,-2,4.7,0.5,0
2018-01-01,6.3,-1.2,3.1,0,0
2018-01-02,4.9,-4.6,0.8,0.1,0
2018-01-03,5.6,-3,2.5,3.4,0
2018-01-04,7.4,2.6,4.3,0.1,0
2018-01-05,9.4,0.2,4.6,1.6,0
2018-01-06,9.2,3.2,6.2,0,0
2018-01-07,7.1,2.3,4.7,0,0
2018-01-08,2.3,0,0.2,0,0.5
2018-01-09,1.8,-3.1,-0.4,0.2,0
2018-01-10,5.1,1.1,2.7,1.1,0
2018-01-11,2.2,0.2,0.7,0.3,0
2018-01-12,1,-0.7,0.3,0,0
2018-01-13,-0.4,-1.4,-1.3,0,0
2018-01-14,-1.2,-5.6,-4.2,0,0
2018-01-15,-3,-8.1,-6.3,0,0
2018-01-16,2,-9.7,-3.3,0,4.6
2018-01-17,4.1,-1.4,1.5,0,1
2018-01-18,4.8,-3.2,1.4,0,0.3
2018-01-19,5,-0.8,1.9,0,0
2018-01-20,1.6,-2.4,-1,0,1.5
2018-01-21,-0.5,-5.7,-1.9,0,1.7
2018-01-22,-0.8,-5.9,-3.1,0,0
2018-01-23,-2.7,-6.8,-4,0,0
2018-01-24,5.8,-4.2,0.2,0,0
2018-01-25,9.5,-2.1,1.4,0,0
2018-01-26,4.7,-4.1,-0.6,0,0
2018-01-27,2.8,-4.7,0.1,0.2,0
2018-01-28,6.6,1.1,3.9,0.3,0
2018-01-29,10.7,4.7,7.8,0.7,0
2018-01-30,9,3.3,5.1,0,0
2018-01-31,7.6,-1.7,2.1,0,0
2018-02-01,8.1,-0.6,4,4.1,0
2018-02-02,5.3,1.1,2.1,0,0
2018-02-03,2.9,-4.2,-0.7,0,0
2018-02-04,1.2,-2.4,-0.7,0,0.4
2018-02-05,0.3,-5.3,-2.5,0,0
2018-02-06,-1,-10.4,-5.7,0,0
2018-02-07,-0.8,-6.4,-3.1,0,3.3
2018-02-08,-0.3,-1.9,-1.3,0,0.3
2018-02-09,0.1,-2.2,-1.4,0,0
2018-02-10,0.2,-2.2,-1.5,0,0
2018-02-11,1.1,-2.8,-1.3,0,0
2018-02-12,2.5,-1.7,0.1,0,0
2018-02-13,2.6,-2.2,0,0,0.1
2018-02-14,0.5,-1.8,-0.8,0,0.4
2018-02-15,-0.6,-2,-1.6,0,0
2018-02-16,2,-3.6,-1.3,0,0.2
2018-02-17,3.9,-4.3,-0.1,0,0
2018-02-18,2.6,-1.4,0.4,0,0
2018-02-19,2.5,-3.4,-0.7,0,0
2018-02-20,-0.4,-6,-3.2,0,0
2018-02-21,-1.6,-5.5,-3.4,0,0
2018-02-22,-1.9,-3.2,-2.6,0,0
2018-02-23,-2.5,-5,-3.9,0,0
2018-02-24,-3.4,-10.7,-7.4,0,0.7
2018-02-25,-9.1,-13.4,-11.8,0,0.1
2018-02-26,-8.8,-13.6,-11.4,0,0
2018-02-27,-10.3,-13.4,-12.1,0,0.1
2018-02-28,-9.3,-13.1,-11.4,0,0.1
2018-03-01,-8,-18,-12.4,0,0
2018-03-02,-5.5,-16.1,-10.7,0,0
2018-03-03,-5.5,-16.7,-11,0,0
2018-03-04,-0.9,-16.8,-8.5,0,0
2018-03-05,5.1,-10.6,-2.5,0,0
2018-03-06,5.8,-0.5,1.7,0.2,0
2018-03-07,8.5,-0.9,3.3,0,0
2018-03-08,9.9,-3.1,3.6,0,0
2018-03-09,9.9,-4,2.4,1.1,0
2018-03-10,12.7,-3.2,4.8,0,0
2018-03-11,16.5,-0.2,7.9,0,0
2018-03-12,17.2,3.9,10.9,0,0
2018-03-13,14.1,6,8.9,0,0
2018-03-14,9.6,2.2,5,1.4,0
2018-03-15,6.3,2.1,3.4,0.2,0
2018-03-16,5.7,0.4,2.1,0,8.4
2018-03-17,0.4,-5.7,-4.8,0,0.2
2018-03-18,-4.6,-9.1,-7,0,0
2018-03-19,-5.4,-7.5,-6.4,0,0
2018-03-20,-2.6,-5.9,-4.4,0,0.1
2018-03-21,1.4,-6,-2.1,0,0
2018-03-22,6,-7.7,-0.8,0,0
2018-03-23,5.6,-6.2,0.3,0,0
2018-03-24,7.4,-3.8,1.8,0,0
2018-03-25,10.3,-4,3,0,0
2018-03-26,7.4,-2,3,1.2,0
2018-03-27,5.3,0.4,2,0,1.1
2018-03-28,7.8,-2.6,3,0,2
2018-03-29,10.3,3,5.8,0.1,0
2018-03-30,13.5,0.4,7.6,0.3,0
2018-03-31,16.3,4.8,9.5,3.1,0
2018-04-01,10.6,2.7,4.8,0,1.1
2018-04-02,10.9,1.4,5,0,0
2018-04-03,20.2,-1.6,9.3,0,0
2018-04-04,19,2.2,11.6,0,0
2018-04-05,19.3,3.5,11.7,0.5,0
2018-04-06,13.6,6.6,8.1,0,0
2018-04-07,17.6,-1.8,8.5,0,0
2018-04-08,24.1,4,14.3,0,0
2018-04-09,26.5,6.5,17.1,0,0
2018-04-10,21.1,6.5,14.2,0,0
2018-04-11,21.1,6.4,14.1,0,0
2018-04-12,26,4.9,15.9,0,0
2018-04-13,22.5,10.4,15.3,1.8,0
2018-04-14,22.2,5.4,14.8,0,0
2018-04-15,23.5,6.3,15.7,0.1,0
2018-04-16,22.6,11.6,16.7,1.7,0
2018-04-17,18,11.9,14.3,0,0
2018-04-18,21.1,5.2,13.3,0,0
2018-04-19,23.2,5.9,15.4,0,0
2018-04-20,21.3,5.7,14.6,0,0
2018-04-21,26.5,5.8,17.4,0,0
2018-04-22,22.2,11.1,15.9,0,0
2018-04-23,23.5,4.6,14.6,1.8,0
2018-04-24,20.5,11.2,16.1,0,0
2018-04-25,24.3,8.1,17.3,0.2,0
2018-04-26,20.9,10.4,12.1,1.1,0
2018-04-27,17.1,1.7,10.3,0,0
2018-04-28,26.2,3.6,15.9,0,0
2018-04-29,29.2,10.4,19.2,1.4,0
2018-04-30,27,11.8,20.5,0,0
2018-05-01,26.2,11.3,19,0,0
2018-05-02,25.1,11.1,17.6,0,0
2018-05-03,29.6,12,20.9,0,0
2018-05-04,23.4,13.1,17.8,0,0
2018-05-05,20.7,12,15.7,0,0
2018-05-06,20.6,5.7,14.4,0,0
2018-05-07,22.1,6.3,15.5,0,0
2018-05-08,20,10.3,15.8,14.6,0
2018-05-09,24.7,12.6,17.5,11.8,0
2018-05-10,25.7,11.8,19.5,0,0
2018-05-11,26.9,10.1,17.5,8.3,0
2018-05-12,23.4,12.4,17.5,0,0
2018-05-13,23.6,7.5,17.1,0,0
2018-05-14,20.6,9.1,13.8,0,0
2018-05-15,16.3,6.9,11.6,0.9,0
2018-05-16,15.7,8.3,12.5,4,0
2018-05-17,14.5,11.9,12.9,22.5,0
2018-05-18,13.8,12.7,13.4,0,0
2018-05-19,20.8,11.9,15.3,0,0
2018-05-20,20.1,7.8,14.8,0,0
2018-05-21,20.2,6.8,14.5,0.1,0
2018-05-22,24.8,9.3,17.6,6.4,0
2018-05-23,24.4,11.4,17.7,0,0
2018-05-24,23.5,13.4,18.6,0,0
2018-05-25,24.3,11.3,18.1,0,0
2018-05-26,26.9,10.9,19.3,0,0
2018-05-27,27.1,13.1,20.7,0,0
2018-05-28,27.2,14.3,21.2,0,0
2018-05-29,29.2,11.7,20.3,0,0
2018-05-30,28.5,13.1,21.1,0,0
2018-05-31,30.5,15.1,22.2,0,0
2018-06-01,30.6,13.3,22.3,0,0
2018-06-02,26.4,15,20.1,6.8,0
2018-06-03,24.2,16.8,19.4,0,0
2018-06-04,26.5,14.7,20.4,0,0
2018-06-05,26.4,13.4,20.4,0,0
2018-06-06,23,13.1,16.5,0,0
2018-06-07,24.9,8,17.5,0,0
2018-06-08,28.7,11.7,21,0,0
2018-06-09,30.1,17.1,23,0,0
2018-06-10,29.7,16.9,22.8,10.9,0
2018-06-11,26.7,16.8,21.8,4.8,0
2018-06-12,24.1,16,18.5,1.2,0
2018-06-13,20.5,11.6,16.4,0.1,0
2018-06-14,20.4,15.9,17.5,0,0
2018-06-15,23.6,14.2,19.3,0,0
2018-06-16,26.6,14.4,21.1,0,0
2018-06-17,26.1,15,21,0,0
2018-06-18,25.1,17.5,20.2,0.1,0
2018-06-19,26.6,16.2,22,0,0
2018-06-20,27.9,14.9,22.3,0,0
2018-06-21,32.5,16.5,24,17.8,0
2018-06-22,26.9,10.9,13.7,0,0
2018-06-23,15.3,9.4,11.9,13.4,0
2018-06-24,18.1,11,13.1,1.7,0
2018-06-25,19.6,11.5,15.2,0.9,0
2018-06-26,19.4,11.9,15,1.3,0
2018-06-27,19.6,9.5,16,9.3,0
2018-06-28,19.4,15.5,17.6,4.1,0
2018-06-29,27.4,17.4,21.7,0,0
2018-06-30,25,11.3,14.1,0,0
2018-07-01,16.5,9.1,13.1,2.3,0
2018-07-02,19.7,9.6,14.6,0,0
2018-07-03,23.5,8.4,16.6,0,0
2018-07-04,27.8,9.6,19.8,0,0
2018-07-05,30.5,11.3,22.3,0,0
2018-07-06,27.8,15.9,19.3,3.1,0
2018-07-07,25.8,14.7,20.3,0,0
2018-07-08,26.2,12.2,20,0,0
2018-07-09,27.1,15.1,21,0,0
2018-07-10,28.7,13.7,19.8,1.4,0
2018-07-11,23,16,18.3,4.2,0
2018-07-12,23.5,14.3,18.5,8.3,0
2018-07-13,23.8,14.7,17.9,6.9,0
2018-07-14,25.2,15.2,18.5,4.7,0
2018-07-15,25.6,16.4,20.4,0,0
2018-07-16,26.1,16.3,19.5,8.3,0
2018-07-17,20.8,17.4,18.1,23.8,0
2018-07-18,22.4,17.8,19.5,37.9,0
2018-07-19,20.8,18.2,18.9,2.1,0
2018-07-20,25.7,18,20.4,0,0
2018-07-21,27.5,12.7,20.7,0,0
2018-07-22,28.5,13.7,21.1,0,0
2018-07-23,27.8,15.8,22,0,0
2018-07-24,28.5,13.9,22.9,0,0
2018-07-25,28.5,14.7,22,0,0
2018-07-26,26.8,15.9,20.8,0,0
2018-07-27,27.8,17.3,22.2,0,0
2018-07-28,30.5,16.5,23.8,0,0
2018-07-29,29.2,17.9,21.6,35.8,0
2018-07-30,27.9,16.2,21.1,3,0
2018-07-31,27.8,16.4,22,0.5,0
2018-08-01,29.1,18.4,23.1,5.2,0
2018-08-02,30.4,18.9,24.4,0,0
2018-08-03,29.3,17.9,23.7,0,0
2018-08-04,31.2,16.2,23.9,0,0
2018-08-05,28.2,19.4,22.4,11.1,0
2018-08-06,25.6,16.4,20.7,0,0
2018-08-07,27.8,13.3,20.9,0,0
2018-08-08,28.6,15.3,22.6,0,0
2018-08-09,32.8,18.7,25.4,0,0
2018-08-10,32.1,17.8,23.7,26.8,0
2018-08-11,22.1,16.7,17.9,0,0
2018-08-12,24.9,13.9,19.5,0,0
2018-08-13,30.3,12.7,22,0,0
2018-08-14,26.5,15.8,21.2,0.9,0
2018-08-15,24.7,18,20.7,0,0
2018-08-16,25.1,14.8,20.1,0,0
2018-08-17,26.6,14.8,20.9,0,0
2018-08-18,27.8,15.8,21.3,0,0
2018-08-19,28.9,15.2,21.7,0,0
2018-08-20,30.5,15.4,23.1,0,0
2018-08-21,25.2,15.9,21,0,0
2018-08-22,25.2,16,20.2,0,0
2018-08-23,30.8,14.3,22.3,0,0
2018-08-24,28.4,16.4,21.6,6.8,0
2018-08-25,19.1,16.5,17.5,9.4,0
2018-08-26,17.3,12.5,13.7,8.9,0
2018-08-27,19.1,8.9,13.7,0,0
2018-08-28,22.5,9,16.2,0,0
2018-08-29,22.4,10.6,16.8,0,0
2018-08-30,26.9,10.7,19.2,1.7,0
2018-08-31,22.6,16.2,18.3,0.1,0
2018-09-01,25.2,14.9,19.7,0,0
2018-09-02,26.6,14.9,20.1,0,0
2018-09-03,25,13,19.6,1.9,0
2018-09-04,22,15.6,18.3,11.6,0
2018-09-05,23.3,15.2,18.6,0,0
2018-09-06,22.6,11.2,16.3,0.5,0
2018-09-07,24.6,10.7,17.5,0,0
2018-09-08,20.2,12.7,16.1,0,0
2018-09-09,22.6,9.9,15.8,0,0
2018-09-10,24.5,9.5,16.7,0,0
2018-09-11,22.5,10.8,16.6,0,0
2018-09-12,29.2,11,19.4,0,0
2018-09-13,28.1,12,19.7,0,0
2018-09-14,20.6,14.7,17.2,9.2,0
2018-09-15,20.8,15.8,17,1,0
2018-09-16,21.3,8.4,14.4,0,0
2018-09-17,25.3,7.9,16.5,0,0
2018-09-18,26.3,11,18.2,0,0
2018-09-19,26.7,10.3,17.9,0,0
2018-09-20,27.7,10.2,18.1,0,0
2018-09-21,27.3,9.9,18.2,5.8,0
2018-09-22,19.6,11.7,13.2,0.1,0
2018-09-23,17.4,9.6,13.3,10,0
2018-09-24,16.9,7.9,10.1,0.9,0
2018-09-25,11.8,6,7.8,0.2,0
2018-09-26,14.9,1.7,8.7,0,0
2018-09-27,16.8,8.5,12.8,0,0
2018-09-28,22,6.1,14,1.6,0
2018-09-29,15.2,6.3,9,0,0
2018-09-30,15.5,-0.6,7,0,0
