"Data","Al. USA - południe","Al. USA - północ","Banacha","Bazyliańska","Belwederska","Dworzec Wilenski (al. Solidarności)","Dworzec Wileński (Targowa)","Marszałkowska","Most Gdanski - ścieżka rowerowa","Most Gdański - ciąg pieszo-rowerowy","NSR - Solec - ciąg pieszo-rowerowy","NSR-Solec - ścieżka rowerowa","Praska ścieżka rekreacyjna","Wybrzeże Helskie","Wysockiego","Świętokrzyska - Emilii Plater, płn","Świętokrzyska - Emilii Plater, płd","Żwirki i Wigury/Trojdena wsch.","Żwirki i Wigury/Trojdena zach."
2014-08-13,NA,NA,NA,NA,NA,NA,NA,NA,102,0,6,60,NA,NA,NA,NA,NA,NA,NA
2014-08-14,NA,NA,NA,NA,NA,NA,NA,NA,576,0,114,81,108,NA,NA,NA,NA,NA,NA
2014-08-15,NA,NA,NA,NA,NA,NA,NA,NA,2585,0,861,553,1146,NA,NA,NA,NA,NA,NA
2014-08-16,NA,NA,NA,NA,NA,NA,NA,NA,484,0,134,80,201,NA,NA,NA,NA,NA,NA
2014-08-17,NA,NA,NA,NA,NA,NA,NA,NA,1138,0,273,120,617,NA,NA,NA,NA,NA,NA
2014-08-18,NA,NA,NA,NA,NA,NA,NA,NA,971,0,172,126,322,NA,NA,NA,NA,NA,NA
2014-08-19,NA,NA,NA,NA,NA,NA,NA,NA,1248,0,224,129,460,NA,NA,NA,NA,NA,NA
2014-08-20,NA,NA,NA,NA,NA,NA,NA,NA,1334,0,262,173,589,NA,NA,NA,NA,NA,NA
2014-08-21,NA,NA,NA,NA,NA,NA,NA,NA,731,0,100,78,232,NA,NA,NA,NA,NA,NA
2014-08-22,NA,NA,NA,NA,NA,NA,NA,NA,1130,0,207,249,458,NA,NA,NA,NA,NA,NA
2014-08-23,NA,NA,NA,NA,NA,NA,NA,NA,2039,0,447,600,1127,NA,NA,NA,NA,NA,NA
2014-08-24,NA,NA,NA,NA,NA,NA,NA,NA,136,0,31,48,28,NA,NA,NA,NA,NA,NA
2014-08-25,NA,NA,NA,NA,NA,NA,NA,NA,983,0,135,292,289,NA,NA,NA,NA,NA,NA
2014-08-26,NA,NA,NA,NA,NA,NA,NA,NA,192,0,16,98,38,NA,NA,NA,NA,NA,NA
2014-08-27,NA,NA,NA,NA,NA,NA,NA,NA,604,0,37,247,157,NA,NA,NA,NA,NA,NA
2014-08-28,NA,NA,NA,NA,NA,NA,NA,NA,618,0,90,262,131,NA,NA,NA,NA,NA,NA
2014-08-29,NA,NA,NA,NA,NA,NA,NA,NA,1267,0,193,460,518,NA,NA,NA,NA,NA,NA
2014-08-30,NA,NA,NA,NA,NA,NA,NA,NA,1583,0,411,500,835,NA,NA,NA,NA,NA,NA
2014-08-31,NA,NA,NA,NA,NA,NA,NA,NA,2124,0,551,637,1165,NA,NA,NA,NA,NA,NA
2014-09-01,NA,NA,NA,NA,NA,NA,NA,NA,648,0,37,228,149,NA,NA,NA,NA,NA,NA
2014-09-02,NA,NA,NA,NA,NA,NA,NA,NA,959,0,89,284,339,NA,NA,NA,NA,NA,NA
2014-09-03,NA,NA,NA,NA,NA,NA,NA,NA,1181,0,154,436,481,NA,NA,NA,NA,NA,NA
2014-09-04,NA,NA,NA,NA,NA,NA,NA,NA,1278,0,210,455,541,NA,NA,NA,NA,NA,NA
2014-09-05,NA,NA,NA,NA,NA,NA,NA,NA,1158,0,166,478,515,NA,NA,NA,NA,NA,NA
2014-09-06,NA,NA,NA,NA,NA,NA,NA,NA,2357,0,618,692,1423,NA,NA,NA,NA,NA,NA
2014-09-07,NA,NA,NA,NA,NA,NA,NA,NA,2616,0,867,842,1700,NA,NA,NA,NA,NA,NA
2014-09-08,NA,NA,NA,NA,NA,NA,NA,NA,1013,0,100,368,345,NA,NA,NA,NA,NA,NA
2014-09-09,NA,NA,NA,NA,NA,NA,NA,NA,828,0,69,285,216,NA,NA,NA,NA,NA,NA
2014-09-10,NA,NA,NA,NA,NA,NA,NA,NA,1008,0,1619,363,279,NA,NA,NA,NA,NA,NA
2014-09-11,NA,NA,NA,NA,NA,NA,NA,NA,477,0,61,234,78,NA,NA,NA,NA,NA,NA
2014-09-12,NA,NA,NA,NA,NA,NA,NA,NA,1276,0,191,459,432,NA,NA,NA,NA,NA,NA
2014-09-13,NA,NA,NA,NA,NA,NA,NA,NA,2531,0,1075,1410,1456,NA,NA,NA,NA,NA,NA
2014-09-14,NA,NA,NA,NA,NA,NA,NA,NA,3122,0,933,1263,1624,NA,NA,NA,NA,NA,NA
2014-09-15,NA,NA,NA,NA,NA,NA,NA,NA,1102,108,154,454,329,NA,NA,NA,NA,NA,NA
2014-09-16,NA,NA,NA,NA,NA,NA,NA,NA,498,579,123,484,331,NA,NA,NA,NA,NA,NA
2014-09-17,NA,NA,NA,NA,NA,NA,NA,NA,339,776,126,442,306,NA,NA,NA,NA,NA,NA
2014-09-18,NA,NA,NA,NA,NA,NA,NA,NA,267,822,141,418,328,NA,NA,NA,NA,NA,NA
2014-09-19,NA,NA,NA,NA,NA,NA,NA,NA,450,579,127,370,243,NA,NA,NA,NA,NA,NA
2014-09-20,NA,NA,NA,NA,NA,NA,NA,NA,851,605,298,463,703,NA,NA,NA,NA,NA,NA
2014-09-21,NA,NA,NA,NA,NA,NA,NA,NA,474,378,153,255,397,NA,NA,NA,NA,NA,NA
2014-09-22,NA,NA,NA,NA,NA,NA,NA,NA,277,145,34,177,60,NA,NA,NA,NA,NA,NA
2014-09-23,NA,NA,NA,NA,NA,NA,NA,NA,217,76,20,135,41,NA,NA,NA,NA,NA,NA
2014-09-24,NA,NA,NA,NA,NA,NA,NA,NA,548,193,76,264,161,NA,NA,NA,NA,NA,NA
2014-09-25,NA,NA,NA,NA,NA,NA,NA,NA,398,144,53,237,98,NA,NA,NA,NA,NA,NA
2014-09-26,NA,NA,NA,NA,NA,NA,NA,NA,506,112,74,249,135,NA,NA,NA,NA,NA,NA
2014-09-27,NA,NA,NA,NA,NA,NA,NA,NA,930,361,215,352,499,NA,NA,NA,NA,NA,NA
2014-09-28,NA,NA,NA,NA,NA,NA,NA,NA,1603,688,438,659,846,NA,NA,NA,NA,NA,NA
2014-09-29,NA,NA,NA,NA,NA,NA,NA,NA,662,198,93,365,209,NA,NA,NA,NA,NA,NA
2014-09-30,NA,NA,NA,NA,NA,NA,NA,NA,683,166,68,365,122,NA,NA,NA,NA,NA,NA
2014-10-01,NA,NA,NA,NA,NA,NA,NA,NA,455,88,51,287,92,NA,NA,NA,NA,NA,NA
2014-10-02,NA,NA,NA,NA,NA,NA,NA,NA,685,268,102,449,222,NA,NA,NA,NA,NA,NA
2014-10-03,NA,NA,NA,NA,NA,NA,NA,NA,662,193,105,410,229,NA,NA,NA,NA,NA,NA
2014-10-04,NA,NA,NA,NA,NA,NA,NA,NA,1317,417,350,561,697,NA,NA,NA,NA,NA,NA
2014-10-05,NA,NA,NA,NA,NA,NA,NA,NA,1303,482,384,632,802,NA,NA,NA,NA,NA,NA
2014-10-06,NA,NA,NA,NA,NA,NA,NA,NA,591,126,93,346,174,NA,NA,NA,NA,NA,NA
2014-10-07,NA,NA,NA,NA,NA,NA,NA,NA,594,114,80,399,134,NA,NA,NA,NA,NA,NA
2014-10-08,NA,NA,NA,NA,NA,NA,NA,NA,552,97,80,380,115,NA,NA,NA,NA,NA,NA
2014-10-09,NA,NA,NA,NA,NA,NA,NA,NA,882,255,185,470,251,NA,NA,NA,NA,NA,NA
2014-10-10,NA,NA,NA,NA,NA,NA,NA,NA,984,295,168,530,331,NA,NA,NA,NA,NA,NA
2014-10-11,NA,NA,NA,NA,NA,NA,NA,NA,1628,771,493,860,854,NA,NA,NA,NA,NA,NA
2014-10-12,NA,NA,NA,NA,NA,NA,NA,NA,825,260,205,403,441,NA,NA,NA,NA,NA,NA
2014-10-13,NA,NA,NA,NA,NA,NA,NA,NA,826,184,123,504,198,NA,NA,NA,NA,NA,NA
2014-10-14,NA,NA,NA,NA,NA,NA,NA,NA,542,116,50,390,128,NA,NA,NA,NA,NA,NA
2014-10-15,NA,NA,NA,NA,NA,NA,NA,NA,663,136,90,419,116,NA,NA,NA,NA,NA,NA
2014-10-16,NA,NA,NA,NA,NA,NA,NA,NA,431,61,38,312,56,NA,NA,NA,NA,NA,NA
2014-10-17,NA,NA,NA,NA,NA,NA,NA,NA,320,34,23,224,38,NA,NA,NA,NA,NA,NA
2014-10-18,NA,NA,NA,NA,NA,NA,NA,NA,466,116,87,285,212,NA,NA,NA,NA,NA,NA
2014-10-19,NA,NA,NA,NA,NA,NA,NA,NA,1484,516,362,682,777,NA,NA,NA,NA,NA,NA
2014-10-20,NA,NA,NA,NA,NA,NA,NA,NA,413,74,65,326,73,NA,NA,NA,NA,NA,NA
2014-10-21,NA,NA,NA,NA,NA,NA,NA,NA,325,44,33,248,29,NA,NA,NA,NA,NA,NA
2014-10-22,NA,NA,NA,NA,NA,NA,NA,NA,408,52,33,274,54,NA,NA,NA,NA,NA,NA
2014-10-23,NA,NA,NA,NA,NA,NA,NA,NA,200,34,32,187,32,NA,NA,NA,NA,NA,NA
2014-10-24,NA,NA,NA,NA,NA,NA,NA,NA,279,45,40,225,38,NA,NA,NA,NA,NA,NA
2014-10-25,NA,NA,NA,NA,NA,NA,NA,NA,221,36,23,115,79,NA,NA,NA,NA,NA,NA
2014-10-26,NA,NA,NA,NA,NA,NA,NA,NA,384,96,48,186,138,NA,NA,NA,NA,NA,NA
2014-10-27,NA,NA,NA,NA,NA,NA,NA,NA,374,75,50,237,52,NA,NA,NA,NA,NA,NA
2014-10-28,NA,NA,NA,NA,NA,NA,NA,NA,457,82,46,310,71,NA,NA,NA,NA,NA,NA
2014-10-29,NA,NA,NA,NA,NA,NA,NA,NA,444,95,44,291,76,NA,NA,NA,NA,NA,NA
2014-10-30,NA,NA,NA,NA,NA,NA,NA,NA,388,57,43,271,54,NA,NA,NA,NA,NA,NA
2014-10-31,NA,NA,NA,NA,NA,NA,NA,NA,338,39,37,232,93,NA,NA,NA,NA,NA,NA
2014-11-01,NA,NA,NA,NA,NA,NA,NA,NA,273,90,52,146,90,NA,NA,NA,NA,NA,NA
2014-11-02,NA,NA,NA,NA,NA,NA,NA,NA,515,144,132,229,221,NA,NA,NA,NA,NA,NA
2014-11-03,NA,NA,NA,NA,NA,NA,NA,NA,428,91,63,314,74,NA,NA,NA,NA,NA,NA
2014-11-04,NA,NA,NA,NA,NA,NA,NA,NA,436,105,70,354,112,NA,NA,NA,NA,NA,NA
2014-11-05,NA,NA,NA,NA,NA,NA,NA,NA,535,132,76,407,133,NA,NA,NA,NA,NA,NA
2014-11-06,NA,NA,NA,NA,NA,NA,NA,NA,517,114,68,348,63,NA,NA,NA,NA,NA,NA
2014-11-07,NA,NA,NA,NA,NA,NA,NA,NA,168,27,21,167,14,NA,NA,NA,NA,NA,NA
2014-11-08,NA,NA,NA,NA,NA,NA,NA,NA,78,14,9,71,12,NA,NA,NA,NA,NA,NA
2014-11-09,NA,NA,NA,NA,NA,NA,NA,NA,356,105,78,216,123,NA,NA,NA,NA,NA,NA
2014-11-10,NA,NA,NA,NA,NA,NA,NA,NA,209,53,47,176,35,NA,NA,NA,NA,NA,NA
2014-11-11,NA,NA,NA,NA,NA,NA,NA,NA,759,221,119,305,209,NA,NA,NA,NA,NA,NA
2014-11-12,NA,NA,NA,NA,NA,NA,NA,NA,283,36,25,257,34,NA,NA,NA,NA,NA,NA
2014-11-13,NA,NA,NA,NA,NA,NA,NA,NA,334,43,29,280,31,NA,NA,NA,NA,NA,NA
2014-11-14,NA,NA,NA,NA,NA,NA,NA,NA,255,40,39,241,33,NA,NA,NA,NA,NA,NA
2014-11-15,NA,NA,NA,NA,NA,NA,NA,NA,209,47,32,168,80,NA,NA,NA,NA,NA,NA
2014-11-16,NA,NA,NA,NA,NA,NA,NA,NA,283,45,36,142,105,NA,NA,NA,NA,NA,NA
2014-11-17,NA,NA,NA,NA,NA,NA,NA,NA,154,14,12,130,6,NA,NA,NA,NA,NA,NA
2014-11-18,NA,NA,NA,NA,NA,NA,NA,NA,204,19,18,181,16,NA,NA,NA,NA,NA,NA
2014-11-19,NA,NA,NA,NA,NA,NA,NA,NA,220,27,12,188,24,NA,NA,NA,NA,NA,NA
2014-11-20,NA,NA,NA,NA,NA,NA,NA,NA,215,23,15,169,10,NA,NA,NA,NA,NA,NA
2014-11-21,NA,NA,NA,NA,NA,NA,NA,NA,201,36,19,183,15,NA,NA,NA,NA,NA,NA
2014-11-22,NA,NA,NA,NA,NA,NA,NA,NA,211,58,54,118,61,NA,NA,NA,NA,NA,NA
2014-11-23,NA,NA,NA,NA,NA,NA,NA,NA,429,163,98,195,212,NA,NA,NA,NA,NA,NA
2014-11-24,NA,NA,NA,NA,NA,NA,NA,NA,241,35,23,182,33,NA,NA,NA,NA,NA,NA
2014-11-25,NA,NA,NA,NA,NA,NA,NA,NA,153,21,9,126,7,NA,NA,NA,NA,NA,NA
2014-11-26,NA,NA,NA,NA,NA,NA,NA,NA,232,36,15,153,22,NA,NA,NA,NA,NA,NA
2014-11-27,NA,NA,NA,NA,NA,NA,NA,NA,201,21,21,166,23,NA,NA,NA,NA,NA,NA
2014-11-28,NA,NA,NA,NA,NA,NA,NA,NA,167,18,13,125,17,NA,NA,NA,NA,NA,NA
2014-11-29,NA,NA,NA,NA,NA,NA,NA,NA,102,14,10,66,33,NA,NA,NA,NA,NA,NA
2014-11-30,NA,NA,NA,NA,NA,NA,NA,NA,84,13,17,61,34,NA,NA,NA,NA,NA,NA
2014-12-01,NA,NA,NA,NA,NA,NA,NA,NA,114,5,7,111,9,NA,NA,NA,NA,NA,NA
2014-12-02,NA,NA,NA,NA,NA,NA,NA,NA,155,19,20,105,15,NA,NA,NA,NA,NA,NA
2014-12-03,NA,NA,NA,NA,NA,NA,NA,NA,127,19,10,141,11,NA,NA,NA,NA,NA,NA
2014-12-04,NA,NA,NA,NA,NA,NA,NA,NA,180,20,13,134,14,NA,NA,NA,NA,NA,NA
2014-12-05,NA,NA,NA,NA,NA,NA,NA,NA,164,22,15,126,11,NA,NA,NA,NA,NA,NA
2014-12-06,NA,NA,NA,NA,NA,NA,NA,NA,84,27,19,57,29,NA,NA,NA,NA,NA,NA
2014-12-07,NA,NA,NA,NA,NA,NA,NA,NA,122,40,28,81,40,NA,NA,NA,NA,NA,NA
2014-12-08,NA,NA,NA,NA,NA,NA,NA,NA,151,20,13,137,6,NA,NA,NA,NA,NA,NA
2014-12-09,NA,NA,NA,NA,NA,NA,NA,NA,211,42,18,162,24,NA,15,NA,NA,NA,NA
2014-12-10,NA,NA,NA,5,NA,NA,NA,NA,157,14,10,142,11,273,31,NA,NA,NA,NA
2014-12-11,NA,NA,NA,22,NA,NA,NA,NA,149,21,27,136,30,289,34,NA,NA,NA,NA
2014-12-12,NA,NA,NA,3,NA,NA,NA,NA,162,31,25,127,30,286,30,NA,NA,NA,NA
2014-12-13,NA,NA,NA,2,NA,NA,NA,NA,140,36,29,89,61,247,16,NA,NA,NA,NA
2014-12-14,NA,NA,NA,1,NA,NA,NA,NA,66,17,6,36,15,91,4,NA,NA,NA,NA
2014-12-15,NA,NA,NA,19,NA,NA,NA,NA,164,52,22,159,16,387,29,NA,NA,NA,NA
2014-12-16,NA,NA,NA,31,NA,NA,NA,NA,169,21,25,132,21,340,41,NA,NA,NA,NA
2014-12-17,NA,NA,NA,16,NA,NA,NA,NA,167,38,8,142,18,313,28,NA,NA,NA,NA
2014-12-18,NA,NA,NA,10,NA,NA,NA,NA,154,13,17,109,8,290,20,NA,NA,NA,NA
2014-12-19,NA,NA,NA,2,NA,NA,NA,NA,100,15,11,88,11,209,15,NA,NA,NA,NA
2014-12-20,NA,NA,NA,1,NA,NA,NA,NA,107,27,21,56,23,161,11,NA,NA,NA,NA
2014-12-21,NA,NA,NA,4,NA,NA,NA,NA,96,21,13,46,16,134,7,NA,NA,NA,NA
2014-12-22,NA,NA,NA,2,NA,NA,NA,NA,37,5,5,18,4,108,8,NA,NA,NA,NA
2014-12-23,NA,NA,NA,4,NA,NA,NA,NA,29,3,4,15,0,76,4,NA,NA,NA,NA
2014-12-24,NA,NA,NA,1,NA,NA,NA,NA,20,4,2,26,0,55,5,NA,NA,NA,NA
2014-12-25,NA,NA,NA,0,NA,NA,NA,NA,47,24,7,12,17,57,3,NA,NA,NA,NA
2014-12-26,NA,NA,NA,0,NA,NA,NA,NA,12,2,3,4,40,43,0,NA,NA,NA,NA
2014-12-27,NA,NA,NA,1,NA,NA,NA,NA,6,2,6,5,22,27,2,NA,NA,NA,NA
2014-12-28,NA,NA,NA,1,NA,NA,NA,NA,11,2,2,7,13,42,0,NA,NA,NA,NA
2014-12-29,NA,NA,NA,0,NA,NA,NA,NA,26,8,5,26,5,109,4,NA,NA,NA,NA
2014-12-30,NA,NA,NA,0,NA,NA,NA,NA,32,8,7,41,19,116,9,NA,NA,NA,NA
2014-12-31,NA,NA,NA,2,NA,NA,NA,NA,40,2,10,35,10,105,6,NA,NA,NA,NA
2015-01-01,NA,NA,NA,3,NA,NA,NA,NA,41,14,9,25,23,49,3,NA,NA,NA,NA
2015-01-02,NA,NA,NA,0,NA,NA,NA,NA,47,2,4,51,10,105,1,NA,NA,NA,NA
2015-01-03,NA,NA,NA,3,NA,NA,NA,NA,78,19,16,53,26,102,9,NA,NA,NA,NA
2015-01-04,NA,NA,NA,7,NA,NA,NA,NA,99,33,10,51,43,131,17,NA,NA,NA,NA
2015-01-05,NA,NA,NA,1,NA,NA,NA,NA,112,26,21,87,31,200,12,NA,NA,NA,NA
2015-01-06,NA,NA,NA,3,NA,NA,NA,NA,45,27,25,35,67,115,5,NA,NA,NA,NA
2015-01-07,NA,NA,NA,0,NA,NA,NA,NA,46,12,8,52,6,143,11,NA,NA,NA,NA
2015-01-08,NA,NA,NA,2,NA,NA,NA,NA,53,9,7,68,9,158,6,NA,NA,NA,NA
2015-01-09,NA,NA,NA,0,NA,NA,NA,NA,59,12,1,65,2,136,10,NA,NA,NA,NA
2015-01-10,NA,NA,NA,0,NA,NA,NA,NA,76,13,1,38,10,86,5,NA,NA,NA,NA
2015-01-11,NA,NA,NA,0,NA,NA,NA,NA,64,15,13,40,31,105,7,NA,NA,NA,NA
2015-01-12,NA,NA,NA,3,NA,NA,NA,NA,68,13,10,66,12,184,5,NA,NA,NA,NA
2015-01-13,NA,NA,NA,6,NA,NA,NA,NA,157,37,19,127,20,266,15,NA,NA,NA,NA
2015-01-14,NA,NA,NA,8,NA,NA,NA,NA,127,18,11,125,15,274,12,NA,NA,NA,NA
2015-01-15,NA,NA,NA,10,NA,NA,NA,NA,159,27,16,154,19,298,16,NA,NA,NA,NA
2015-01-16,NA,NA,NA,5,NA,NA,NA,NA,260,58,32,168,46,351,23,NA,NA,NA,NA
2015-01-17,NA,NA,NA,5,NA,NA,NA,NA,322,122,60,164,112,436,23,NA,NA,NA,NA
2015-01-18,NA,NA,NA,0,NA,NA,NA,NA,156,59,29,101,84,198,14,NA,NA,NA,NA
2015-01-19,NA,NA,NA,0,NA,NA,NA,NA,119,23,13,106,10,218,22,NA,NA,NA,NA
2015-01-20,NA,NA,NA,2,NA,NA,NA,NA,104,12,11,71,14,180,9,NA,NA,NA,NA
2015-01-21,NA,NA,NA,2,NA,NA,NA,NA,134,18,3,110,16,244,14,NA,NA,NA,NA
2015-01-22,NA,NA,NA,1,NA,NA,NA,NA,148,35,16,106,11,261,18,NA,NA,NA,NA
2015-01-23,NA,NA,NA,0,NA,NA,NA,NA,64,5,5,53,10,151,12,NA,NA,NA,NA
2015-01-24,NA,NA,NA,1,NA,NA,NA,NA,80,16,11,59,35,122,7,NA,NA,NA,NA
2015-01-25,NA,NA,NA,1,NA,NA,NA,NA,63,20,15,34,14,89,6,NA,NA,NA,NA
2015-01-26,NA,NA,NA,7,NA,NA,NA,NA,61,4,10,62,0,172,9,NA,NA,NA,NA
2015-01-27,NA,NA,NA,3,NA,NA,NA,NA,112,12,7,79,10,201,12,NA,NA,NA,NA
2015-01-28,NA,NA,NA,2,NA,NA,NA,NA,119,16,10,87,6,172,7,NA,NA,NA,NA
2015-01-29,NA,NA,NA,7,NA,NA,NA,NA,123,11,10,81,14,184,19,NA,NA,NA,NA
2015-01-30,NA,NA,NA,5,NA,NA,NA,NA,124,18,10,72,14,187,20,NA,NA,NA,NA
2015-01-31,NA,NA,NA,2,NA,NA,NA,NA,44,11,1,26,20,66,2,NA,NA,NA,NA
2015-02-01,NA,NA,NA,3,NA,NA,NA,NA,136,50,37,66,52,145,14,NA,NA,NA,NA
2015-02-02,NA,NA,NA,7,NA,NA,NA,NA,130,26,21,105,18,206,11,NA,NA,NA,NA
2015-02-03,NA,NA,NA,6,NA,NA,NA,NA,140,25,19,129,12,229,22,NA,NA,NA,NA
2015-02-04,NA,NA,NA,4,NA,NA,NA,NA,167,25,17,123,22,253,19,NA,NA,NA,NA
2015-02-05,NA,NA,NA,3,NA,NA,NA,NA,97,17,8,91,10,191,14,NA,NA,NA,NA
2015-02-06,NA,NA,NA,4,NA,NA,NA,NA,156,13,15,86,14,234,18,NA,NA,NA,NA
2015-02-07,NA,NA,NA,6,NA,NA,NA,NA,67,9,2,50,19,94,9,NA,NA,NA,NA
2015-02-08,NA,NA,NA,2,NA,NA,NA,NA,60,3,9,30,27,72,7,NA,NA,NA,NA
2015-02-09,NA,NA,NA,4,NA,NA,NA,NA,74,6,5,58,12,154,9,NA,NA,NA,NA
2015-02-10,NA,NA,NA,5,NA,NA,NA,NA,84,7,13,88,2,176,17,NA,NA,NA,NA
2015-02-11,NA,NA,NA,3,NA,NA,NA,NA,147,24,15,106,8,226,16,NA,NA,NA,NA
2015-02-12,NA,NA,NA,4,NA,NA,NA,NA,154,26,24,138,20,279,29,NA,NA,NA,NA
2015-02-13,NA,NA,NA,3,NA,NA,NA,NA,221,53,30,165,32,315,19,NA,NA,NA,NA
2015-02-14,NA,NA,NA,8,NA,NA,NA,NA,442,190,86,260,139,462,42,NA,NA,NA,NA
2015-02-15,NA,NA,NA,4,NA,NA,NA,NA,166,30,40,132,101,198,20,NA,NA,NA,NA
2015-02-16,NA,NA,NA,3,NA,NA,NA,NA,148,13,20,170,24,309,16,NA,NA,NA,NA
2015-02-17,NA,NA,NA,5,NA,NA,NA,NA,151,21,13,143,22,278,24,NA,NA,NA,NA
2015-02-18,NA,NA,NA,2,NA,NA,NA,NA,171,15,21,166,9,270,15,NA,NA,NA,NA
2015-02-19,NA,NA,NA,7,NA,NA,NA,NA,114,18,15,121,6,244,18,NA,NA,NA,NA
2015-02-20,NA,NA,NA,3,NA,NA,NA,NA,315,101,47,245,54,348,30,NA,NA,NA,NA
2015-02-21,NA,NA,NA,9,NA,NA,NA,NA,338,118,74,223,134,369,42,NA,NA,NA,NA
2015-02-22,NA,NA,NA,7,NA,NA,NA,NA,437,149,115,256,136,470,47,NA,NA,NA,NA
2015-02-23,NA,NA,NA,11,NA,NA,NA,NA,235,50,46,261,35,419,34,NA,NA,NA,NA
2015-02-24,NA,NA,NA,6,NA,NA,NA,NA,241,34,40,243,26,406,32,NA,NA,NA,NA
2015-02-25,NA,NA,NA,4,NA,NA,NA,NA,240,44,41,212,40,402,33,NA,NA,NA,NA
2015-02-26,NA,NA,NA,3,NA,NA,NA,NA,187,32,38,189,20,349,26,NA,NA,NA,NA
2015-02-27,NA,NA,NA,4,NA,NA,NA,NA,271,39,30,251,25,391,41,NA,NA,NA,NA
2015-02-28,NA,NA,NA,7,NA,NA,NA,NA,322,112,76,183,116,377,39,NA,NA,NA,NA
2015-03-01,NA,NA,NA,14,NA,NA,NA,NA,513,187,139,355,249,581,68,NA,NA,NA,NA
2015-03-02,NA,NA,NA,2,NA,NA,NA,NA,200,31,37,200,30,397,37,NA,NA,NA,NA
2015-03-03,NA,NA,NA,4,NA,NA,NA,NA,175,16,27,164,15,338,21,NA,NA,NA,NA
2015-03-04,NA,NA,NA,1,NA,NA,NA,NA,138,25,26,89,12,237,14,NA,NA,NA,NA
2015-03-05,NA,NA,NA,6,NA,NA,NA,NA,171,25,26,180,8,331,16,NA,NA,NA,NA
2015-03-06,NA,NA,NA,10,NA,NA,NA,NA,217,35,35,190,19,325,25,NA,NA,NA,NA
2015-03-07,NA,NA,NA,9,NA,NA,NA,NA,184,77,49,149,51,296,20,NA,NA,NA,NA
2015-03-08,NA,NA,NA,30,NA,NA,NA,NA,639,310,207,451,379,748,83,NA,NA,NA,NA
2015-03-09,NA,NA,NA,13,NA,NA,NA,NA,477,112,97,388,117,779,53,NA,NA,NA,NA
2015-03-10,NA,NA,NA,29,NA,NA,NA,NA,637,176,161,503,245,977,77,NA,NA,NA,NA
2015-03-11,NA,NA,NA,21,NA,NA,NA,NA,327,41,56,259,47,559,28,NA,NA,NA,NA
2015-03-12,NA,NA,NA,15,NA,NA,NA,NA,374,66,60,356,74,625,42,NA,NA,NA,NA
2015-03-13,NA,NA,NA,9,NA,NA,NA,NA,148,11,19,158,10,294,20,NA,NA,NA,NA
2015-03-14,NA,NA,NA,3,NA,NA,NA,NA,66,10,13,50,26,160,12,NA,NA,NA,NA
2015-03-15,NA,NA,NA,16,NA,NA,NA,NA,454,132,137,270,228,508,46,NA,NA,NA,NA
2015-03-16,NA,NA,NA,22,NA,NA,NA,NA,485,62,113,415,151,838,58,NA,NA,NA,NA
2015-03-17,NA,NA,NA,25,NA,NA,NA,NA,658,128,136,538,209,1100,66,NA,NA,NA,NA
2015-03-18,NA,NA,NA,22,NA,NA,NA,NA,587,99,142,476,220,948,66,NA,NA,NA,NA
2015-03-19,NA,NA,NA,25,NA,NA,NA,NA,617,160,155,488,183,1041,76,NA,NA,NA,NA
2015-03-20,NA,NA,NA,28,NA,NA,NA,NA,604,168,177,465,241,932,73,NA,NA,NA,NA
2015-03-21,NA,NA,NA,44,NA,NA,NA,NA,1059,494,407,760,813,1227,101,NA,NA,NA,NA
2015-03-22,NA,NA,NA,6,NA,NA,NA,NA,269,85,86,182,209,416,29,NA,NA,NA,NA
2015-03-23,NA,NA,NA,18,NA,NA,NA,NA,426,83,92,344,95,744,56,NA,NA,NA,NA
2015-03-24,NA,NA,NA,40,NA,NA,NA,NA,730,183,192,644,272,1176,89,NA,NA,NA,NA
2015-03-25,NA,NA,NA,44,NA,NA,NA,NA,866,243,243,744,359,1464,103,NA,NA,NA,NA
2015-03-26,NA,NA,NA,31,NA,NA,NA,NA,410,71,89,406,93,788,71,NA,NA,NA,NA
2015-03-27,NA,NA,NA,18,NA,NA,NA,NA,498,85,117,425,146,876,65,NA,NA,NA,NA
2015-03-28,NA,NA,NA,22,NA,NA,NA,NA,367,103,121,299,216,609,48,NA,NA,NA,NA
2015-03-29,NA,NA,NA,43,NA,NA,NA,NA,962,443,364,693,785,1299,114,NA,NA,NA,NA
2015-03-30,NA,NA,NA,13,NA,NA,NA,NA,200,25,33,189,31,414,29,NA,NA,NA,NA
2015-03-31,NA,NA,NA,15,NA,NA,NA,NA,194,14,35,194,23,426,23,NA,NA,NA,NA
2015-04-01,NA,NA,NA,6,NA,NA,NA,NA,114,12,21,113,8,217,14,NA,NA,NA,NA
2015-04-02,NA,NA,NA,18,NA,NA,NA,NA,200,32,49,199,42,417,18,NA,NA,NA,NA
2015-04-03,NA,NA,NA,11,NA,NA,NA,NA,152,45,29,120,19,285,21,NA,NA,NA,NA
2015-04-04,NA,NA,NA,12,NA,NA,NA,NA,206,56,55,139,76,234,26,NA,NA,NA,NA
2015-04-05,NA,NA,NA,4,NA,NA,NA,NA,27,24,13,30,31,74,8,NA,NA,NA,NA
2015-04-06,NA,NA,NA,19,NA,NA,NA,NA,221,96,61,128,98,262,41,NA,NA,NA,NA
2015-04-07,NA,NA,NA,15,NA,NA,NA,NA,440,113,88,327,186,678,47,NA,NA,NA,NA
2015-04-08,NA,NA,NA,31,NA,NA,NA,NA,608,104,131,460,163,987,56,NA,NA,NA,NA
2015-04-09,NA,NA,NA,49,NA,NA,NA,NA,872,249,273,673,427,1441,99,NA,NA,NA,NA
2015-04-10,NA,NA,NA,56,NA,NA,NA,NA,1172,346,354,895,638,1761,130,NA,NA,NA,NA
2015-04-11,NA,NA,NA,123,NA,NA,NA,NA,2779,1476,1020,1906,2313,3132,239,NA,NA,NA,NA
2015-04-12,NA,NA,NA,84,NA,NA,NA,NA,1454,698,542,924,1454,1825,176,NA,NA,NA,NA
2015-04-13,NA,NA,NA,17,NA,NA,NA,NA,380,26,93,424,80,859,43,NA,NA,NA,NA
2015-04-14,NA,NA,NA,28,NA,NA,NA,NA,550,78,116,491,151,1033,54,NA,NA,NA,NA
2015-04-15,NA,NA,NA,40,NA,NA,NA,NA,566,81,120,540,157,912,78,NA,NA,NA,NA
2015-04-16,NA,NA,NA,61,NA,NA,NA,NA,996,248,267,812,434,1515,109,NA,NA,NA,NA
2015-04-17,NA,NA,NA,48,NA,NA,NA,NA,704,126,145,619,210,1125,80,NA,NA,NA,NA
2015-04-18,NA,NA,NA,33,NA,NA,NA,NA,306,104,73,276,173,456,36,NA,NA,NA,NA
2015-04-19,NA,NA,NA,28,NA,NA,NA,NA,336,116,124,276,249,482,58,NA,NA,NA,NA
2015-04-20,NA,NA,NA,40,NA,NA,NA,NA,586,90,141,488,193,1069,67,NA,NA,NA,NA
2015-04-21,NA,NA,NA,89,NA,NA,NA,NA,957,206,278,791,401,1506,129,NA,NA,NA,NA
2015-04-22,NA,NA,NA,123,NA,NA,NA,NA,1275,361,382,1017,667,2010,199,NA,NA,NA,NA
2015-04-23,NA,NA,NA,120,NA,NA,NA,NA,1253,345,397,1043,641,1974,207,NA,NA,NA,NA
2015-04-24,NA,NA,NA,124,NA,NA,NA,NA,1462,467,445,1286,829,2260,210,NA,NA,NA,NA
2015-04-25,NA,NA,NA,203,NA,NA,NA,NA,3186,1712,1258,2169,2554,3575,348,NA,NA,NA,NA
2015-04-26,NA,NA,NA,72,NA,NA,NA,NA,776,299,163,531,420,971,121,NA,NA,NA,NA
2015-04-27,NA,NA,NA,174,NA,NA,NA,NA,1814,632,494,1436,739,2449,275,NA,NA,NA,NA
2015-04-28,NA,NA,NA,99,NA,NA,NA,NA,794,142,190,713,221,1466,171,NA,NA,NA,NA
2015-04-29,NA,NA,NA,89,NA,NA,NA,NA,717,162,204,592,245,1180,141,NA,NA,NA,NA
2015-04-30,NA,NA,NA,134,NA,NA,NA,NA,974,187,249,831,353,1585,199,NA,NA,NA,NA
2015-05-01,NA,NA,NA,78,NA,NA,NA,NA,865,368,385,536,485,946,120,NA,NA,NA,NA
2015-05-02,NA,NA,NA,160,NA,NA,NA,NA,2120,927,965,1468,1350,2352,251,NA,NA,NA,NA
2015-05-03,NA,NA,NA,244,NA,NA,NA,NA,3199,1527,1475,2039,2431,3287,407,NA,NA,NA,NA
2015-05-04,NA,NA,NA,102,NA,NA,NA,NA,711,157,205,706,239,1251,169,NA,NA,NA,NA
2015-05-05,NA,NA,NA,219,NA,NA,NA,NA,1844,505,462,1446,680,2509,340,NA,NA,NA,NA
2015-05-06,NA,NA,NA,56,NA,NA,NA,NA,318,70,69,345,54,624,76,NA,NA,NA,NA
2015-05-07,NA,NA,NA,185,NA,NA,NA,NA,1599,430,514,1297,588,2365,267,NA,NA,NA,NA
2015-05-08,NA,NA,NA,210,NA,NA,NA,NA,1634,424,494,1444,654,2520,302,NA,NA,NA,NA
2015-05-09,NA,NA,NA,219,NA,NA,NA,NA,2479,1347,1120,2163,1765,2922,340,NA,NA,NA,NA
2015-05-10,NA,NA,NA,65,NA,NA,NA,NA,477,178,221,362,246,622,77,NA,NA,NA,NA
2015-05-11,NA,NA,NA,155,NA,NA,NA,NA,1072,249,267,910,287,1752,225,NA,NA,NA,NA
2015-05-12,NA,NA,NA,231,NA,NA,NA,NA,1914,498,554,1496,666,2822,332,NA,NA,NA,NA
2015-05-13,NA,NA,NA,147,NA,NA,NA,NA,1198,282,334,1065,404,1889,200,NA,NA,NA,NA
2015-05-14,NA,NA,NA,105,NA,NA,NA,NA,743,130,228,722,190,1253,149,NA,NA,NA,NA
2015-05-15,NA,NA,NA,120,NA,NA,NA,NA,885,183,245,914,253,1514,173,NA,NA,NA,NA
2015-05-16,NA,NA,NA,197,NA,NA,NA,NA,2611,1254,1307,1962,1601,2678,349,NA,NA,NA,NA
2015-05-17,NA,NA,NA,71,NA,NA,NA,NA,796,333,300,472,411,861,111,NA,NA,NA,NA
2015-05-18,NA,NA,NA,164,NA,NA,NA,NA,1328,332,476,1102,503,1975,252,NA,NA,NA,NA
2015-05-19,NA,NA,NA,141,NA,NA,NA,NA,1201,258,321,1022,342,1941,213,NA,NA,NA,NA
2015-05-20,NA,NA,NA,148,NA,NA,NA,NA,851,146,214,682,177,1401,193,NA,NA,NA,NA
2015-05-21,NA,NA,NA,114,NA,NA,NA,NA,724,127,172,600,167,1137,167,NA,NA,NA,NA
2015-05-22,NA,NA,NA,188,NA,NA,NA,NA,1609,444,450,1203,546,2245,268,NA,NA,NA,NA
2015-05-23,NA,NA,NA,114,NA,NA,NA,NA,963,350,409,750,461,1233,157,NA,NA,NA,NA
2015-05-24,NA,NA,NA,305,NA,NA,NA,NA,3144,1650,1732,2132,2135,3312,463,NA,NA,NA,NA
2015-05-25,NA,NA,NA,135,NA,NA,NA,NA,820,142,230,800,151,1604,199,NA,NA,NA,NA
2015-05-26,NA,NA,NA,94,NA,NA,NA,NA,611,92,115,597,83,1213,133,NA,NA,NA,NA
2015-05-27,NA,NA,NA,96,NA,NA,NA,NA,728,158,203,660,182,1192,166,NA,NA,NA,NA
2015-05-28,NA,NA,NA,176,NA,NA,NA,NA,1310,331,412,1179,410,2042,272,NA,NA,NA,NA
2015-05-29,NA,NA,3374,204,NA,1364,1189,NA,1645,517,583,1564,629,2491,312,NA,NA,NA,NA
2015-05-30,NA,NA,2536,230,NA,1275,1163,NA,2290,1146,1529,1817,1428,2465,339,NA,NA,NA,NA
2015-05-31,NA,NA,3214,284,NA,1576,1371,NA,3450,1730,1636,2491,1957,3358,434,NA,NA,NA,NA
2015-06-01,NA,NA,4120,249,NA,1599,1330,NA,1925,575,663,1595,425,2918,376,NA,NA,NA,NA
2015-06-02,NA,NA,4403,290,NA,1767,1418,NA,2177,746,878,1857,695,3165,406,NA,NA,NA,NA
2015-06-03,NA,NA,4161,240,NA,1784,1349,NA,1913,616,755,1748,631,2937,373,NA,NA,NA,NA
2015-06-04,NA,NA,3522,355,NA,1920,1421,NA,4640,2564,2162,3346,2642,4280,616,NA,NA,NA,NA
2015-06-05,NA,NA,2846,279,NA,NA,1344,NA,2362,1030,1092,1896,1118,2787,378,NA,NA,NA,NA
2015-06-06,NA,NA,2414,247,NA,1434,1142,NA,3023,1461,1370,2398,1607,2859,413,NA,NA,NA,NA
2015-06-07,NA,NA,2514,235,NA,1547,1154,NA,2945,1612,1443,2057,1545,3133,418,NA,NA,NA,NA
2015-06-08,NA,NA,3385,211,NA,1411,1162,NA,1380,370,433,1267,401,2395,360,NA,NA,NA,NA
2015-06-09,NA,NA,3133,172,NA,1277,988,NA,1133,209,287,1137,248,2057,282,NA,NA,NA,NA
2015-06-10,NA,NA,3626,221,NA,1413,1171,NA,1779,476,583,1533,426,2654,358,NA,NA,NA,NA
2015-06-11,NA,NA,4407,282,NA,1829,1423,NA,2220,696,939,1954,721,3317,454,NA,NA,NA,NA
2015-06-12,NA,NA,4092,317,NA,1836,1477,NA,2141,674,657,1845,788,3093,420,NA,NA,NA,NA
2015-06-13,NA,NA,3176,278,NA,1542,1332,NA,3110,1706,1500,2478,1727,3367,436,NA,NA,NA,NA
2015-06-14,NA,NA,2647,236,NA,1415,1205,NA,2910,1684,1467,2154,1702,3087,399,NA,NA,NA,NA
2015-06-15,NA,NA,2609,202,NA,1081,961,NA,1176,381,427,980,341,1762,264,NA,NA,NA,NA
2015-06-16,NA,NA,3970,245,NA,1672,1287,NA,1818,529,636,1686,531,2816,404,NA,NA,NA,NA
2015-06-17,NA,NA,4080,293,NA,1727,1331,NA,1974,527,633,1838,587,3012,452,NA,NA,NA,NA
2015-06-18,NA,NA,3089,212,NA,NA,1097,NA,1368,261,451,1243,313,2170,301,NA,NA,NA,NA
2015-06-19,NA,NA,2189,141,NA,927,795,NA,976,299,357,1014,271,1529,225,NA,NA,NA,NA
2015-06-20,NA,NA,1663,176,NA,959,991,NA,2047,781,785,1341,743,2179,293,NA,NA,NA,NA
2015-06-21,NA,NA,2700,249,NA,1124,1124,NA,3018,1478,1603,2222,1513,2830,377,NA,NA,NA,NA
2015-06-22,NA,NA,3424,231,NA,1502,1238,NA,1421,333,491,1353,355,2490,348,NA,NA,NA,NA
2015-06-23,NA,NA,2129,121,NA,845,651,NA,728,125,157,721,161,1381,180,NA,NA,NA,NA
2015-06-24,NA,NA,3730,230,NA,1497,1169,NA,1655,546,679,1666,602,2652,362,NA,NA,NA,NA
2015-06-25,NA,NA,4074,284,NA,1717,1326,NA,1964,540,785,1827,665,2990,423,NA,NA,NA,NA
2015-06-26,NA,NA,3088,251,NA,1513,1109,NA,1652,499,554,1451,436,2506,334,NA,NA,NA,NA
2015-06-27,NA,NA,2269,249,NA,1350,1137,NA,2538,1279,1513,2424,1444,2753,407,NA,NA,NA,NA
2015-06-28,NA,NA,2827,300,NA,1536,1276,NA,3667,2017,1996,2637,1899,3517,473,NA,NA,NA,NA
2015-06-29,NA,NA,2760,217,NA,1146,966,NA,1153,238,352,1029,266,1875,281,NA,NA,NA,NA
2015-06-30,NA,NA,4268,299,NA,1780,1375,NA,2260,687,873,1888,755,3083,435,NA,NA,NA,NA
2015-07-01,NA,NA,4547,360,NA,1955,1501,NA,2617,853,1039,2285,914,3439,513,NA,NA,NA,NA
2015-07-02,NA,NA,4511,323,NA,1988,1490,NA,2638,855,1110,2221,950,3659,467,NA,NA,NA,NA
2015-07-03,NA,NA,3869,279,NA,1833,1373,NA,2338,762,871,2103,761,3292,451,NA,NA,NA,NA
2015-07-04,NA,NA,2197,230,NA,1205,1076,NA,2600,1368,1306,2204,1314,2793,341,NA,NA,NA,NA
2015-07-05,NA,NA,2227,174,NA,1226,940,NA,2586,1428,1403,2035,1224,2757,303,NA,NA,NA,NA
2015-07-06,NA,NA,3396,233,NA,1592,1249,NA,1626,514,602,1438,389,2620,352,NA,NA,NA,NA
2015-07-07,NA,NA,4565,291,NA,1901,1398,NA,2424,856,1069,2257,836,3366,505,NA,NA,NA,NA
2015-07-08,NA,NA,2114,149,NA,946,788,NA,922,200,276,861,164,1484,216,NA,NA,NA,NA
2015-07-09,NA,NA,2686,180,NA,1253,985,NA,1206,333,406,1119,198,1993,265,NA,NA,NA,NA
2015-07-10,NA,NA,1999,106,NA,912,714,NA,723,128,170,740,122,1239,159,NA,NA,NA,NA
2015-07-11,NA,NA,1237,135,NA,786,885,NA,1182,555,635,988,620,1449,228,NA,NA,NA,NA
2015-07-12,NA,NA,2710,264,NA,1370,1389,NA,3275,1840,1890,2652,1677,3191,418,NA,NA,NA,NA
2015-07-13,NA,NA,2355,174,NA,1020,831,NA,955,337,376,914,250,1618,231,NA,NA,NA,NA
2015-07-14,NA,NA,3006,216,NA,1291,1078,NA,1498,519,580,1390,445,2105,335,NA,NA,NA,NA
2015-07-15,NA,NA,3596,237,NA,1673,1260,NA,1962,643,771,1751,645,2609,415,NA,NA,NA,NA
2015-07-16,NA,NA,4042,299,NA,1829,1313,NA,2296,828,949,2156,707,3119,483,NA,NA,NA,NA
2015-07-17,NA,NA,3596,289,NA,1749,1387,NA,2092,796,908,2058,685,2902,389,NA,NA,NA,NA
2015-07-18,NA,NA,1924,212,NA,1152,1135,NA,2307,1104,1554,2117,1113,2472,326,NA,NA,NA,NA
2015-07-19,NA,NA,2021,228,NA,1179,1112,NA,2477,1438,1266,1963,1223,2334,358,NA,NA,NA,NA
2015-07-20,NA,NA,3141,203,NA,1262,1091,NA,1443,534,661,1293,405,2198,299,NA,NA,NA,NA
2015-07-21,NA,NA,3977,275,NA,1686,1446,NA,1695,744,804,1925,720,3025,434,NA,NA,NA,NA
2015-07-22,NA,NA,4148,289,NA,1828,1452,NA,2065,876,1085,2312,755,3269,454,NA,NA,NA,NA
2015-07-23,NA,NA,3339,199,NA,1534,1227,NA,1609,579,857,1668,501,2510,327,NA,NA,NA,NA
2015-07-24,NA,NA,3543,263,NA,1625,1309,NA,2027,691,804,2283,642,2757,413,NA,NA,NA,NA
2015-07-25,NA,NA,1441,157,NA,825,878,NA,1417,679,864,1346,589,1578,215,NA,NA,NA,NA
2015-07-26,NA,NA,1448,149,NA,823,788,NA,1579,741,901,1241,715,1588,222,NA,NA,NA,NA
2015-07-27,NA,NA,3154,214,NA,1441,1110,NA,1419,353,430,1324,352,2182,305,NA,NA,NA,NA
2015-07-28,NA,NA,2912,189,NA,1336,1036,NA,1395,290,427,1216,259,2044,262,NA,NA,NA,NA
2015-07-29,NA,NA,3436,245,NA,1586,1239,NA,1902,628,778,1677,498,2640,357,NA,NA,NA,NA
2015-07-30,NA,NA,3398,205,NA,1624,1160,NA,1692,497,738,1620,467,2513,314,NA,NA,NA,NA
2015-07-31,NA,NA,2873,197,NA,1460,1164,NA,1396,396,546,1389,308,2177,283,NA,NA,NA,NA
2015-08-01,NA,NA,2209,246,NA,1542,1257,NA,3158,1740,1739,2532,1341,3236,434,NA,NA,NA,NA
2015-08-02,NA,NA,2708,312,NA,1698,1253,NA,4775,2961,2082,3433,1624,4027,507,NA,NA,NA,NA
2015-08-03,NA,NA,3803,250,NA,1851,1344,NA,2091,1788,1124,2249,725,3039,397,NA,NA,NA,NA
2015-08-04,NA,NA,NA,263,NA,1954,1388,NA,2255,1682,1216,2572,596,3213,408,NA,NA,NA,NA
2015-08-05,NA,NA,3859,273,NA,1832,1324,NA,1949,1407,1043,2280,485,2965,447,NA,NA,NA,NA
2015-08-06,NA,NA,3685,232,NA,1692,1231,NA,1779,1297,962,2118,543,2809,348,NA,NA,NA,NA
2015-08-07,NA,NA,3013,255,NA,1472,1120,NA,1511,1030,589,1772,453,2402,348,NA,NA,NA,NA
2015-08-08,NA,NA,1478,156,NA,960,899,NA,1605,1330,883,1876,684,2029,224,NA,NA,NA,NA
2015-08-09,NA,NA,1544,177,NA,972,942,NA,1830,1620,1123,1674,782,1899,268,NA,NA,NA,NA
2015-08-10,NA,NA,3598,257,NA,1663,1286,NA,1749,1248,862,1825,542,2705,415,NA,NA,NA,NA
2015-08-11,NA,NA,3928,288,NA,1795,1266,NA,1874,1332,868,2069,491,2912,402,NA,NA,NA,NA
2015-08-12,NA,NA,3715,255,NA,1788,1292,NA,2069,1261,813,2265,529,2920,411,NA,NA,NA,NA
2015-08-13,NA,NA,3411,228,NA,1687,1311,NA,1754,1198,830,1883,477,2708,348,NA,NA,NA,NA
2015-08-14,NA,NA,2638,229,NA,1487,1238,NA,1731,1251,817,1703,525,2440,318,NA,NA,NA,NA
2015-08-15,NA,NA,2107,213,NA,1401,944,NA,2919,2225,1509,2588,1039,2662,330,NA,NA,NA,NA
2015-08-16,NA,NA,1931,244,NA,1156,1000,NA,2605,2203,1375,2006,985,2607,380,NA,NA,NA,NA
2015-08-17,NA,NA,3355,257,NA,1782,1293,NA,1987,1254,794,1729,477,2669,410,NA,NA,NA,NA
2015-08-18,NA,NA,3957,325,NA,1913,1432,NA,2146,1503,1051,2187,716,3074,479,NA,NA,NA,NA
2015-08-19,NA,NA,4052,293,NA,1864,1405,NA,2259,1398,967,1931,674,2991,446,NA,NA,NA,NA
2015-08-20,NA,NA,3847,246,NA,1790,1421,NA,1961,1374,907,1969,624,2921,406,NA,NA,NA,NA
2015-08-21,NA,NA,3345,234,NA,1654,1290,NA,1735,1282,770,1732,479,2525,350,NA,NA,NA,NA
2015-08-22,NA,NA,1867,224,NA,1184,1179,NA,2466,1855,1324,1992,856,2420,357,NA,NA,NA,NA
2015-08-23,NA,NA,2549,257,NA,1531,1371,NA,3635,2661,1860,2802,1401,3369,461,NA,NA,NA,NA
2015-08-24,NA,NA,3809,314,NA,1773,1396,NA,1760,1289,839,1889,542,2865,404,NA,NA,NA,NA
2015-08-25,NA,NA,2382,143,NA,1114,862,NA,770,375,332,920,136,1641,238,NA,NA,NA,NA
2015-08-26,NA,NA,3920,289,NA,1852,1397,NA,1949,1398,1065,1996,607,2894,450,NA,NA,NA,NA
2015-08-27,NA,NA,4022,317,NA,1836,1392,NA,1911,1308,977,2096,477,3005,436,NA,NA,NA,NA
2015-08-28,NA,NA,3271,263,NA,1589,1310,NA,1519,929,667,1630,382,2632,367,NA,NA,NA,NA
2015-08-29,NA,NA,2289,264,NA,1449,1245,NA,3066,2366,1680,2535,1177,3147,403,NA,NA,NA,NA
2015-08-30,NA,NA,2573,273,NA,1630,1395,NA,3695,2879,1898,2737,1555,3556,501,NA,NA,NA,NA
2015-08-31,NA,NA,3919,260,NA,1812,1389,NA,1653,1086,934,1828,437,2868,453,NA,NA,NA,NA
2015-09-01,NA,NA,4072,233,NA,1910,1396,NA,1825,1066,978,2075,457,2943,431,NA,NA,NA,NA
2015-09-02,NA,NA,3254,175,NA,1532,1127,NA,1063,556,455,1240,210,2120,324,NA,NA,NA,NA
2015-09-03,NA,NA,3558,231,NA,1680,1281,NA,1476,923,674,1506,334,2624,420,NA,NA,NA,NA
2015-09-04,NA,NA,1725,114,NA,870,782,NA,661,378,263,740,118,1266,196,NA,NA,NA,NA
2015-09-05,NA,NA,2113,178,NA,1253,1213,NA,2330,1747,1159,1949,891,2471,329,NA,NA,NA,NA
2015-09-06,NA,NA,1086,103,NA,671,613,NA,1063,809,510,885,456,1186,178,NA,NA,NA,NA
2015-09-07,NA,NA,875,39,NA,413,361,NA,214,86,60,270,13,583,58,NA,NA,NA,NA
2015-09-08,NA,NA,1728,95,NA,693,546,NA,535,257,175,572,82,1052,134,NA,NA,NA,NA
2015-09-09,NA,NA,2353,112,NA,1090,952,NA,1003,564,321,1054,246,1638,242,NA,NA,NA,NA
2015-09-10,NA,NA,2942,184,NA,1345,1014,NA,1459,718,464,1318,324,2015,297,NA,NA,NA,NA
2015-09-11,NA,NA,2719,134,NA,1198,980,NA,1170,496,351,1151,242,1816,246,NA,NA,NA,NA
2015-09-12,NA,NA,483,43,NA,368,390,NA,395,171,155,327,90,474,72,NA,NA,NA,NA
2015-09-13,NA,NA,1514,124,NA,795,650,NA,2007,1431,854,1140,692,1643,265,NA,NA,NA,NA
2015-09-14,NA,NA,2688,153,NA,1141,917,NA,1001,552,327,1063,211,1789,254,NA,NA,NA,NA
2015-09-15,NA,NA,3202,233,NA,1362,1097,NA,1338,959,603,1404,322,2158,343,NA,NA,NA,NA
2015-09-16,NA,NA,3330,241,NA,1531,1224,NA,1503,1054,669,1568,367,2393,355,NA,NA,NA,NA
2015-09-17,NA,NA,3651,295,NA,1799,1342,NA,1699,1341,829,1693,523,2828,426,NA,NA,NA,NA
2015-09-18,NA,NA,2666,179,NA,1243,977,NA,1048,620,381,1101,262,1906,257,NA,NA,NA,NA
2015-09-19,NA,NA,2079,249,NA,1256,1458,NA,2576,1886,1145,1781,964,2520,351,NA,NA,NA,NA
2015-09-20,NA,NA,1441,119,NA,832,885,NA,1428,1106,699,1071,678,1533,225,NA,NA,NA,NA
2015-09-21,NA,NA,2196,134,NA,994,811,NA,740,331,221,818,103,1494,217,NA,NA,NA,NA
2015-09-22,NA,NA,2543,197,NA,1078,845,NA,1063,630,348,987,231,1787,315,NA,NA,NA,NA
2015-09-23,NA,NA,2926,218,NA,1224,1032,NA,1222,833,474,1249,289,2034,330,NA,NA,NA,NA
2015-09-24,NA,NA,2914,234,NA,1311,1075,NA,1323,902,486,1252,252,2125,328,NA,NA,NA,NA
2015-09-25,NA,NA,2263,168,NA,1073,885,NA,986,486,294,984,159,1607,262,NA,NA,NA,NA
2015-09-26,NA,NA,370,54,NA,277,296,NA,235,150,60,189,51,385,70,NA,NA,NA,NA
2015-09-27,NA,NA,1312,163,NA,770,748,NA,1672,1068,615,1096,598,1665,267,NA,NA,NA,NA
2015-09-28,NA,NA,2481,154,NA,1029,781,NA,844,462,218,940,133,1469,241,NA,NA,NA,NA
2015-09-29,NA,NA,2548,168,NA,966,798,NA,843,396,262,896,148,1536,234,NA,NA,NA,NA
2015-09-30,NA,NA,2467,146,NA,1068,831,NA,890,513,321,938,178,1564,229,NA,NA,NA,NA
2015-10-01,NA,NA,2486,174,NA,1011,814,0,942,481,317,903,162,1577,238,0,0,NA,NA
2015-10-02,NA,NA,2412,148,NA,982,818,0,904,470,248,912,194,1495,227,0,0,NA,NA
2015-10-03,NA,NA,1670,170,NA,910,899,0,1704,1481,883,1093,838,1818,281,0,0,NA,NA
2015-10-04,NA,NA,2098,206,NA,1096,968,0,2483,1968,1170,1661,1176,2294,335,0,0,NA,NA
2015-10-05,NA,NA,2972,192,NA,1169,864,0,1139,718,401,1075,214,1716,286,0,0,NA,NA
2015-10-06,NA,NA,2516,167,NA,1008,818,0,831,368,255,770,134,1391,226,0,0,NA,NA
2015-10-07,NA,NA,2276,119,NA,761,629,0,682,286,169,709,112,1168,167,0,0,NA,NA
2015-10-08,NA,NA,2094,109,NA,728,608,0,659,264,164,626,107,1069,145,0,0,NA,NA
2015-10-09,NA,NA,1867,80,NA,667,583,0,576,254,165,537,84,908,146,0,0,NA,NA
2015-10-10,NA,NA,740,86,NA,397,399,0,542,443,214,356,218,664,102,0,0,NA,NA
2015-10-11,NA,NA,577,62,NA,327,317,0,462,330,167,331,231,496,76,0,0,NA,NA
2015-10-12,NA,NA,1344,52,NA,486,398,0,315,110,72,339,23,642,77,0,0,NA,NA
2015-10-13,NA,NA,1010,39,NA,344,259,0,210,53,42,253,12,435,54,0,0,NA,NA
2015-10-14,NA,NA,1525,71,NA,507,411,0,509,265,140,498,49,743,129,0,0,NA,NA
2015-10-15,NA,NA,1413,69,NA,486,389,0,363,154,95,416,41,735,93,0,0,NA,NA
2015-10-16,NA,NA,1276,61,NA,404,400,0,419,199,110,384,50,694,104,0,0,NA,NA
2015-10-17,NA,NA,234,18,NA,133,157,0,71,39,21,88,9,134,25,0,0,NA,NA
2015-10-18,NA,NA,149,4,NA,62,76,0,57,29,13,41,5,75,13,0,0,NA,NA
2015-10-19,NA,NA,1562,80,NA,528,429,0,504,260,152,466,75,786,126,0,0,NA,NA
2015-10-20,NA,NA,1480,75,NA,547,426,0,497,215,163,429,68,740,107,0,0,NA,NA
2015-10-21,NA,NA,1094,37,NA,319,257,0,283,87,63,253,19,459,47,0,0,NA,NA
2015-10-22,NA,NA,1495,90,NA,529,431,0,497,248,159,436,54,759,111,0,0,NA,NA
2015-10-23,NA,NA,1218,65,NA,450,400,0,383,172,99,368,44,601,91,0,0,NA,NA
2015-10-24,NA,NA,627,49,NA,305,370,0,461,328,162,340,232,612,82,0,0,NA,NA
2015-10-25,NA,NA,593,48,NA,272,310,0,453,360,194,335,225,536,66,0,0,NA,NA
2015-10-26,NA,NA,1584,73,NA,548,447,0,530,246,168,506,92,835,113,0,0,NA,NA
2015-10-27,NA,NA,1735,85,NA,570,471,0,583,263,191,527,65,907,135,0,0,NA,NA
2015-10-28,NA,NA,1694,69,NA,545,439,0,559,276,202,513,90,896,114,566,641,NA,NA
2015-10-29,NA,NA,1575,80,NA,507,412,312,523,197,157,488,75,786,106,1008,831,NA,NA
2015-10-30,NA,NA,1670,94,NA,551,488,434,582,342,188,496,99,932,134,1087,866,NA,NA
2015-10-31,NA,NA,662,64,NA,340,374,173,612,443,222,411,278,712,105,480,318,NA,NA
2015-11-01,NA,NA,584,46,NA,246,298,168,703,547,273,404,356,775,74,493,298,NA,NA
2015-11-02,NA,NA,1537,63,NA,532,436,346,503,242,233,386,89,857,148,997,857,NA,NA
2015-11-03,NA,NA,1776,53,NA,521,454,444,575,287,424,277,93,881,129,1060,818,NA,NA
2015-11-04,NA,NA,1562,49,NA,490,415,454,500,289,408,233,84,756,117,984,836,NA,NA
2015-11-05,NA,NA,1402,60,NA,442,379,421,388,179,287,236,24,674,89,893,712,NA,NA
2015-11-06,NA,NA,1207,72,NA,377,312,348,360,149,263,201,42,578,94,805,621,NA,NA
2015-11-07,NA,NA,401,24,NA,166,166,159,181,104,92,137,57,288,36,352,234,NA,NA
2015-11-08,NA,NA,467,33,NA,213,236,172,364,294,212,185,175,420,47,375,268,NA,NA
2015-11-09,NA,NA,1129,63,NA,348,290,338,298,130,160,196,21,512,77,710,574,NA,NA
2015-11-10,NA,NA,903,25,NA,280,236,293,178,59,93,141,10,331,48,596,436,NA,NA
2015-11-11,NA,NA,498,24,NA,176,190,230,403,321,179,176,184,414,49,511,283,NA,NA
2015-11-12,NA,NA,1149,59,NA,374,353,420,369,147,197,223,41,574,66,809,596,NA,NA
2015-11-13,NA,NA,1255,71,NA,416,341,404,454,224,194,313,58,571,86,838,672,NA,NA
2015-11-14,NA,NA,392,22,NA,195,214,140,225,132,82,163,97,305,45,331,214,NA,NA
2015-11-15,NA,NA,245,17,NA,121,104,80,201,116,53,118,117,222,22,169,137,NA,NA
2015-11-16,NA,NA,1281,67,NA,451,337,345,422,203,183,325,44,645,98,797,628,NA,NA
2015-11-17,NA,NA,1050,42,NA,338,256,292,263,82,104,189,9,428,60,591,520,NA,NA
2015-11-18,NA,NA,742,17,NA,209,166,209,153,46,63,128,3,250,28,438,358,NA,NA
2015-11-19,NA,NA,1050,26,NA,325,266,301,281,110,110,199,17,376,51,636,445,NA,NA
2015-11-20,NA,NA,973,41,NA,327,285,344,315,146,123,222,23,424,68,614,520,NA,NA
2015-11-21,NA,NA,371,28,NA,161,163,132,234,119,76,136,51,229,38,285,203,NA,NA
2015-11-22,NA,NA,389,33,NA,177,180,116,306,222,131,203,130,299,38,256,177,NA,NA
2015-11-23,NA,NA,1160,53,NA,391,291,311,312,169,147,258,33,503,72,711,576,NA,NA
2015-11-24,NA,NA,1113,39,NA,363,242,290,289,116,147,250,29,460,61,650,513,NA,NA
2015-11-25,NA,NA,1051,35,NA,348,234,265,305,146,116,237,33,447,55,674,493,NA,NA
2015-11-26,NA,NA,998,38,NA,318,253,273,256,126,134,203,38,398,58,638,437,NA,NA
2015-11-27,NA,NA,863,47,NA,281,256,281,248,88,123,195,28,379,60,530,456,NA,NA
2015-11-28,NA,NA,319,12,NA,122,135,105,146,106,52,106,33,210,24,261,147,NA,NA
2015-11-29,NA,NA,300,19,NA,150,153,95,226,199,118,147,123,268,33,205,174,NA,NA
2015-11-30,NA,NA,813,36,NA,251,203,245,209,87,96,155,25,315,48,536,394,NA,NA
2015-12-01,NA,NA,646,23,NA,226,145,191,164,53,71,139,6,284,37,388,324,NA,NA
2015-12-02,NA,NA,890,29,NA,304,236,251,243,133,139,184,21,372,58,547,438,NA,NA
2015-12-03,NA,NA,945,39,NA,329,270,311,314,157,152,203,37,435,66,618,465,NA,NA
2015-12-04,NA,NA,937,42,NA,359,297,288,341,178,160,187,49,428,58,617,487,NA,NA
2015-12-05,NA,NA,496,42,NA,227,243,196,352,299,195,224,185,423,68,377,263,NA,NA
2015-12-06,NA,NA,509,32,NA,218,239,180,566,394,242,240,328,472,52,350,252,NA,NA
2015-12-07,NA,NA,982,52,NA,368,291,345,348,166,222,180,59,449,68,643,511,NA,NA
2015-12-08,NA,NA,964,50,NA,326,265,317,281,97,243,101,30,434,74,601,478,NA,NA
2015-12-09,NA,NA,945,44,NA,325,219,296,315,117,232,88,28,387,47,604,443,NA,NA
2015-12-10,NA,NA,955,52,281,338,267,328,322,204,276,93,47,417,69,676,471,NA,NA
2015-12-11,NA,NA,846,47,227,289,236,309,255,121,233,80,32,355,63,561,398,NA,NA
2015-12-12,NA,NA,307,20,143,158,142,167,134,93,90,59,38,198,28,244,141,NA,NA
2015-12-13,NA,NA,107,6,39,41,54,50,42,22,25,22,16,81,9,114,59,NA,NA
2015-12-14,NA,NA,856,33,204,276,214,301,267,112,223,82,38,348,48,551,392,NA,NA
2015-12-15,NA,NA,765,25,223,261,223,267,204,78,186,74,13,318,39,474,370,NA,NA
2015-12-16,NA,NA,813,31,228,303,235,281,261,97,243,73,27,345,56,511,395,NA,NA
2015-12-17,NA,NA,767,36,217,257,206,272,234,102,213,48,27,302,47,467,342,NA,NA
2015-12-18,36,14,733,26,208,273,224,259,256,107,197,66,25,324,50,451,414,NA,NA
2015-12-19,52,18,425,33,283,212,196,175,287,217,167,133,103,293,41,362,269,NA,NA
2015-12-20,40,31,456,43,263,206,186,161,456,315,253,206,191,438,79,356,205,NA,NA
2015-12-21,33,12,710,33,234,305,241,271,209,104,197,72,15,324,39,524,411,NA,NA
2015-12-22,55,10,721,33,201,293,218,325,223,118,173,68,33,328,37,549,387,NA,NA
2015-12-23,59,24,601,38,231,287,222,302,288,167,187,105,68,377,55,538,407,NA,NA
2015-12-24,31,12,184,14,111,150,133,107,140,107,114,44,52,192,32,161,113,NA,NA
2015-12-25,26,16,164,7,144,72,66,58,202,164,121,75,87,165,22,122,84,NA,NA
2015-12-26,40,9,129,13,118,86,85,56,178,129,97,72,73,155,19,123,71,NA,NA
2015-12-27,67,29,287,37,209,168,131,118,409,330,237,152,196,384,46,260,142,NA,NA
2015-12-28,53,15,561,36,209,282,203,236,260,145,177,80,53,320,40,427,306,NA,NA
2015-12-29,52,23,448,20,164,223,164,202,210,82,148,56,61,308,45,391,301,NA,NA
2015-12-30,27,17,356,22,157,188,195,178,183,74,110,62,22,223,37,296,260,NA,NA
2015-12-31,23,8,244,18,120,160,114,113,139,63,75,46,31,169,27,204,113,NA,NA
2016-01-01,18,6,93,8,68,42,43,42,93,36,45,31,52,97,9,79,48,NA,NA
2016-01-02,18,4,89,5,31,44,42,36,55,15,19,25,31,65,10,75,50,NA,NA
2016-01-03,6,3,63,5,20,NA,31,23,48,11,13,17,21,45,6,46,21,NA,NA
2016-01-04,12,4,269,16,75,111,86,242,80,18,70,36,3,114,11,188,142,NA,NA
2016-01-05,18,6,263,8,83,122,83,115,94,26,68,39,2,113,22,216,165,NA,NA
2016-01-06,12,2,59,4,22,32,34,27,37,21,17,26,38,51,3,61,42,NA,NA
2016-01-07,19,3,400,12,104,110,66,141,93,33,79,52,7,154,14,274,182,NA,NA
2016-01-08,16,7,384,10,107,118,61,114,94,38,70,31,6,140,15,248,156,NA,NA
2016-01-09,7,4,122,6,41,57,59,63,56,26,24,24,15,68,9,124,84,NA,NA
2016-01-10,4,3,85,5,33,43,34,47,85,44,25,19,28,94,6,118,73,NA,NA
2016-01-11,6,2,371,15,114,119,87,118,96,17,49,45,3,151,28,262,179,NA,NA
2016-01-12,23,5,478,20,155,147,124,150,125,23,55,83,8,172,30,312,232,NA,NA
2016-01-13,24,8,444,22,125,142,117,157,112,21,56,67,4,168,27,287,230,NA,NA
2016-01-14,18,4,432,7,130,140,94,164,89,24,45,54,4,158,29,214,166,NA,NA
2016-01-15,10,7,410,14,114,155,105,132,90,46,85,48,8,135,29,268,167,NA,NA
2016-01-16,0,1,41,4,4,50,20,54,12,17,10,4,24,59,0,56,6,NA,NA
2016-01-17,0,0,40,1,3,50,12,19,11,13,12,2,16,46,0,49,1,NA,NA
2016-01-18,7,0,304,4,22,98,39,103,27,12,35,17,15,133,9,175,27,NA,NA
2016-01-19,17,0,335,0,67,96,36,112,27,21,29,38,8,122,12,195,49,NA,NA
2016-01-20,18,0,311,2,66,128,35,113,22,17,19,59,9,133,15,155,60,NA,NA
2016-01-21,10,0,337,1,76,113,26,122,15,9,23,49,9,124,19,238,147,NA,NA
2016-01-22,7,0,285,0,77,102,25,124,34,9,19,55,14,100,15,165,135,NA,NA
2016-01-23,2,0,115,0,36,60,12,42,17,22,18,29,24,69,5,72,31,NA,NA
2016-01-24,3,0,63,0,31,29,12,21,19,16,8,17,26,59,6,56,23,NA,NA
2016-01-25,15,0,286,0,82,110,47,130,59,7,19,58,4,100,16,215,169,NA,NA
2016-01-26,19,2,359,16,101,125,95,158,85,16,30,61,0,137,23,225,184,NA,NA
2016-01-27,33,9,472,14,148,144,116,173,148,68,78,65,3,182,25,309,221,NA,NA
2016-01-28,30,15,505,24,173,221,161,207,195,67,90,78,11,229,35,342,262,NA,NA
2016-01-29,33,8,533,27,214,216,183,228,258,105,137,105,40,302,53,366,336,NA,NA
2016-01-30,64,34,358,29,184,166,157,140,372,246,225,151,174,346,59,312,172,NA,NA
2016-01-31,27,5,150,14,77,94,74,65,148,84,62,68,61,130,18,124,85,NA,NA
2016-02-01,21,11,390,19,135,125,132,194,139,73,99,69,21,190,38,289,208,NA,NA
2016-02-02,26,9,436,22,148,146,164,181,130,67,105,68,8,179,38,304,245,NA,NA
2016-02-03,35,20,529,30,199,195,135,212,211,107,122,107,39,250,42,368,274,NA,NA
2016-02-04,22,7,456,27,155,158,126,189,130,70,81,56,12,177,34,302,242,NA,NA
2016-02-05,26,8,448,30,182,144,131,156,165,72,123,89,29,200,32,292,223,NA,NA
2016-02-06,25,19,218,25,141,138,151,89,192,156,130,88,80,217,39,200,130,NA,NA
2016-02-07,91,36,438,30,288,194,190,105,560,424,282,229,302,446,74,299,186,NA,NA
2016-02-08,48,19,610,30,282,253,190,217,263,104,180,138,40,316,73,428,332,NA,NA
2016-02-09,37,28,708,30,308,259,87,259,262,145,184,161,49,341,84,463,370,NA,NA
2016-02-10,18,2,344,10,124,118,0,121,76,30,52,41,6,140,32,214,173,NA,NA
2016-02-11,25,6,291,14,113,112,0,145,84,36,58,42,12,122,25,225,166,NA,NA
2016-02-12,32,6,459,21,206,214,0,196,197,123,112,102,27,224,40,360,269,NA,NA
2016-02-13,54,18,277,27,152,155,NA,107,244,177,110,120,120,249,49,208,137,NA,NA
2016-02-14,76,37,357,51,249,183,NA,140,525,346,223,242,218,442,78,333,173,NA,NA
2016-02-15,60,24,604,42,224,238,NA,254,223,141,155,146,38,329,69,403,332,NA,NA
2016-02-16,73,15,672,32,258,251,NA,254,225,111,142,127,28,302,56,454,354,NA,NA
2016-02-17,69,21,651,32,286,217,NA,260,213,122,156,133,44,319,66,444,375,NA,NA
2016-02-18,67,22,642,40,304,263,NA,225,235,109,155,135,37,341,59,428,350,NA,NA
2016-02-19,24,7,315,14,109,123,NA,141,64,26,50,44,3,118,24,217,181,NA,NA
2016-02-20,24,18,176,19,142,105,NA,83,142,93,77,65,54,181,42,165,111,NA,NA
2016-02-21,30,9,180,11,110,99,NA,65,175,106,72,68,59,154,23,128,78,NA,NA
2016-02-22,35,3,409,9,144,149,NA,158,125,58,61,70,14,166,17,251,193,NA,NA
2016-02-23,59,26,670,24,264,240,NA,233,215,112,147,124,41,280,53,455,310,NA,NA
2016-02-24,66,27,624,22,234,217,NA,240,215,131,155,108,38,273,48,445,330,NA,NA
2016-02-25,30,37,687,27,247,234,NA,280,249,152,161,120,47,343,58,463,363,NA,NA
2016-02-26,25,22,557,11,222,221,NA,228,187,82,124,106,20,268,48,342,286,NA,NA
2016-02-27,38,18,261,29,188,161,NA,152,271,169,129,132,117,271,48,274,185,NA,NA
2016-02-28,75,21,327,34,165,159,NA,101,335,266,192,180,167,363,74,218,128,NA,NA
2016-02-29,37,30,590,27,160,214,0,208,162,92,108,93,15,251,49,362,273,NA,NA
2016-03-01,19,8,415,12,115,111,0,125,68,25,43,54,6,108,21,208,167,NA,NA
2016-03-02,28,20,535,23,188,142,0,203,152,64,88,90,18,200,45,318,285,NA,NA
2016-03-03,68,45,915,37,364,272,0,299,275,169,185,139,54,379,80,511,376,NA,NA
2016-03-04,58,27,775,41,260,226,0,303,222,125,180,107,30,330,54,438,370,NA,NA
2016-03-05,51,29,372,30,202,190,0,170,283,185,154,138,126,335,58,307,220,NA,NA
2016-03-06,41,12,283,15,135,154,0,142,247,130,90,96,74,271,42,232,163,NA,NA
2016-03-07,118,41,980,45,354,304,0,352,283,185,218,172,74,442,69,590,446,NA,NA
2016-03-08,71,34,973,41,343,300,0,332,297,163,197,174,51,445,67,584,470,NA,NA
2016-03-09,82,51,1110,55,390,315,0,411,361,216,250,197,75,485,83,676,534,NA,NA
2016-03-10,72,38,1022,35,374,304,0,362,277,147,172,174,66,458,57,641,476,NA,NA
2016-03-11,54,27,739,31,268,218,160,282,197,107,127,122,19,302,60,426,388,NA,NA
2016-03-12,61,44,411,33,336,226,218,204,279,207,190,183,141,347,67,344,258,NA,NA
2016-03-13,138,115,768,41,437,326,352,278,827,503,490,375,477,744,80,551,349,NA,NA
2016-03-14,82,35,1038,34,342,323,243,342,296,135,201,159,49,429,63,591,463,NA,NA
2016-03-15,55,35,738,31,299,211,247,274,189,86,117,103,28,295,39,477,344,NA,NA
2016-03-16,87,61,1217,65,521,387,337,465,446,267,306,256,141,565,79,877,632,NA,NA
2016-03-17,85,45,1274,60,548,360,354,482,397,249,292,254,99,556,79,824,581,NA,NA
2016-03-18,67,49,984,29,348,290,259,398,311,153,197,148,41,407,52,618,499,NA,NA
2016-03-19,62,34,391,21,182,194,253,213,228,131,168,178,150,301,44,309,198,NA,NA
2016-03-20,49,38,366,26,185,192,200,182,299,202,154,166,168,321,45,301,201,NA,NA
2016-03-21,58,58,1217,54,440,367,301,425,384,222,242,194,104,513,83,790,611,NA,NA
2016-03-22,122,50,945,28,346,274,238,344,224,105,152,121,38,412,48,569,495,NA,NA
2016-03-23,178,78,1343,56,579,430,350,507,442,283,287,248,151,673,94,949,704,NA,NA
2016-03-24,190,110,1172,64,456,409,415,461,438,292,301,265,135,620,98,860,631,NA,NA
2016-03-25,186,84,805,51,332,382,363,374,361,237,202,211,116,474,77,660,469,NA,NA
2016-03-26,38,29,167,16,127,88,110,80,117,93,49,85,19,158,30,165,102,NA,NA
2016-03-27,148,117,395,63,376,242,226,229,589,491,374,324,319,552,96,399,231,NA,NA
2016-03-28,374,312,1064,117,699,512,456,350,1528,1079,819,632,936,1248,201,811,424,NA,NA
2016-03-29,170,79,1003,66,341,374,318,367,364,195,222,219,74,541,91,671,526,NA,NA
2016-03-30,235,140,1508,59,642,521,444,571,507,308,378,251,150,722,112,980,778,NA,NA
2016-03-31,253,142,1626,99,661,591,545,620,645,397,407,367,198,898,118,1118,810,NA,NA
2016-04-01,179,106,991,39,329,353,334,386,405,238,244,230,83,488,74,691,509,NA,NA
2016-04-02,587,379,1748,133,1100,881,746,666,1815,1507,1160,1090,1171,1571,250,1386,847,NA,NA
2016-04-03,848,581,2483,210,1683,1083,889,784,2660,1999,1352,1624,1804,2368,352,1673,1039,NA,NA
2016-04-04,570,447,2833,198,1312,1197,1032,1020,1448,923,803,909,567,1904,280,1965,1323,NA,NA
2016-04-05,740,514,3639,242,1554,1331,1118,1114,1882,1432,1041,1299,856,2257,363,2385,1664,NA,NA
2016-04-06,365,260,2561,136,1070,947,720,883,884,500,494,629,198,1310,194,1638,1312,NA,NA
2016-04-07,523,347,2753,157,1245,1058,902,955,1309,818,626,936,403,1668,251,2067,1438,NA,NA
2016-04-08,260,195,1822,94,750,723,628,741,607,363,303,426,155,970,137,1369,1039,NA,NA
2016-04-09,244,225,968,85,575,449,490,431,599,388,321,420,370,730,115,844,546,NA,NA
2016-04-10,189,162,528,55,328,328,261,275,434,283,226,222,223,490,78,495,287,NA,NA
2016-04-11,400,261,2561,118,963,856,746,853,945,523,458,668,243,1260,190,1637,1219,NA,NA
2016-04-12,366,276,2106,127,872,771,677,723,870,537,500,546,253,1127,172,1526,1039,NA,NA
2016-04-13,530,320,2900,166,1212,1006,829,971,1201,870,708,873,449,1606,251,2004,1373,NA,NA
2016-04-14,452,289,2651,146,1057,912,837,884,950,604,475,760,252,1413,200,1816,1238,NA,NA
2016-04-15,518,354,2777,164,1248,1040,920,991,1157,830,655,902,458,1546,240,1923,1498,NA,NA
2016-04-16,574,468,1901,238,1217,929,976,681,1953,1569,1169,1208,1230,2079,295,1557,1038,NA,NA
2016-04-17,1142,733,2800,262,1530,1447,1087,944,3259,2522,1891,1988,2165,2941,439,1977,1386,NA,NA
2016-04-18,432,345,2818,185,1195,1072,894,981,1073,707,580,814,325,1554,248,1902,1459,NA,NA
2016-04-19,296,190,2271,127,843,811,648,784,719,348,354,532,136,1088,136,1464,1116,NA,NA
2016-04-20,316,220,1997,82,757,711,606,732,622,339,290,480,149,1006,126,1442,1062,NA,NA
2016-04-21,520,298,2866,120,1206,1073,969,1046,1181,828,741,912,358,1675,238,2018,1439,NA,NA
2016-04-22,356,250,2217,90,910,838,818,901,754,480,463,679,248,1250,161,1567,1256,NA,NA
2016-04-23,623,362,1681,120,1075,898,856,697,1567,1283,923,1025,884,1603,255,1475,914,NA,NA
2016-04-24,372,263,1252,151,687,589,518,451,836,578,453,594,491,929,121,889,516,NA,NA
2016-04-25,370,216,2267,158,814,746,609,802,747,429,343,496,173,1081,171,1504,1133,NA,NA
2016-04-26,559,357,2943,144,1228,1159,923,1075,1186,850,632,870,418,1644,194,2021,1424,NA,NA
2016-04-27,148,82,1289,114,399,411,349,456,281,147,174,213,39,549,175,843,647,NA,NA
2016-04-28,385,230,2223,135,897,768,683,868,763,518,419,597,202,1097,205,1556,1104,NA,NA
2016-04-29,503,295,2572,99,1073,965,923,968,1106,746,565,796,385,1524,161,1955,1294,NA,NA
2016-04-30,341,266,1038,146,576,586,640,445,878,614,473,584,484,893,226,844,568,NA,NA
2016-05-01,667,392,1523,173,1013,753,752,689,2126,1556,1090,1344,1165,1867,181,1336,793,NA,NA
2016-05-02,706,390,2034,171,926,1056,839,753,1633,1491,1027,1019,799,1672,214,1432,994,NA,NA
2016-05-03,859,538,2214,163,1288,1005,783,636,2489,1766,1562,1435,1308,2356,260,1396,822,NA,NA
2016-05-04,510,288,3037,127,1164,1148,881,1125,1259,836,634,781,273,1806,212,2062,1396,NA,NA
2016-05-05,928,585,4055,143,1726,1594,1238,1358,2068,1549,1164,1575,813,2566,243,2881,2043,1227,256
2016-05-06,841,507,3845,114,1742,1514,1201,1411,1918,1326,1051,1664,693,2477,216,2887,2075,1645,366
2016-05-07,1218,744,3352,148,2007,1648,1397,1401,4027,3014,2269,2811,1789,3573,229,2644,1874,1555,386
2016-05-08,1119,697,3020,163,1650,1513,1338,1044,3873,2886,1941,2292,1942,3252,264,1974,1398,1514,362
2016-05-09,914,531,4064,160,1629,1635,1268,1408,1778,1257,1066,1463,639,2552,259,2958,2027,1672,472
2016-05-10,1094,647,4598,143,2078,1910,1483,1547,2353,1773,1295,1890,802,3132,224,3381,2364,1851,610
2016-05-11,810,458,3939,124,1645,1487,1116,1331,1660,1148,925,1402,485,2387,238,2890,2004,1527,463
2016-05-12,920,607,4426,139,1838,1665,1393,1416,1799,1306,1069,1534,695,2669,273,3187,2198,1758,513
2016-05-13,622,366,3286,119,1248,1330,1076,1210,1180,711,674,1136,322,1923,222,2478,1818,1296,429
2016-05-14,342,193,973,165,595,596,573,521,696,484,452,604,304,794,300,1037,668,507,178
2016-05-15,555,365,1519,189,983,736,627,678,1495,1204,1063,1084,771,1382,345,1315,812,859,264
2016-05-16,368,223,2574,170,946,888,727,819,670,346,352,645,110,1232,297,1622,1181,1006,280
2016-05-17,308,181,2150,146,790,696,588,747,471,242,264,514,79,1008,255,1425,1008,916,262
2016-05-18,514,259,2661,121,1065,962,823,1034,1095,694,534,863,254,1502,191,1939,1504,1145,330
2016-05-19,806,468,3903,136,1642,1427,1099,1319,1666,1307,1084,1474,596,2424,303,2915,2008,1859,447
2016-05-20,866,538,4063,110,1655,1601,1291,1489,1894,1413,1105,1691,693,2586,231,2845,2143,1895,393
2016-05-21,1008,605,3001,145,1702,1581,1400,1063,3173,2680,2119,2626,1662,3092,280,2343,1510,1764,381
2016-05-22,1537,853,3868,171,2175,1996,1641,1228,5285,3916,3443,3859,2644,4512,258,2785,1807,2369,504
2016-05-23,1179,666,4891,167,1906,1920,1542,1735,2374,1687,1360,2023,854,3130,275,3432,2263,2370,638
2016-05-24,1129,656,5123,151,2299,1963,1563,1697,2394,1694,1346,2191,869,3298,268,3530,2582,2531,626
2016-05-25,673,344,3772,122,1469,1538,1212,1328,1325,844,627,1299,292,2235,246,2755,1905,1853,491
2016-05-26,1370,837,2977,139,1928,1698,1488,1137,4589,3173,2505,3482,2235,2191,279,2377,1618,2100,460
2016-05-27,588,288,1784,113,927,1052,892,722,1219,931,607,909,459,2132,230,1428,1134,982,276
2016-05-28,1044,612,2679,152,1439,1468,1313,1025,3448,2751,2221,2486,1653,2090,277,2193,1389,1582,324
2016-05-29,1120,695,2894,176,1668,1645,1428,1054,4125,2979,2407,2859,1815,2756,282,2234,1432,1922,480
2016-05-30,802,490,4144,167,1683,1765,1381,1363,1762,1144,804,1529,494,1721,265,2938,2118,2042,558
2016-05-31,706,365,3625,151,1398,1381,1090,1268,1325,745,623,1206,232,2136,310,2409,1761,1754,441
2016-06-01,634,347,3330,200,1302,1334,1137,1209,1164,658,596,1060,255,1907,314,2420,1778,1602,410
2016-06-02,964,504,4064,250,1784,1756,1451,1500,1974,1382,1145,1649,670,2711,440,3105,2251,2137,543
2016-06-03,1017,492,4558,327,1936,1973,1597,1636,2311,1588,1288,2174,691,3056,472,3359,2447,2341,592
2016-06-04,1054,642,2740,320,1685,1507,1399,1383,2901,2178,1701,2496,1168,2900,444,2523,1769,1600,431
2016-06-05,1435,932,3896,409,2260,2025,1638,1217,5195,3595,2780,3791,2169,4379,624,2912,1897,2368,519
2016-06-06,853,485,4382,269,1685,1828,1401,1435,1638,933,800,1522,420,2648,400,3039,2168,2053,532
2016-06-07,1132,632,4729,307,2025,2002,1580,1541,2247,1396,1157,1997,662,3152,478,3417,2401,2567,665
2016-06-08,1090,673,4968,375,2096,2199,1681,1725,2427,1703,1306,2136,791,3324,514,3593,2589,2694,616
2016-06-09,901,497,3985,282,1637,1739,1361,1429,1703,1080,891,1625,551,2464,394,2934,2071,2105,520
2016-06-10,557,322,3154,185,1215,1319,1067,1182,949,685,539,1118,207,1843,261,2354,1758,1678,425
2016-06-11,791,432,2364,226,1167,1331,1346,1048,2366,1455,1352,1729,869,2364,316,1908,1283,1459,315
2016-06-12,999,573,2750,274,1549,1447,1213,986,3220,2271,1809,2545,1343,2940,453,2049,1371,1776,406
2016-06-13,1066,529,4447,324,1874,1955,1487,1535,1878,1364,996,1734,598,2948,484,3240,2170,2479,588
2016-06-14,891,465,4319,315,1850,1802,1407,1461,1627,1013,744,1544,463,2561,397,3056,2225,2244,578
2016-06-15,888,507,4001,267,1646,1660,1271,1490,1821,1210,947,1567,523,2503,394,3017,2043,2167,554
2016-06-16,908,547,4248,290,1710,1853,1476,1571,1727,1242,908,1570,519,2754,405,3107,2142,2257,560
2016-06-17,580,358,3067,164,1227,1291,1104,1119,1000,658,477,1101,161,1798,260,2307,1655,1529,415
2016-06-18,929,590,2890,311,1636,1573,1480,1140,2980,2195,1637,2391,1263,2959,410,2264,1567,1761,350
2016-06-19,1256,735,3715,435,1892,1927,1604,1102,5091,3523,2448,3468,2291,4333,605,2738,1608,2275,454
2016-06-20,233,143,971,60,402,490,457,394,277,183,203,342,58,575,398,774,578,493,152
2016-06-21,891,502,3824,226,1461,1644,1392,1132,1603,965,770,1620,333,2230,304,2684,1905,2011,501
2016-06-22,1165,679,5055,364,2136,2140,1655,1421,2718,1675,1239,2334,873,3458,311,3681,2547,2880,627
2016-06-23,1150,609,4704,317,2015,2134,1732,1461,2275,1510,1120,2322,706,3150,315,3644,2418,2659,618
2016-06-24,958,487,4084,297,1697,1909,1477,1265,2221,1381,974,2234,643,2882,256,3151,2234,2377,544
2016-06-25,658,394,2017,194,1027,1146,1078,746,2776,1406,1017,1972,667,2273,298,1790,1220,1223,313
2016-06-26,511,343,1484,112,798,804,756,460,1520,1145,785,1211,584,1516,425,1165,809,966,216
2016-06-27,875,527,4261,269,1628,1849,1419,1407,1750,1192,781,1555,558,2654,369,2973,2056,2266,567
2016-06-28,959,567,4093,301,1731,1714,1334,1406,1856,1270,908,1840,536,2666,379,2979,2134,2237,574
2016-06-29,1073,577,4678,326,2006,2061,1590,1554,2138,1476,1068,2184,705,3157,389,3408,2389,2665,625
2016-06-30,854,459,4141,276,1671,1842,1441,1381,1801,1267,790,1943,509,2821,391,3020,2253,2377,597
2016-07-01,872,523,3604,268,1617,1835,1372,1161,1972,1434,925,1983,653,2696,319,2787,2142,2163,517
2016-07-02,832,471,2421,249,1404,1291,1222,950,2879,2179,1543,2214,1249,2764,371,2020,1278,1583,348
2016-07-03,565,288,1173,175,669,760,644,474,1333,961,866,1057,621,1293,529,1132,712,846,240
2016-07-04,924,513,4160,265,1717,1795,1457,1428,1875,1359,927,1760,580,2795,398,3054,2217,2280,569
2016-07-05,1102,574,4488,304,2021,2070,1557,1566,2151,1569,1082,2016,667,3041,393,3329,2440,2696,620
2016-07-06,441,214,2609,127,1030,1141,872,904,803,276,297,815,131,1443,406,1851,1382,1417,328
2016-07-07,405,313,2194,123,949,938,996,892,1037,421,482,904,211,1328,382,1565,1267,1261,295
2016-07-08,854,626,3792,285,1544,1749,1576,1512,386,1415,1169,2268,67,2892,281,2746,2041,2255,565
2016-07-09,460,358,1391,146,748,718,904,798,2753,754,924,1102,23,1329,355,1390,940,943,267
2016-07-10,1042,581,2601,260,1712,1421,1338,980,2793,2575,1900,2437,1318,3085,507,2184,1498,1744,346
2016-07-11,734,398,3730,239,1453,1689,1341,1390,1447,1011,671,1463,425,2533,399,2850,2162,2074,474
2016-07-12,641,375,3079,168,1391,1380,1140,1290,1814,650,517,1227,238,1841,372,2426,1813,1819,416
2016-07-13,692,371,2148,204,1037,958,855,867,1869,949,647,1142,373,1379,382,1871,1370,1377,297
2016-07-14,479,278,2010,137,900,851,824,830,1713,540,380,793,204,1344,378,1675,1262,1139,285
2016-07-15,500,269,1978,140,948,813,766,851,1398,670,511,882,278,1320,284,1717,1323,1190,278
2016-07-16,674,362,1781,187,1109,1146,1140,766,2850,1601,1083,1730,805,1943,362,1636,1119,1000,272
2016-07-17,603,384,1598,191,1036,983,1029,734,2688,1613,1177,1324,1208,1945,520,1502,1119,1197,276
2016-07-18,661,403,3096,183,1312,1309,1054,1117,1338,730,573,1169,410,1906,374,2316,1651,1787,440
2016-07-19,864,512,3497,271,1606,1529,1222,1265,1859,1147,860,1530,446,2366,366,2631,2047,2042,499
2016-07-20,1044,678,4403,304,1999,1867,1520,1548,1885,1560,1159,2211,524,2928,377,3333,2460,2559,556
2016-07-21,1058,582,4283,313,1939,1897,1459,1864,1709,1670,1124,2238,408,3233,372,3400,2499,2455,520
2016-07-22,776,413,3314,236,1468,1509,1203,1351,1498,1104,694,1671,412,2532,287,2593,2043,1924,475
2016-07-23,898,481,2282,240,1511,1343,1336,1083,2818,2344,1503,2567,687,2799,352,2115,1516,1391,324
2016-07-24,1177,586,2741,316,1718,1489,1471,998,2085,3006,2064,2971,936,3114,497,2332,1650,1741,360
2016-07-25,962,462,3758,303,1684,1761,1303,1386,1604,1470,824,1764,494,2637,386,2829,2156,2384,551
2016-07-26,973,461,3742,260,1544,1599,1278,1361,1924,1460,856,2121,472,2671,380,2880,2261,2232,478
2016-07-27,837,394,3456,237,1502,1516,1211,1276,1676,1143,644,1548,437,2346,392,2745,2110,2063,464
2016-07-28,950,532,3527,283,1600,1556,1280,1278,1565,1211,814,1714,334,2458,382,2829,2100,2075,459
2016-07-29,647,394,2852,212,1221,1395,1114,1134,1317,890,575,1351,355,1985,293,2407,1779,1588,380
2016-07-30,687,453,1950,178,1230,1159,1125,912,2827,1637,1170,1933,693,2162,362,1891,1328,1169,302
2016-07-31,730,397,2048,183,1297,1128,1008,819,2229,2063,1400,2036,1023,2470,513,1718,1160,1344,253
2016-08-01,556,308,1685,160,942,906,835,1120,1570,715,461,856,478,1290,390,1844,1326,1052,282
2016-08-02,1070,566,4048,298,1757,1779,1375,1483,1938,1540,1068,2101,457,2862,379,3219,2356,2397,507
2016-08-03,966,513,3982,296,1829,1722,1406,1562,1559,1477,934,2004,370,2837,393,3240,2354,2327,501
2016-08-04,850,458,3201,270,1441,1384,1229,1301,1508,1262,836,1791,293,2314,381,2717,1907,1858,479
2016-08-05,811,482,3342,222,1421,1497,1218,1272,1154,1337,803,1758,281,2334,292,2773,2005,1791,350
2016-08-06,353,185,1025,104,604,609,663,597,2813,599,457,797,554,979,360,1322,734,591,180
2016-08-07,923,567,2428,266,1585,1317,1272,1100,2453,2493,1751,2587,1123,2875,511,2220,1479,1570,348
2016-08-08,1026,612,3999,335,1728,1691,1391,1370,1493,1678,1003,1977,453,2906,388,3045,2215,2381,566
2016-08-09,547,284,2700,169,1049,1103,943,944,1888,602,389,1025,407,1578,378,1999,1493,1519,396
2016-08-10,110,64,914,41,311,386,383,374,1745,100,59,250,428,498,391,655,488,481,115
2016-08-11,646,392,3101,223,1432,1209,1107,1228,1627,1030,603,1343,314,2042,381,2426,1705,1729,458
2016-08-12,729,353,2698,206,1327,1221,1158,1180,1344,999,650,1379,333,1996,292,2280,1739,1618,371
2016-08-13,431,233,1233,132,811,711,793,654,2830,927,644,1012,688,1287,360,1367,830,817,201
2016-08-14,648,372,1555,222,1250,944,942,781,2368,1560,1219,1619,1075,1803,512,1561,886,1091,249
2016-08-15,748,400,2133,196,1000,1027,820,957,1505,1759,1330,1778,462,2001,387,1848,1054,1399,251
2016-08-16,619,382,2869,231,1196,1358,1071,1053,1905,782,534,1246,449,1894,379,2257,1638,1621,407
2016-08-17,758,436,3255,250,1346,1382,1156,1334,1719,1049,645,1382,439,2140,390,2697,1808,1787,457
2016-08-18,810,418,3248,240,1432,1442,1243,1311,1606,1063,687,1503,339,2117,381,2735,1949,1970,452
2016-08-19,770,457,3091,277,1448,1500,1337,1315,1331,1272,772,1632,347,2373,292,2548,2029,1898,440
2016-08-20,963,537,2344,262,1525,1405,1389,1008,2821,2668,1532,2796,659,2905,360,2350,1569,1491,349
2016-08-21,474,258,1093,145,771,687,648,450,2287,998,663,1029,1044,1291,511,904,616,737,172
2016-08-22,322,199,1471,131,567,552,585,626,1546,335,268,555,472,868,389,1257,843,812,256
2016-08-23,934,522,3866,275,1688,1699,1318,1380,1915,1309,895,1743,448,2450,379,2953,2157,2140,522
2016-08-24,940,445,3875,304,1689,1644,1300,1468,1677,1222,900,1841,422,2472,393,2913,2185,2185,525
2016-08-25,1041,591,4127,330,1833,1815,1522,1571,1578,1499,991,2059,323,2855,381,3289,2317,2449,513
2016-08-26,940,502,3629,297,1660,1819,1458,1567,1291,1542,932,2106,334,2723,292,3079,2318,2223,528
2016-08-27,978,541,2268,280,1413,1456,1424,1030,2827,2242,1602,2561,653,2850,360,2291,1544,1505,302
2016-08-28,1063,550,2461,272,1593,1403,1402,951,2337,2472,1801,2430,1068,2929,511,2168,1531,1545,345
2016-08-29,875,434,3551,298,1472,1614,1324,1413,1530,1238,771,1583,468,2328,389,2880,2127,2134,520
2016-08-30,956,495,3908,276,1642,1705,1403,1675,1914,1351,858,1755,442,2647,379,3132,2258,2289,516
2016-08-31,1007,497,4074,313,1701,1851,1507,1570,1676,1499,814,1775,418,2762,393,3290,2341,2255,515
2016-09-01,1105,553,3966,330,1774,1835,1533,1559,2093,1541,911,1825,599,2780,955,3205,2265,2319,494
2016-09-02,896,476,3571,276,1516,1567,1355,1556,1748,1272,783,1731,371,2367,829,2926,2165,2046,451
2016-09-03,1021,546,2527,263,1291,1388,1543,1218,2736,2150,1505,2179,1025,2473,840,2243,1443,1603,343
2016-09-04,857,488,2555,271,1336,1231,1117,844,2935,2255,1660,1915,1108,2585,843,1708,1231,1463,276
2016-09-05,264,135,1494,85,473,602,624,664,407,189,125,471,24,898,288,1077,816,782,190
2016-09-06,974,507,3839,321,1707,1518,1298,1529,1784,1300,899,1681,421,2441,923,2949,2121,2189,491
2016-09-07,1025,599,4255,290,1880,1692,1420,1639,2096,1533,949,1824,459,2693,931,3411,2359,2376,530
2016-09-08,1038,541,4082,301,1785,1742,1433,1507,1913,1524,891,1840,470,2726,896,3332,2370,2421,582
2016-09-09,1028,546,3780,278,1723,1709,1382,1510,1886,1435,889,1794,434,2529,913,3006,2248,2233,481
2016-09-10,990,598,2575,262,1483,1364,1349,996,2961,2337,1629,3043,998,2561,869,2217,1522,1522,352
2016-09-11,1102,606,2691,297,1475,1548,1314,975,3587,2800,2096,2661,1385,3045,1026,2192,1484,1832,340
2016-09-12,1063,506,4049,277,1709,1777,1329,1291,1792,1377,780,1693,443,2664,890,2909,2198,2327,515
2016-09-13,1050,585,4400,330,1795,1776,1431,1358,1944,1440,914,1826,434,2744,936,3321,2565,2564,574
2016-09-14,1012,484,4198,305,1780,1697,1351,1264,1772,1313,829,1779,402,2626,857,3144,2359,2397,564
2016-09-15,943,554,4027,287,1644,1658,1348,1299,1834,1376,811,1686,389,2579,841,3043,2214,2252,532
2016-09-16,985,506,3608,260,1553,1478,1255,1319,1754,1370,782,1595,426,2438,802,2850,2265,2104,452
2016-09-17,893,514,2231,246,1330,1213,1305,835,2495,1979,1366,1759,1048,2276,844,2031,1320,1343,290
2016-09-18,721,365,1583,177,1078,1032,910,644,1845,1454,1014,1284,730,1890,687,1420,941,1110,180
2016-09-19,665,294,2982,182,1222,1265,1028,911,1103,666,360,1072,188,1724,571,2204,1707,1731,381
2016-09-20,576,279,2899,170,1124,1084,953,882,946,612,340,1016,156,1539,543,2133,1624,1588,353
2016-09-21,457,243,2665,136,1002,1002,837,896,865,602,346,871,143,1460,425,1846,1438,1513,306
2016-09-22,472,243,2431,146,955,924,772,911,837,605,312,817,140,1334,451,1718,1284,1346,305
2016-09-23,438,230,2352,148,952,923,897,914,774,521,331,760,170,1269,441,1728,1276,1304,272
2016-09-24,547,273,1259,131,699,630,728,761,1252,935,726,825,441,1180,458,1146,780,825,203
2016-09-25,655,393,1672,214,1246,931,830,857,2367,1602,1211,1485,890,2031,702,1493,988,1223,258
2016-09-26,492,249,2619,163,1008,1016,818,897,864,622,332,903,157,1417,504,1927,1367,1512,332
2016-09-27,520,266,2958,182,1119,1062,911,1041,1096,806,467,1022,197,1640,573,2010,1546,1667,384
2016-09-28,445,218,2414,144,953,854,792,924,748,585,372,791,117,1346,460,1780,1365,1346,356
2016-09-29,624,278,2981,203,1127,1071,899,1155,1171,953,573,1076,210,1637,580,2200,1648,1700,390
2016-09-30,578,334,2823,192,1157,1178,963,1192,1158,842,453,1089,255,1672,593,2251,1805,1590,409
2016-10-01,445,240,1351,180,804,726,737,670,1284,1086,571,837,375,1380,485,1267,889,689,198
2016-10-02,871,413,2020,214,1161,1180,1083,873,2450,2008,1363,1491,1061,2173,894,1707,1173,1474,329
2016-10-03,178,123,1362,58,469,472,384,519,336,193,93,356,28,591,169,848,744,725,177
2016-10-04,267,133,1915,73,637,641,577,719,481,253,211,496,89,815,241,1180,995,1018,312
2016-10-05,87,48,696,23,162,209,190,225,144,42,34,139,3,245,67,390,309,325,96
2016-10-06,179,88,908,46,293,288,320,418,292,143,92,262,24,386,128,610,527,421,146
2016-10-07,211,125,1515,70,495,475,406,507,394,216,136,404,35,605,204,949,767,787,168
2016-10-08,139,73,528,39,200,250,273,237,275,175,87,248,79,336,147,396,283,286,81
2016-10-09,129,79,491,36,251,214,209,209,354,270,155,292,151,363,161,376,250,264,85
2016-10-10,156,82,1250,35,348,366,349,419,256,164,102,279,26,449,110,703,645,625,196
2016-10-11,153,61,1178,38,362,362,345,413,262,133,93,278,20,470,124,700,597,604,183
2016-10-12,114,50,888,41,271,285,241,296,212,112,63,226,4,326,84,482,399,444,130
2016-10-13,253,145,1662,71,620,548,467,602,543,329,187,484,77,729,244,1115,904,918,236
2016-10-14,274,138,1625,85,597,465,531,614,558,391,235,479,105,761,256,1073,914,790,258
2016-10-15,129,71,420,35,187,226,238,225,288,170,102,228,109,333,127,346,284,250,47
2016-10-16,152,85,375,25,198,180,209,158,369,242,120,203,135,369,132,298,269,229,66
2016-10-17,254,122,1589,67,579,497,391,537,539,254,188,470,62,776,215,1011,741,855,228
2016-10-18,230,99,1510,82,504,433,370,517,417,211,138,420,24,678,213,944,747,820,221
2016-10-19,202,110,1381,77,505,426,383,480,422,243,140,396,56,635,191,913,691,758,168
2016-10-20,171,98,1298,66,422,361,354,461,323,210,117,332,23,584,173,789,620,675,178
2016-10-21,106,65,944,36,279,235,249,279,224,92,74,214,9,373,105,517,423,457,109
2016-10-22,65,38,234,22,69,96,124,118,111,80,34,77,19,158,63,176,153,105,35
2016-10-23,164,92,487,61,273,275,285,216,536,466,237,308,237,450,194,443,276,372,71
2016-10-24,180,104,1286,57,396,409,348,426,386,194,108,333,23,531,151,839,631,678,176
2016-10-25,120,71,1044,53,286,292,269,342,227,103,74,248,13,403,112,661,517,518,150
2016-10-26,223,128,1568,87,541,466,411,540,517,282,209,440,66,620,238,1042,829,743,191
2016-10-27,235,134,1522,85,493,480,449,543,528,297,181,438,94,704,226,993,776,781,202
2016-10-28,142,77,1130,50,343,367,332,405,314,145,110,283,34,522,150,732,590,583,152
2016-10-29,98,52,299,28,108,167,201,126,211,109,76,151,67,247,90,286,191,165,41
2016-10-30,92,41,257,15,132,174,196,97,266,169,100,152,108,328,83,240,148,142,32
2016-10-31,130,72,621,44,228,342,313,306,301,181,123,239,54,453,130,517,389,322,97
2016-11-01,39,19,139,15,56,81,82,42,152,91,45,76,40,177,48,97,84,103,32
2016-11-02,130,72,1005,42,309,327,294,366,264,153,88,252,34,149,143,648,534,527,150
2016-11-03,137,75,1024,32,298,272,256,374,270,110,63,221,12,606,104,597,539,533,145
2016-11-04,180,103,1252,49,392,394,351,469,384,223,147,318,53,570,195,749,561,584,168
2016-11-05,161,83,428,39,222,193,240,200,355,215,111,220,151,273,168,359,306,263,76
2016-11-06,71,44,259,22,143,145,126,102,265,187,102,197,111,384,86,269,185,167,53
2016-11-07,132,75,997,30,294,303,262,363,275,149,92,240,27,557,135,570,506,506,134
2016-11-08,161,92,1246,44,438,351,324,441,431,229,143,365,53,439,170,817,660,604,193
2016-11-09,87,41,876,46,235,219,196,280,199,76,58,208,7,514,103,474,400,431,135
2016-11-10,130,85,1037,46,333,325,313,398,315,175,112,279,37,662,129,681,526,508,145
2016-11-11,29,15,192,15,80,79,86,115,148,66,35,68,49,563,46,176,132,120,43
2016-11-12,80,45,278,20,119,151,176,131,210,159,81,137,92,259,72,240,163,134,43
2016-11-13,68,42,211,15,86,117,126,99,149,122,60,106,67,385,60,166,127,136,38
2016-11-14,158,68,1143,43,359,354,340,392,312,179,139,350,48,585,138,701,527,608,172
2016-11-15,151,73,1055,51,358,342,270,349,300,149,88,308,35,430,159,668,591,578,170
2016-11-16,90,62,885,30,252,206,237,304,187,99,79,203,13,575,89,519,456,473,122
2016-11-17,117,82,1010,36,311,308,253,353,289,122,97,261,22,418,111,603,519,506,148
2016-11-18,169,67,1243,60,434,330,317,421,412,235,138,392,46,516,167,728,610,588,159
2016-11-19,87,33,272,28,79,120,125,104,125,88,39,94,28,163,73,198,124,134,38
2016-11-20,214,92,509,56,327,240,213,254,563,537,233,336,193,540,192,392,261,301,77
2016-11-21,235,133,1495,67,451,398,315,492,477,293,189,448,76,658,241,904,713,743,195
2016-11-22,197,94,1454,71,479,419,328,444,497,219,150,416,61,625,188,838,664,742,184
2016-11-23,196,81,1426,78,402,362,302,448,399,207,143,437,56,587,196,760,646,716,166
2016-11-24,184,87,1202,49,368,361,294,417,368,177,135,346,46,528,162,729,591,638,153
2016-11-25,144,88,1030,43,303,309,279,415,269,165,101,297,52,468,129,656,542,509,130
2016-11-26,123,66,449,38,186,192,196,199,332,326,166,242,161,389,125,347,256,239,62
2016-11-27,40,23,193,16,93,98,72,88,105,86,56,92,42,148,41,152,120,137,26
2016-11-28,103,57,716,27,222,222,186,266,148,86,45,186,18,306,82,451,377,363,99
2016-11-29,105,45,781,21,230,222,168,278,156,89,59,173,15,299,80,503,423,367,99
2016-11-30,97,47,725,31,215,226,201,244,166,67,44,186,15,292,81,434,361,348,104
2016-12-01,73,35,634,23,201,215,215,207,150,74,47,148,17,274,86,417,326,348,74
2016-12-02,55,18,358,13,60,95,40,124,39,14,6,43,2,130,44,209,108,94,28
2016-12-03,41,2,133,6,49,77,60,77,92,18,27,52,24,88,24,135,108,46,5
2016-12-04,53,16,118,3,60,75,71,65,118,36,28,77,24,96,27,114,73,46,11
2016-12-05,99,48,659,7,212,215,160,222,184,33,29,160,15,259,77,403,341,299,70
2016-12-06,80,43,532,10,153,163,138,219,168,23,27,138,8,222,87,361,290,269,55
2016-12-07,109,47,610,18,181,224,158,197,209,51,34,157,15,278,92,438,317,310,79
2016-12-08,116,45,635,22,194,187,210,228,181,63,49,168,4,253,63,377,338,320,103
2016-12-09,84,41,628,17,191,207,153,249,186,84,68,174,5,224,74,435,332,293,86
2016-12-10,27,9,104,12,28,69,85,60,37,23,13,36,3,61,24,96,78,51,14
2016-12-11,32,10,84,1,35,44,56,45,39,43,16,31,12,67,20,76,51,42,11
2016-12-12,89,39,555,16,182,163,184,208,124,68,33,166,18,203,75,335,280,272,80
2016-12-13,97,32,665,23,187,176,165,213,158,80,40,165,8,242,77,411,351,288,112
2016-12-14,62,17,525,22,156,161,119,209,122,51,35,129,10,189,70,313,298,238,79
2016-12-15,75,43,550,35,169,145,121,223,133,83,45,142,10,211,68,353,329,271,75
2016-12-16,74,29,617,22,186,195,126,244,169,106,62,178,22,280,87,368,323,273,88
2016-12-17,48,21,212,16,155,109,111,114,113,79,46,99,38,156,43,192,159,97,25
2016-12-18,41,15,122,8,90,59,46,60,79,55,21,51,30,83,26,103,71,52,16
2016-12-19,80,35,576,25,175,184,141,211,142,68,37,145,22,243,77,417,325,276,84
2016-12-20,90,43,657,24,228,189,167,229,179,102,56,168,9,232,83,441,375,320,102
2016-12-21,72,38,688,26,227,181,181,232,178,84,38,172,6,269,92,461,345,301,106
2016-12-22,114,41,625,26,190,206,155,236,166,98,53,146,22,278,91,395,339,298,92
2016-12-23,49,17,312,13,93,119,128,147,74,26,18,72,6,156,60,269,178,140,37
2016-12-24,35,11,72,5,37,54,53,31,52,43,27,31,10,71,17,51,44,39,12
2016-12-25,28,20,66,7,69,62,29,44,96,109,31,60,28,86,18,67,29,51,13
2016-12-26,33,18,59,7,46,38,32,32,88,65,38,42,29,68,23,67,37,49,9
2016-12-27,36,15,209,10,73,89,81,78,76,35,12,67,3,108,30,197,111,109,33
2016-12-28,106,27,374,22,148,140,147,192,202,103,36,152,27,215,72,296,228,207,57
2016-12-29,127,48,395,26,155,178,142,199,195,117,59,150,30,239,87,327,234,206,65
2016-12-30,98,29,357,32,181,199,145,180,181,131,58,130,42,213,86,307,247,204,58
2016-12-31,63,33,167,18,101,92,78,131,194,169,73,82,81,168,45,147,113,108,24
2017-01-01,43,19,105,9,83,62,47,52,129,93,50,73,36,103,26,118,83,76,30
2017-01-02,83,29,441,14,141,160,117,160,140,60,30,122,11,211,60,251,214,231,69
2017-01-03,69,34,466,19,128,162,138,180,131,55,12,133,14,235,62,259,222,233,60
2017-01-04,45,11,364,12,99,93,82,132,71,16,15,85,1,121,39,193,158,151,25
2017-01-05,34,8,198,9,64,80,49,105,55,15,9,69,5,104,31,139,139,115,8
2017-01-06,20,4,28,3,22,38,18,21,30,7,8,19,32,38,12,51,28,29,1
2017-01-07,19,2,48,0,15,31,25,30,38,5,7,17,20,28,8,43,28,16,2
2017-01-08,21,4,28,1,21,27,13,32,48,15,5,21,28,38,10,64,34,31,2
2017-01-09,45,16,294,4,60,75,46,106,61,14,14,52,8,97,31,152,131,118,6
2017-01-10,40,18,327,3,104,94,51,117,98,16,7,71,7,123,28,211,175,156,6
2017-01-11,45,14,354,5,103,110,55,129,97,20,13,74,9,140,34,228,195,146,3
2017-01-12,36,1,320,5,66,92,61,110,81,9,6,70,10,105,39,166,141,137,1
2017-01-13,29,3,262,6,66,80,34,94,73,5,10,69,5,101,25,178,144,123,1
2017-01-14,39,4,87,8,30,59,41,54,78,14,10,68,10,80,27,81,67,42,0
2017-01-15,22,6,65,2,59,56,23,51,80,19,13,45,21,84,27,79,107,40,0
2017-01-16,48,0,349,9,102,117,52,145,103,9,6,88,21,141,43,238,168,150,0
2017-01-17,51,1,345,8,103,133,50,125,108,6,7,97,18,152,41,202,183,180,2
2017-01-18,56,2,341,5,75,106,37,135,133,10,10,78,9,138,35,263,161,174,1
2017-01-19,52,1,330,7,90,103,43,136,123,8,7,102,16,148,34,227,190,164,0
2017-01-20,32,0,277,5,64,108,43,97,55,10,2,54,7,101,25,204,176,117,1
2017-01-21,31,2,89,8,43,47,33,37,53,16,18,46,12,56,44,75,61,47,0
2017-01-22,36,6,92,7,48,72,48,40,70,18,20,61,11,79,36,75,72,35,0
2017-01-23,68,5,420,15,118,123,101,152,171,33,16,128,7,209,59,303,233,218,2
2017-01-24,61,4,373,7,126,120,76,126,136,23,12,133,6,181,33,266,233,177,4
2017-01-25,73,7,394,19,146,110,77,149,145,24,12,106,3,178,54,254,239,213,6
2017-01-26,54,4,422,15,140,114,91,151,146,32,22,135,8,179,56,319,229,190,8
2017-01-27,60,9,376,11,131,134,92,141,126,37,20,133,9,167,54,290,233,212,10
2017-01-28,58,11,128,8,79,95,74,74,172,59,38,95,14,135,34,136,97,87,10
2017-01-29,70,14,139,9,74,73,66,55,189,53,28,92,14,139,50,121,83,60,11
2017-01-30,75,15,386,18,129,165,130,165,186,24,15,160,0,187,49,299,256,198,34
2017-01-31,61,26,459,11,160,155,129,163,177,35,29,153,6,192,58,321,257,212,29
2017-02-01,66,21,416,11,149,130,123,163,164,28,18,134,5,183,50,327,270,195,41
2017-02-02,52,7,353,6,122,139,76,133,106,28,NA,96,7,156,54,280,202,142,25
