Data;Al. USA - południe;Al. USA - południe Rower IN;Al. USA - południe Rower OUT;Al. USA - północ;Al. USA - północ Rower IN;Al. USA - północ Rower OUT;Banacha;Banacha_IN;Banacha_OUT;Bazyliańska;Bazylia?ska_IN;Bazylia?ska_OUT;Belwederska;Belwederska Rower IN;Belwederska Rower OUT;Dworzec Wilenski (al. Solidarności);Dworzec Wile?ski (Al. Solidarno?ci)_IN;Dworzec Wile?ski (Al. Solidarno?ci)_OUT;Dworzec Wileński Nowy( Targowa);Dworzec Wile?ski Nowy_IN;Dworzec Wile?ski Nowy_OUT;Marszałkowska;Marszałkowska Rower IN;Marszałkowska Rower OUT;Most Gdanski - ścieżka rowerowa;Most Gdański - ciąg pieszo-rowerowy;NSR - Solec - ciąg pieszo-rowerowy;NSR-Solec - ścieżka rowerowa;Praska sciezka rekreacyjna;Piesi;Rowery;Wybrzeże Helskie;Wybrzeże Helskie_nowy Wyb.Helskie IN;Wybrzeże Helskie_nowy Wyb. Helskie OUT;Wysockiego;Wysockiego_IN;Wysockiego_OUT;Świętokrzyska - Emilii Plater, płd;Świętokrzyska - Emilii Plater, płd Rower IN;Świętokrzyska - Emilii Plater, płd Rower OUT;Świętokrzyska - Emilii Plater, płn;Świętokrzyska - Emilii Plater, płn Rower IN;Świętokrzyska - Emilii Plater, płn Rower OUT;Żwirki i Wigury/Trojdena;Żwirki i Wigury/Trojdena Rower IN;Żwirki i Wigury/Trojdena Rower OUT;Żwirki i Wigury/Trojdena;Żwirki i Wigury/Trojdena Rower IN;Żwirki i Wigury/Trojdena Rower OUT
01-01-17 0:00;1;1;0;0;0;0;1;0;1;0;0;0;4;0;4;1;0;1;0;0;0;0;0;0;1;0;2;0;4;2;2;6;1;5;0;0;0;4;1;3;0;0;0;1;0;1;0;0;0
01-01-17 1:00;1;1;0;0;0;0;2;2;0;0;0;0;1;0;1;1;0;1;0;0;0;1;0;1;2;0;0;0;1;1;0;0;0;0;0;0;0;1;0;1;1;0;1;1;0;1;0;0;0
01-01-17 2:00;0;0;0;0;0;0;4;2;2;0;0;0;1;1;0;1;0;1;1;0;1;1;0;1;0;0;0;1;0;0;0;1;0;1;0;0;0;0;0;0;1;1;0;0;0;0;0;0;0
01-01-17 3:00;0;0;0;0;0;0;0;0;0;0;0;0;2;1;1;0;0;0;1;1;0;1;1;0;0;0;1;2;1;0;1;0;0;0;0;0;0;5;2;3;4;1;3;0;0;0;0;0;0
01-01-17 4:00;0;0;0;0;0;0;0;0;0;0;0;0;1;0;1;0;0;0;1;1;0;0;0;0;0;0;1;0;1;0;1;0;0;0;0;0;0;1;1;0;0;0;0;2;0;2;0;0;0
01-01-17 5:00;0;0;0;0;0;0;2;2;0;0;0;0;0;0;0;1;1;0;0;0;0;2;0;2;0;0;0;2;0;0;0;0;0;0;0;0;0;2;2;0;5;1;4;0;0;0;0;0;0
01-01-17 6:00;2;1;1;0;0;0;4;1;3;0;0;0;1;0;1;5;4;1;2;1;1;0;0;0;0;1;0;0;0;0;0;0;0;0;0;0;0;2;2;0;0;0;0;2;2;0;2;0;2
01-01-17 7:00;1;0;1;1;1;0;3;2;1;0;0;0;2;0;2;2;1;1;2;1;1;2;1;1;1;1;0;0;0;0;0;0;0;0;2;1;1;3;2;1;0;0;0;0;0;0;1;0;1
01-01-17 8:00;0;0;0;1;0;1;3;2;1;0;0;0;1;1;0;0;0;0;2;0;2;1;0;1;4;0;2;3;0;0;0;2;0;2;0;0;0;2;1;1;1;0;1;2;1;1;0;0;0
01-01-17 9:00;0;0;0;1;1;0;0;0;0;0;0;0;5;2;3;3;2;1;4;2;2;2;2;0;3;5;0;2;2;2;0;1;1;0;0;0;0;1;1;0;2;2;0;0;0;0;0;0;0
01-01-17 10:00;3;3;0;0;0;0;2;1;1;0;0;0;2;2;0;0;0;0;1;1;0;6;2;4;10;3;2;3;15;15;0;7;3;4;1;1;0;2;0;2;4;3;1;0;0;0;1;1;0
01-01-17 11:00;4;0;4;1;0;1;7;2;5;0;0;0;3;1;2;2;1;1;1;0;1;2;1;1;12;12;3;7;13;12;1;8;3;5;0;0;0;4;2;2;5;4;1;5;3;2;1;0;1
01-01-17 12:00;5;1;4;5;4;1;2;0;2;1;1;0;4;3;1;3;3;0;4;3;1;3;2;1;13;10;8;5;36;26;10;7;2;5;5;2;3;8;5;3;9;8;1;3;3;0;3;2;1
01-01-17 13:00;3;2;1;1;1;0;9;5;4;3;2;1;12;5;7;2;1;1;3;3;0;5;4;1;17;18;4;8;52;43;9;12;4;8;3;1;2;7;4;3;6;4;2;14;7;7;1;0;1
01-01-17 14:00;5;1;4;1;1;0;12;6;6;3;3;0;7;2;5;14;11;3;5;1;4;2;1;1;22;17;5;5;49;42;7;18;10;8;3;2;1;11;9;2;2;1;1;11;4;7;3;1;2
01-01-17 15:00;4;2;2;5;0;5;8;4;4;1;1;0;11;1;10;6;4;2;3;1;2;3;1;2;5;16;10;6;30;27;3;8;2;6;2;0;2;16;13;3;11;11;0;8;3;5;4;2;2
01-01-17 16:00;3;2;1;0;0;0;4;3;1;0;0;0;5;4;1;2;2;0;2;0;2;5;3;2;10;6;3;7;7;7;0;8;2;6;3;1;2;8;7;1;5;5;0;8;4;4;1;1;0
01-01-17 17:00;4;2;2;1;0;1;9;2;7;1;1;0;3;1;2;8;1;7;5;2;3;2;0;2;13;1;1;4;4;4;0;7;2;5;1;0;1;10;5;5;6;6;0;5;3;2;3;3;0
01-01-17 18:00;1;1;0;0;0;0;10;6;4;0;0;0;14;9;5;5;4;1;2;0;2;0;0;0;7;2;5;3;2;2;0;5;2;3;3;1;2;7;5;2;6;3;3;2;2;0;0;0;0
01-01-17 19:00;1;0;1;2;1;1;5;1;4;0;0;0;1;0;1;3;0;3;5;3;2;7;4;3;5;0;2;3;4;4;0;5;1;4;1;1;0;10;7;3;7;2;5;8;3;5;1;0;1
01-01-17 20:00;0;0;0;0;0;0;12;5;7;0;0;0;0;0;0;0;0;0;1;0;1;2;1;1;1;1;1;1;4;4;0;3;2;1;2;0;2;2;2;0;1;1;0;2;2;0;1;0;1
01-01-17 21:00;3;2;1;0;0;0;3;2;1;0;0;0;2;0;2;0;0;0;1;1;0;4;0;4;1;0;0;9;0;0;0;3;1;2;0;0;0;3;3;0;2;2;0;1;1;0;2;1;1
01-01-17 22:00;2;1;1;0;0;0;0;0;0;0;0;0;0;0;0;3;2;1;1;0;1;1;0;1;1;0;0;1;2;0;2;2;1;1;0;0;0;6;3;3;4;2;2;1;0;1;0;0;0
01-01-17 23:00;0;0;0;0;0;0;3;0;3;0;0;0;1;0;1;0;0;0;0;0;0;0;0;0;1;0;0;1;0;0;0;0;0;0;0;0;0;3;3;0;1;0;1;0;0;0;6;4;2
02-01-17 0:00;0;0;0;1;1;0;1;0;1;0;0;0;0;0;0;3;1;2;0;0;0;0;0;0;0;0;0;0;1;1;0;1;1;0;0;0;0;1;0;1;0;0;0;0;0;0;1;1;0
02-01-17 1:00;0;0;0;0;0;0;0;0;0;0;0;0;0;0;0;0;0;0;0;0;0;0;0;0;1;0;0;0;0;0;0;0;0;0;0;0;0;0;0;0;0;0;0;0;0;0;0;0;0
02-01-17 2:00;0;0;0;0;0;0;0;0;0;0;0;0;0;0;0;0;0;0;0;0;0;0;0;0;0;0;0;0;1;1;0;0;0;0;0;0;0;0;0;0;0;0;0;0;0;0;0;0;0
02-01-17 3:00;0;0;0;0;0;0;0;0;0;0;0;0;0;0;0;2;1;1;1;0;1;0;0;0;0;0;0;0;0;0;0;0;0;0;0;0;0;3;1;2;0;0;0;0;0;0;0;0;0
02-01-17 4:00;1;0;1;1;0;1;0;0;0;0;0;0;0;0;0;1;0;1;1;1;0;0;0;0;1;0;0;1;0;0;0;0;0;0;0;0;0;0;0;0;0;0;0;0;0;0;0;0;0
02-01-17 5:00;1;0;1;0;0;0;3;2;1;0;0;0;1;1;0;1;0;1;1;0;1;4;1;3;2;1;0;7;2;2;0;2;1;1;5;1;4;3;1;2;1;1;0;4;3;1;0;0;0
02-01-17 6:00;3;2;1;1;0;1;17;11;6;1;1;0;2;1;1;10;9;1;6;2;4;3;2;1;5;0;0;6;1;1;0;16;11;5;4;2;2;9;7;2;8;8;0;3;2;1;7;2;5
02-01-17 7:00;6;2;4;2;2;0;49;40;9;2;2;0;12;8;4;20;18;2;10;5;5;9;4;5;16;10;3;15;0;0;0;26;17;9;6;4;2;25;21;4;12;11;1;20;11;9;5;3;2
02-01-17 8:00;9;3;6;1;1;0;64;44;20;3;2;1;16;12;4;17;15;2;9;6;3;13;8;5;13;11;5;11;8;5;3;22;18;4;7;2;5;24;22;2;23;22;1;28;13;15;13;5;8
02-01-17 9:00;2;0;2;1;1;0;26;18;8;0;0;0;13;7;6;7;7;0;5;3;2;10;5;5;12;9;2;8;4;3;1;10;7;3;1;0;1;16;12;4;16;15;1;24;10;14;3;1;2
02-01-17 10:00;3;2;1;1;1;0;19;10;9;0;0;0;5;3;2;7;5;2;2;1;1;4;0;4;8;0;2;4;8;6;2;9;4;5;2;1;1;8;7;1;11;6;5;11;4;7;3;1;2
02-01-17 11:00;2;1;1;2;2;0;12;5;7;1;0;1;4;2;2;6;3;3;0;0;0;7;5;2;3;2;0;1;7;7;0;3;3;0;0;0;0;3;3;0;13;8;5;4;1;3;3;0;3
02-01-17 12:00;3;1;2;0;0;0;12;7;5;0;0;0;2;1;1;2;1;1;4;0;4;7;3;4;2;1;1;1;6;5;1;3;0;3;2;1;1;12;10;2;5;4;1;3;3;0;0;0;0
02-01-17 13:00;2;2;0;1;1;0;16;9;7;0;0;0;8;5;3;8;6;2;7;3;4;8;1;7;1;2;0;6;8;7;1;12;6;6;0;0;0;15;13;2;21;12;9;9;7;2;2;0;2
02-01-17 14:00;4;2;2;4;3;1;5;2;3;0;0;0;4;1;3;4;2;2;7;5;2;13;7;6;5;1;4;4;4;3;1;6;3;3;2;1;1;13;12;1;14;12;2;11;6;5;0;0;0
02-01-17 15:00;9;7;2;4;2;2;22;4;18;1;1;0;11;2;9;5;2;3;12;9;3;13;4;9;13;7;1;9;3;2;1;20;8;12;7;4;3;8;6;2;21;8;13;13;10;3;4;1;3
02-01-17 16:00;10;6;4;2;2;0;61;15;46;2;2;0;19;3;16;21;6;15;12;6;6;21;8;13;18;6;2;17;0;0;0;21;7;14;7;3;4;31;25;6;22;13;9;31;14;17;6;1;5
02-01-17 17:00;11;8;3;3;1;2;63;17;46;2;2;0;12;3;9;17;4;13;10;5;5;18;7;11;23;4;2;18;3;3;0;22;5;17;6;3;3;31;27;4;16;11;5;36;29;7;7;3;4
02-01-17 18:00;9;6;3;2;1;1;28;9;19;2;2;0;9;2;7;9;2;7;9;6;3;9;5;4;3;2;2;3;3;3;0;8;1;7;5;0;5;26;17;9;17;9;8;16;8;8;7;1;6
02-01-17 19:00;6;4;2;1;0;1;23;11;12;0;0;0;10;3;7;3;0;3;6;3;3;10;7;3;6;4;5;4;1;0;1;14;4;10;2;0;2;8;4;4;10;7;3;8;7;1;4;0;4
02-01-17 20:00;1;1;0;1;0;1;15;7;8;0;0;0;8;2;6;6;1;5;7;4;3;6;4;2;4;0;1;3;1;1;0;7;2;5;3;0;3;5;4;1;1;1;0;5;2;3;4;2;2
02-01-17 21:00;0;0;0;0;0;0;2;0;2;0;0;0;3;0;3;7;3;4;5;5;0;3;0;3;0;0;0;2;1;1;0;5;3;2;1;1;0;8;3;5;2;1;1;2;0;2;0;0;0
02-01-17 22:00;1;1;0;0;0;0;2;1;1;0;0;0;2;0;2;4;0;4;3;3;0;2;1;1;1;0;0;1;4;4;0;2;2;0;0;0;0;2;2;0;1;0;1;0;0;0;0;0;0
02-01-17 23:00;0;0;0;1;0;1;1;0;1;0;0;0;0;0;0;0;0;0;0;0;0;0;0;0;3;0;0;1;0;0;0;2;1;1;0;0;0;0;0;0;0;0;0;3;1;2;0;0;0
03-01-17 0:00;1;1;0;0;0;0;1;0;1;0;0;0;0;0;0;0;0;0;1;1;0;0;0;0;0;0;0;1;0;0;0;0;0;0;0;0;0;0;0;0;0;0;0;0;0;0;0;0;0
03-01-17 1:00;0;0;0;0;0;0;0;0;0;0;0;0;0;0;0;0;0;0;1;0;1;1;0;1;0;0;0;0;0;0;0;1;0;1;0;0;0;1;1;0;1;0;1;0;0;0;0;0;0
03-01-17 2:00;0;0;0;0;0;0;0;0;0;0;0;0;0;0;0;0;0;0;0;0;0;0;0;0;0;0;0;0;0;0;0;0;0;0;0;0;0;0;0;0;0;0;0;0;0;0;0;0;0
03-01-17 3:00;0;0;0;0;0;0;2;1;1;0;0;0;0;0;0;1;1;0;2;1;1;0;0;0;0;0;0;0;0;0;0;0;0;0;0;0;0;0;0;0;0;0;0;1;1;0;0;0;0
03-01-17 4:00;3;1;2;0;0;0;0;0;0;0;0;0;0;0;0;1;1;0;2;0;2;0;0;0;0;0;0;0;0;0;0;0;0;0;0;0;0;1;0;1;0;0;0;0;0;0;0;0;0
03-01-17 5:00;1;1;0;0;0;0;2;1;1;1;1;0;0;0;0;1;0;1;1;0;1;4;1;3;2;1;0;3;1;1;0;4;2;2;2;0;2;2;2;0;0;0;0;1;1;0;0;0;0
03-01-17 6:00;3;1;2;1;0;1;17;11;6;1;1;0;2;2;0;4;4;0;6;4;2;4;1;3;5;0;0;8;2;2;0;15;12;3;6;3;3;6;4;2;9;5;4;3;1;2;2;1;1
03-01-17 7:00;6;0;6;2;2;0;55;47;8;3;1;2;10;9;1;16;15;1;6;4;2;6;3;3;17;5;1;14;6;6;0;19;15;4;2;1;1;17;17;0;9;8;1;25;15;10;6;3;3
03-01-17 8:00;5;2;3;3;2;1;65;37;28;2;2;0;18;12;6;19;17;2;15;9;6;11;4;7;8;7;3;12;8;6;2;22;17;5;7;2;5;28;25;3;24;20;4;26;11;15;8;4;4
03-01-17 9:00;3;0;3;1;1;0;28;18;10;0;0;0;9;6;3;10;9;1;6;4;2;17;9;8;6;1;1;10;8;7;1;16;10;6;0;0;0;19;13;6;24;22;2;18;9;9;3;2;1
03-01-17 10:00;7;6;1;2;1;1;13;8;5;0;0;0;5;1;4;10;3;7;5;2;3;11;4;7;2;3;1;4;3;3;0;13;5;8;3;1;2;8;7;1;16;13;3;11;7;4;3;3;0
03-01-17 11:00;3;2;1;1;1;0;8;3;5;0;0;0;7;1;6;8;4;4;11;7;4;10;4;6;6;4;1;4;8;7;1;7;3;4;2;1;1;15;13;2;11;8;3;10;5;5;4;2;2
03-01-17 12:00;2;2;0;2;2;0;12;1;11;0;0;0;6;1;5;6;6;0;6;2;4;12;3;9;4;4;0;4;7;5;2;8;6;2;2;0;2;7;6;1;12;8;4;8;4;4;4;0;4
03-01-17 13:00;4;2;2;3;2;1;14;6;8;0;0;0;5;1;4;7;2;5;8;5;3;12;4;8;6;3;0;5;3;3;0;5;0;5;4;1;3;3;3;0;12;6;6;11;8;3;1;0;1
03-01-17 14:00;4;4;0;4;2;2;14;5;9;0;0;0;8;2;6;5;2;3;5;4;1;12;4;8;8;5;3;7;8;6;2;8;5;3;4;4;0;16;12;4;15;10;5;5;4;1;1;1;0
03-01-17 15:00;4;4;0;4;3;1;26;8;18;3;3;0;12;4;8;9;4;5;17;10;7;14;5;9;8;5;0;15;7;5;2;18;6;12;5;2;3;15;13;2;17;10;7;15;7;8;2;0;2
03-01-17 16:00;5;3;2;1;0;1;72;24;48;5;3;2;16;2;14;25;9;16;13;7;6;16;5;11;18;5;1;16;2;2;0;28;10;18;5;4;1;29;25;4;21;10;11;36;20;16;5;0;5
03-01-17 17:00;8;6;2;3;1;2;75;31;44;1;1;0;14;2;12;12;1;11;9;6;3;22;6;16;19;4;1;12;6;5;1;24;6;18;6;3;3;27;21;6;20;19;1;23;16;7;12;2;10
03-01-17 18:00;6;2;4;2;1;1;32;13;19;1;1;0;7;0;7;8;2;6;12;8;4;12;7;5;10;4;0;7;3;3;0;21;9;12;3;1;2;21;12;9;13;9;4;18;11;7;5;1;4
03-01-17 19:00;2;0;2;4;2;2;12;4;8;1;1;0;3;0;3;7;1;6;2;0;2;7;3;4;5;1;0;3;0;0;0;7;3;4;5;2;3;15;11;4;6;4;2;7;4;3;1;0;1
03-01-17 20:00;1;1;0;1;1;0;9;4;5;0;0;0;1;1;0;4;1;3;4;2;2;3;1;2;6;1;0;3;3;1;2;10;2;8;2;1;1;13;7;6;7;7;0;7;0;7;1;0;1
03-01-17 21:00;0;0;0;0;0;0;6;3;3;1;0;1;1;0;1;4;0;4;3;1;2;2;2;0;1;0;0;0;1;0;1;3;1;2;3;2;1;8;4;4;3;1;2;3;0;3;1;0;1
03-01-17 22:00;1;1;0;0;0;0;1;1;0;0;0;0;4;1;3;4;0;4;1;1;0;3;2;1;0;2;0;4;3;3;0;5;3;2;1;1;0;4;3;1;2;1;1;2;2;0;1;0;1
03-01-17 23:00;0;0;0;0;0;0;2;0;2;0;0;0;0;0;0;1;0;1;2;2;0;1;0;1;0;0;0;1;0;0;0;1;0;1;0;0;0;4;3;1;0;0;0;3;3;0;0;0;0
04-01-17 0:00;0;0;0;0;0;0;2;1;1;0;0;0;0;0;0;0;0;0;1;1;0;2;1;1;0;0;0;0;0;0;0;0;0;0;0;0;0;1;0;1;0;0;0;0;0;0;0;0;0
04-01-17 1:00;0;0;0;0;0;0;1;1;0;0;0;0;0;0;0;0;0;0;0;0;0;0;0;0;0;0;0;0;0;0;0;0;0;0;0;0;0;1;1;0;0;0;0;0;0;0;0;0;0
04-01-17 2:00;0;0;0;0;0;0;0;0;0;0;0;0;0;0;0;0;0;0;0;0;0;4;2;2;0;0;0;4;0;0;0;0;0;0;0;0;0;1;0;1;0;0;0;1;1;0;0;0;0
04-01-17 3:00;0;0;0;0;0;0;0;0;0;0;0;0;0;0;0;1;1;0;2;1;1;8;5;3;0;0;0;0;0;0;0;1;1;0;0;0;0;0;0;0;1;1;0;0;0;0;0;0;0
04-01-17 4:00;1;0;1;0;0;0;0;0;0;3;3;0;1;0;1;0;0;0;1;0;1;1;0;1;0;0;0;0;0;0;0;0;0;0;0;0;0;1;0;1;0;0;0;0;0;0;0;0;0
04-01-17 5:00;1;0;1;0;0;0;4;4;0;1;1;0;0;0;0;0;0;0;2;1;1;2;1;1;0;0;0;3;0;0;0;0;0;0;0;0;0;0;0;0;0;0;0;2;1;1;0;0;0
04-01-17 6:00;5;4;1;0;0;0;5;4;1;0;0;0;0;0;0;4;4;0;5;4;1;2;0;2;6;0;1;3;0;0;0;7;5;2;4;1;3;4;0;4;8;7;1;4;2;2;2;2;0
04-01-17 7:00;8;0;8;0;0;0;45;37;8;0;0;0;9;6;3;10;7;3;2;2;0;4;3;1;9;1;0;8;1;1;0;12;9;3;4;4;0;16;8;8;6;5;1;14;10;4;2;1;1
04-01-17 8:00;6;1;5;2;2;0;60;39;21;1;1;0;18;10;8;11;11;0;3;0;3;13;7;6;12;2;3;9;4;4;0;13;11;2;3;2;1;16;9;7;17;16;1;21;9;12;2;1;1
04-01-17 9:00;1;0;1;1;1;0;35;26;9;0;0;0;5;4;1;5;4;1;6;4;2;9;3;6;2;0;2;5;6;6;0;6;2;4;0;0;0;13;4;9;7;7;0;7;3;4;1;0;1
04-01-17 10:00;2;2;0;0;0;0;10;4;6;1;0;1;2;1;1;5;3;2;6;4;2;7;4;3;2;1;0;0;5;5;0;6;2;4;4;1;3;11;10;1;18;11;7;5;3;2;1;0;1
04-01-17 11:00;0;0;0;0;0;0;11;5;6;1;0;1;3;1;2;1;1;0;3;2;1;6;1;5;2;1;1;2;3;3;0;4;3;1;4;1;3;3;1;2;9;7;2;7;4;3;0;0;0
04-01-17 12:00;1;1;0;0;0;0;10;6;4;0;0;0;3;2;1;1;1;0;3;2;1;8;3;5;1;0;0;4;2;2;0;1;1;0;0;0;0;6;5;1;7;3;4;1;1;0;1;1;0
04-01-17 13:00;0;0;0;1;0;1;9;3;6;0;0;0;3;1;2;2;1;1;6;4;2;7;2;5;2;0;0;3;0;0;0;6;4;2;3;1;2;10;6;4;5;3;2;5;3;2;1;1;0
04-01-17 14:00;3;1;2;1;1;0;10;4;6;1;0;1;7;3;4;1;0;1;6;4;2;8;2;6;2;1;2;3;1;1;0;3;0;3;3;1;2;6;3;3;10;9;1;9;6;3;0;0;0
04-01-17 15:00;7;5;2;2;1;1;19;9;10;1;1;0;7;2;5;5;3;2;4;3;1;5;1;4;6;0;0;9;2;2;0;11;6;5;3;1;2;13;9;4;14;8;6;6;3;3;0;0;0
04-01-17 16:00;3;3;0;0;0;0;42;11;31;1;0;1;10;1;9;11;3;8;7;4;3;12;7;5;7;2;1;12;4;3;1;11;4;7;0;0;0;23;20;3;16;10;6;18;11;7;6;1;5
04-01-17 17:00;2;0;2;1;0;1;39;13;26;0;0;0;11;3;8;16;4;12;6;5;1;15;4;11;11;4;0;8;0;0;0;15;5;10;5;2;3;24;14;10;19;11;8;20;14;6;2;0;2
04-01-17 18:00;2;0;2;1;1;0;26;16;10;0;0;0;12;2;10;7;1;6;8;5;3;7;3;4;5;2;2;7;0;0;0;9;2;7;3;0;3;17;13;4;10;4;6;14;9;5;2;0;2
04-01-17 19:00;3;2;1;0;0;0;20;8;12;1;1;0;2;1;1;5;2;3;2;1;1;3;0;3;2;1;1;1;0;0;0;3;0;3;1;1;0;8;5;3;4;1;3;9;5;4;3;0;3
04-01-17 20:00;0;0;0;0;0;0;10;5;5;0;0;0;2;0;2;4;2;2;2;2;0;4;1;3;0;1;1;0;0;0;0;8;4;4;1;1;0;4;3;1;4;2;2;4;1;3;2;0;2
04-01-17 21:00;0;0;0;2;0;2;4;0;4;0;0;0;2;1;1;3;2;1;1;0;1;3;3;0;1;0;1;1;1;1;0;1;1;0;0;0;0;8;4;4;2;2;0;2;1;1;0;0;0
04-01-17 22:00;0;0;0;0;0;0;1;0;1;1;0;1;2;0;2;0;0;0;4;1;3;2;1;1;1;0;0;2;0;0;0;2;0;2;1;1;0;6;4;2;0;0;0;2;1;1;0;0;0
04-01-17 23:00;0;0;0;0;0;0;1;0;1;0;0;0;0;0;0;1;0;1;2;2;0;0;0;0;0;0;0;1;0;0;0;2;2;0;0;0;0;1;1;0;1;1;0;0;0;0;0;0;0
05-01-17 0:00;0;0;0;0;0;0;2;0;2;0;0;0;0;0;0;0;0;0;0;0;0;0;0;0;0;0;0;1;0;0;0;1;1;0;0;0;0;2;1;1;0;0;0;0;0;0;0;0;0
05-01-17 1:00;0;0;0;0;0;0;0;0;0;0;0;0;0;0;0;0;0;0;0;0;0;0;0;0;0;0;0;0;0;0;0;0;0;0;0;0;0;1;1;0;0;0;0;0;0;0;1;0;1
05-01-17 2:00;0;0;0;0;0;0;1;1;0;0;0;0;1;0;1;0;0;0;0;0;0;0;0;0;0;0;0;0;0;0;0;0;0;0;0;0;0;0;0;0;0;0;0;0;0;0;0;0;0
05-01-17 3:00;0;0;0;0;0;0;0;0;0;0;0;0;0;0;0;1;1;0;1;0;1;5;0;5;0;0;0;0;0;0;0;0;0;0;0;0;0;0;0;0;0;0;0;0;0;0;0;0;0
05-01-17 4:00;0;0;0;0;0;0;1;0;1;0;0;0;0;0;0;0;0;0;1;0;1;0;0;0;0;0;0;0;0;0;0;1;1;0;0;0;0;0;0;0;0;0;0;1;1;0;0;0;0
05-01-17 5:00;2;1;1;0;0;0;0;0;0;2;2;0;0;0;0;0;0;0;0;0;0;2;0;2;0;0;0;2;0;0;0;3;2;1;1;0;1;0;0;0;1;1;0;0;0;0;0;0;0
05-01-17 6:00;0;0;0;0;0;0;3;2;1;0;0;0;2;2;0;6;3;3;1;0;1;2;1;1;3;0;0;4;2;2;0;6;4;2;3;1;2;1;1;0;4;3;1;4;3;1;2;1;1
05-01-17 7:00;2;1;1;0;0;0;17;14;3;1;1;0;0;0;0;6;4;2;2;1;1;2;0;2;4;2;0;2;3;3;0;7;5;2;2;2;0;10;9;1;5;3;2;10;7;3;0;0;0
05-01-17 8:00;3;1;2;3;2;1;33;20;13;0;0;0;7;4;3;8;8;0;4;3;1;6;2;4;4;3;0;7;6;5;1;9;7;2;3;3;0;12;9;3;13;12;1;12;8;4;0;0;0
05-01-17 9:00;4;2;2;0;0;0;15;8;7;0;0;0;10;8;2;2;1;1;1;1;0;8;5;3;4;0;0;5;1;1;0;5;3;2;2;0;2;10;9;1;8;7;1;7;4;3;0;0;0
05-01-17 10:00;0;0;0;0;0;0;11;6;5;3;3;0;1;1;0;0;0;0;3;1;2;2;0;2;1;2;1;5;3;3;0;8;3;5;2;0;2;6;5;1;7;4;3;3;3;0;1;0;1
05-01-17 11:00;3;2;1;1;0;1;2;2;0;1;1;0;1;0;1;1;0;1;2;1;1;9;3;6;1;0;1;2;1;1;0;2;1;1;4;3;1;10;6;4;6;4;2;3;1;2;0;0;0
05-01-17 12:00;0;0;0;0;0;0;1;0;1;1;1;0;2;1;1;8;4;4;3;1;2;7;2;5;1;0;0;2;4;2;2;4;4;0;0;0;0;5;4;1;15;11;4;3;3;0;0;0;0
05-01-17 13:00;1;0;1;1;1;0;8;2;6;0;0;0;2;0;2;4;4;0;1;0;1;7;2;5;1;1;1;4;4;4;0;3;2;1;5;0;5;4;4;0;12;6;6;1;1;0;1;0;1
05-01-17 14:00;0;0;0;0;0;0;7;5;2;1;0;1;8;3;5;6;0;6;5;3;2;10;4;6;1;1;0;4;10;9;1;3;1;2;2;2;0;4;3;1;14;10;4;7;3;4;0;0;0
05-01-17 15:00;4;2;2;1;0;1;14;3;11;0;0;0;3;0;3;9;2;7;2;1;1;7;0;7;7;1;2;6;14;14;0;14;9;5;2;1;1;9;7;2;7;7;0;7;6;1;0;0;0
05-01-17 16:00;3;1;2;0;0;0;29;8;21;0;0;0;9;2;7;5;2;3;4;4;0;9;6;3;8;1;1;7;3;3;0;8;1;7;1;0;1;16;10;6;14;10;4;13;7;6;0;0;0
05-01-17 17:00;4;2;2;0;0;0;23;8;15;0;0;0;7;2;5;7;1;6;2;1;1;9;4;5;9;2;0;10;1;1;0;12;2;10;2;1;1;13;10;3;11;9;2;13;8;5;2;0;2
05-01-17 18:00;4;2;2;1;0;1;11;3;8;0;0;0;4;1;3;8;2;6;7;6;1;7;5;2;5;0;0;1;1;0;1;9;5;4;0;0;0;13;10;3;12;7;5;11;5;6;1;0;1
05-01-17 19:00;0;0;0;1;0;1;8;1;7;0;0;0;1;0;1;2;0;2;6;0;6;3;3;0;4;1;1;3;2;2;0;5;0;5;0;0;0;6;4;2;3;1;2;13;9;4;0;0;0
05-01-17 20:00;4;3;1;0;0;0;6;3;3;0;0;0;2;0;2;1;0;1;0;0;0;4;2;2;1;0;1;1;2;2;0;2;0;2;1;1;0;9;3;6;4;2;2;3;0;3;0;0;0
05-01-17 21:00;0;0;0;0;0;0;3;3;0;0;0;0;1;0;1;2;0;2;0;0;0;0;0;0;0;0;1;0;0;0;0;2;2;0;0;0;0;2;1;1;3;0;3;3;1;2;0;0;0
05-01-17 22:00;0;0;0;0;0;0;2;1;1;0;0;0;0;0;0;4;0;4;3;3;0;6;1;5;0;0;0;3;0;0;0;0;0;0;1;1;0;2;1;1;0;0;0;0;0;0;0;0;0
05-01-17 23:00;0;0;0;0;0;0;1;1;0;0;0;0;3;0;3;0;0;0;1;1;0;0;0;0;1;1;0;0;0;0;0;0;0;0;0;0;0;4;1;3;0;0;0;1;1;0;0;0;0
06-01-17 0:00;0;0;0;0;0;0;0;0;0;0;0;0;0;0;0;2;1;1;0;0;0;0;0;0;0;0;0;1;0;0;0;0;0;0;0;0;0;0;0;0;0;0;0;0;0;0;0;0;0
06-01-17 1:00;0;0;0;0;0;0;0;0;0;0;0;0;0;0;0;0;0;0;0;0;0;1;0;1;1;0;0;0;0;0;0;1;1;0;0;0;0;1;1;0;0;0;0;0;0;0;0;0;0
06-01-17 2:00;0;0;0;0;0;0;0;0;0;0;0;0;0;0;0;0;0;0;0;0;0;0;0;0;0;0;0;0;0;0;0;0;0;0;0;0;0;0;0;0;0;0;0;0;0;0;0;0;0
06-01-17 3:00;0;0;0;0;0;0;0;0;0;0;0;0;0;0;0;0;0;0;0;0;0;0;0;0;0;0;0;0;0;0;0;0;0;0;0;0;0;0;0;0;0;0;0;0;0;0;0;0;0
06-01-17 4:00;0;0;0;1;0;1;0;0;0;0;0;0;0;0;0;1;0;1;0;0;0;0;0;0;0;0;0;1;0;0;0;0;0;0;0;0;0;0;0;0;0;0;0;0;0;0;0;0;0
06-01-17 5:00;1;1;0;0;0;0;0;0;0;1;1;0;0;0;0;0;0;0;1;0;1;0;0;0;0;0;0;0;0;0;0;3;2;1;0;0;0;0;0;0;0;0;0;0;0;0;0;0;0
06-01-17 6:00;0;0;0;0;0;0;3;2;1;0;0;0;1;1;0;0;0;0;0;0;0;0;0;0;0;1;1;0;0;0;0;2;1;1;1;0;1;0;0;0;1;1;0;1;0;1;0;0;0
06-01-17 7:00;2;2;0;0;0;0;2;0;2;0;0;0;0;0;0;2;0;2;1;1;0;1;0;1;1;0;1;0;2;2;0;0;0;0;2;0;2;2;1;1;0;0;0;1;1;0;0;0;0
06-01-17 8:00;0;0;0;0;0;0;0;0;0;0;0;0;0;0;0;5;4;1;0;0;0;0;0;0;1;1;0;1;4;4;0;1;0;1;1;1;0;2;2;0;0;0;0;0;0;0;0;0;0
06-01-17 9:00;1;1;0;0;0;0;2;2;0;0;0;0;0;0;0;0;0;0;0;0;0;0;0;0;0;1;0;0;7;7;0;4;3;1;0;0;0;0;0;0;1;1;0;2;1;1;0;0;0
06-01-17 10:00;0;0;0;0;0;0;3;1;2;0;0;0;1;0;1;1;0;1;2;0;2;2;2;0;3;0;0;1;8;7;1;4;1;3;0;0;0;1;0;1;4;4;0;0;0;0;0;0;0
06-01-17 11:00;5;0;5;0;0;0;2;1;1;0;0;0;1;0;1;2;2;0;2;1;1;1;1;0;1;0;0;1;35;29;6;0;0;0;1;0;1;7;6;1;1;1;0;5;5;0;0;0;0
06-01-17 12:00;2;0;2;2;2;0;2;2;0;0;0;0;1;1;0;2;2;0;1;0;1;2;1;1;2;0;3;2;57;47;10;7;3;4;1;0;1;5;2;3;2;2;0;1;0;1;0;0;0
06-01-17 13:00;0;0;0;0;0;0;6;3;3;0;0;0;3;1;2;8;5;3;2;1;1;5;2;3;5;1;1;4;39;32;7;3;0;3;2;1;1;5;2;3;3;2;1;1;1;0;0;0;0
06-01-17 14:00;7;5;2;0;0;0;3;1;2;0;0;0;1;0;1;2;2;0;3;2;1;2;2;0;6;0;1;3;61;55;6;1;0;1;1;1;0;7;2;5;5;5;0;5;4;1;0;0;0
06-01-17 15:00;1;1;0;0;0;0;1;0;1;2;0;2;5;3;2;1;1;0;1;0;1;1;1;0;2;1;0;0;35;34;1;3;2;1;2;1;1;2;1;1;4;4;0;6;3;3;0;0;0
06-01-17 16:00;0;0;0;1;1;0;1;1;0;0;0;0;2;0;2;2;1;1;2;2;0;3;3;0;1;2;0;2;6;6;0;4;2;2;0;0;0;4;3;1;0;0;0;3;2;1;0;0;0
06-01-17 17:00;0;0;0;0;0;0;1;1;0;0;0;0;1;0;1;0;0;0;0;0;0;0;0;0;1;0;0;2;3;2;1;2;1;1;0;0;0;3;2;1;3;3;0;2;1;1;0;0;0
06-01-17 18:00;1;1;0;0;0;0;0;0;0;0;0;0;2;1;1;3;1;2;1;1;0;3;1;2;2;0;0;0;0;0;0;0;0;0;0;0;0;4;2;2;3;3;0;0;0;0;0;0;0
06-01-17 19:00;0;0;0;0;0;0;0;0;0;0;0;0;1;0;1;3;2;1;0;0;0;0;0;0;1;0;0;0;2;2;0;2;1;1;1;1;0;6;3;3;0;0;0;0;0;0;0;0;0
06-01-17 20:00;0;0;0;0;0;0;1;0;1;0;0;0;0;0;0;0;0;0;0;0;0;0;0;0;0;0;0;0;0;0;0;1;0;1;0;0;0;1;1;0;0;0;0;0;0;0;0;0;0
06-01-17 21:00;0;0;0;0;0;0;1;1;0;0;0;0;0;0;0;0;0;0;0;0;0;0;0;0;2;0;1;1;1;1;0;0;0;0;0;0;0;0;0;0;0;0;0;1;0;1;0;0;0
06-01-17 22:00;0;0;0;0;0;0;0;0;0;0;0;0;0;0;0;3;0;3;0;0;0;0;0;0;0;0;0;0;0;0;0;0;0;0;0;0;0;1;0;1;0;0;0;0;0;0;0;0;0
06-01-17 23:00;0;0;0;0;0;0;0;0;0;0;0;0;3;1;2;1;0;1;2;2;0;0;0;0;1;0;0;0;0;0;0;0;0;0;0;0;0;0;0;0;1;0;1;1;1;0;1;1;0
07-01-17 0:00;0;0;0;0;0;0;2;0;2;0;0;0;1;1;0;0;0;0;0;0;0;0;0;0;0;0;0;0;0;0;0;2;1;1;0;0;0;2;1;1;0;0;0;0;0;0;0;0;0
07-01-17 1:00;0;0;0;0;0;0;0;0;0;0;0;0;0;0;0;0;0;0;0;0;0;0;0;0;0;0;0;0;0;0;0;0;0;0;0;0;0;0;0;0;0;0;0;0;0;0;0;0;0
07-01-17 2:00;0;0;0;0;0;0;0;0;0;0;0;0;0;0;0;0;0;0;0;0;0;0;0;0;0;0;0;0;0;0;0;0;0;0;0;0;0;0;0;0;0;0;0;0;0;0;0;0;0
07-01-17 3:00;0;0;0;0;0;0;0;0;0;0;0;0;0;0;0;0;0;0;0;0;0;0;0;0;0;0;0;0;0;0;0;0;0;0;0;0;0;0;0;0;0;0;0;0;0;0;0;0;0
07-01-17 4:00;0;0;0;0;0;0;0;0;0;0;0;0;0;0;0;0;0;0;0;0;0;0;0;0;0;0;0;0;0;0;0;0;0;0;0;0;0;0;0;0;0;0;0;0;0;0;0;0;0
07-01-17 5:00;1;1;0;0;0;0;0;0;0;0;0;0;0;0;0;0;0;0;0;0;0;1;1;0;0;0;0;0;0;0;0;0;0;0;0;0;0;0;0;0;0;0;0;0;0;0;0;0;0
07-01-17 6:00;1;1;0;0;0;0;0;0;0;0;0;0;0;0;0;2;2;0;0;0;0;0;0;0;2;0;0;0;0;0;0;1;1;0;0;0;0;0;0;0;1;1;0;0;0;0;0;0;0
07-01-17 7:00;1;0;1;0;0;0;0;0;0;0;0;0;0;0;0;1;0;1;0;0;0;2;1;1;1;0;0;0;0;0;0;0;0;0;0;0;0;1;1;0;1;1;0;1;1;0;1;1;0
07-01-17 8:00;1;1;0;0;0;0;1;0;1;0;0;0;1;0;1;0;0;0;0;0;0;1;0;1;0;0;1;0;3;3;0;0;0;0;0;0;0;1;1;0;1;1;0;2;1;1;0;0;0
07-01-17 9:00;0;0;0;2;2;0;3;2;1;0;0;0;0;0;0;0;0;0;3;2;1;3;1;2;4;0;0;1;10;9;1;6;2;4;0;0;0;3;2;1;1;1;0;1;1;0;0;0;0
07-01-17 10:00;1;1;0;0;0;0;2;1;1;0;0;0;1;0;1;4;0;4;3;2;1;2;1;1;1;0;0;0;18;18;0;1;0;1;0;0;0;2;2;0;3;3;0;0;0;0;0;0;0
07-01-17 11:00;1;0;1;0;0;0;5;2;3;0;0;0;1;1;0;4;1;3;1;1;0;0;0;0;1;0;0;1;16;14;2;1;1;0;1;0;1;2;1;1;0;0;0;1;1;0;0;0;0
07-01-17 12:00;3;1;2;0;0;0;5;3;2;0;0;0;1;1;0;2;2;0;2;0;2;4;1;3;8;0;0;3;17;16;1;1;1;0;0;0;0;3;2;1;4;4;0;0;0;0;1;0;1
07-01-17 13:00;1;0;1;0;0;0;3;3;0;0;0;0;5;3;2;1;0;1;1;1;0;1;0;1;6;0;1;2;24;21;3;4;3;1;2;2;0;2;1;1;3;3;0;3;0;3;0;0;0
07-01-17 14:00;4;4;0;0;0;0;6;4;2;0;0;0;1;1;0;8;5;3;5;1;4;2;1;1;7;0;1;3;41;38;3;5;2;3;0;0;0;2;2;0;1;1;0;0;0;0;0;0;0
07-01-17 15:00;2;1;1;0;0;0;6;0;6;0;0;0;0;0;0;3;0;3;1;1;0;3;3;0;2;2;3;2;25;21;4;3;1;2;1;0;1;6;4;2;2;2;0;0;0;0;0;0;0
07-01-17 16:00;2;2;0;0;0;0;3;0;3;0;0;0;0;0;0;3;1;2;2;1;1;4;2;2;2;1;0;1;9;4;5;0;0;0;1;1;0;4;1;3;0;0;0;1;1;0;0;0;0
07-01-17 17:00;1;0;1;0;0;0;3;3;0;0;0;0;0;0;0;0;0;0;2;2;0;0;0;0;2;0;0;2;2;2;0;0;0;0;1;1;0;2;1;1;3;3;0;2;1;1;0;0;0
07-01-17 18:00;0;0;0;0;0;0;1;1;0;0;0;0;3;0;3;0;0;0;2;2;0;1;0;1;0;0;0;2;3;2;1;1;1;0;1;0;1;3;3;0;2;2;0;2;1;1;0;0;0
07-01-17 19:00;0;0;0;0;0;0;6;2;4;0;0;0;1;0;1;0;0;0;0;0;0;2;1;1;2;2;1;0;0;0;0;2;0;2;0;0;0;4;3;1;2;2;0;1;1;0;0;0;0
07-01-17 20:00;0;0;0;0;0;0;1;0;1;0;0;0;0;0;0;0;0;0;2;1;1;0;0;0;0;0;0;0;0;0;0;0;0;0;0;0;0;2;2;0;1;1;0;1;0;1;0;0;0
07-01-17 21:00;0;0;0;0;0;0;0;0;0;0;0;0;0;0;0;0;0;0;0;0;0;4;2;2;0;0;0;0;0;0;0;1;1;0;1;0;1;1;0;1;3;2;1;0;0;0;0;0;0
07-01-17 22:00;0;0;0;0;0;0;1;0;1;0;0;0;0;0;0;2;1;1;0;0;0;0;0;0;0;0;0;0;1;1;0;0;0;0;0;0;0;2;0;2;0;0;0;1;1;0;0;0;0
07-01-17 23:00;0;0;0;0;0;0;0;0;0;0;0;0;0;0;0;1;0;1;1;0;1;0;0;0;0;0;0;0;0;0;0;0;0;0;0;0;0;1;0;1;0;0;0;0;0;0;0;0;0
08-01-17 0:00;0;0;0;0;0;0;0;0;0;0;0;0;0;0;0;0;0;0;0;0;0;1;0;1;0;0;0;1;0;0;0;1;0;1;0;0;0;1;0;1;0;0;0;0;0;0;0;0;0
08-01-17 1:00;0;0;0;0;0;0;0;0;0;0;0;0;0;0;0;0;0;0;0;0;0;1;0;1;0;0;0;0;0;0;0;0;0;0;0;0;0;0;0;0;0;0;0;1;0;1;0;0;0
08-01-17 2:00;1;1;0;0;0;0;0;0;0;0;0;0;0;0;0;0;0;0;0;0;0;0;0;0;0;0;0;0;0;0;0;0;0;0;0;0;0;0;0;0;0;0;0;0;0;0;0;0;0
08-01-17 3:00;0;0;0;0;0;0;0;0;0;0;0;0;0;0;0;0;0;0;0;0;0;1;0;1;1;0;0;0;0;0;0;0;0;0;0;0;0;2;1;1;1;1;0;0;0;0;0;0;0
08-01-17 4:00;0;0;0;0;0;0;0;0;0;0;0;0;1;1;0;0;0;0;0;0;0;0;0;0;0;0;0;0;0;0;0;0;0;0;0;0;0;0;0;0;0;0;0;0;0;0;0;0;0
08-01-17 5:00;1;0;1;0;0;0;0;0;0;0;0;0;0;0;0;0;0;0;0;0;0;0;0;0;0;0;0;0;0;0;0;0;0;0;0;0;0;0;0;0;0;0;0;0;0;0;0;0;0
08-01-17 6:00;0;0;0;0;0;0;0;0;0;0;0;0;1;0;1;0;0;0;0;0;0;0;0;0;0;0;0;0;0;0;0;1;1;0;0;0;0;0;0;0;0;0;0;0;0;0;0;0;0
08-01-17 7:00;1;0;1;0;0;0;1;0;1;0;0;0;1;0;1;0;0;0;0;0;0;2;0;2;0;0;0;0;0;0;0;1;1;0;0;0;0;1;0;1;0;0;0;1;0;1;0;0;0
08-01-17 8:00;0;0;0;0;0;0;1;1;0;0;0;0;0;0;0;1;1;0;0;0;0;0;0;0;2;0;0;0;2;2;0;1;0;1;0;0;0;0;0;0;0;0;0;2;2;0;1;1;0
08-01-17 9:00;0;0;0;0;0;0;0;0;0;0;0;0;0;0;0;0;0;0;1;1;0;0;0;0;3;0;0;1;17;16;1;3;0;3;0;0;0;2;2;0;2;2;0;2;1;1;0;0;0
08-01-17 10:00;1;1;0;0;0;0;3;3;0;0;0;0;0;0;0;1;1;0;0;0;0;1;0;1;5;0;0;0;29;28;1;2;2;0;0;0;0;3;2;1;0;0;0;2;1;1;0;0;0
08-01-17 11:00;3;2;1;2;0;2;3;1;2;0;0;0;6;3;3;2;2;0;0;0;0;3;1;2;3;2;0;0;35;31;4;0;0;0;0;0;0;2;2;0;2;1;1;2;1;1;0;0;0
08-01-17 12:00;1;0;1;2;1;1;2;1;1;0;0;0;2;0;2;1;1;0;0;0;0;3;1;2;7;3;1;1;52;49;3;7;3;4;2;1;1;3;0;3;2;1;1;3;2;1;0;0;0
08-01-17 13:00;1;1;0;0;0;0;3;0;3;0;0;0;0;0;0;0;0;0;1;0;1;3;0;3;8;4;0;3;61;53;8;5;2;3;2;0;2;11;6;5;5;5;0;4;2;2;0;0;0
08-01-17 14:00;5;3;2;0;0;0;1;0;1;0;0;0;2;1;1;3;2;1;6;1;5;4;3;1;5;4;1;2;85;79;6;3;2;1;1;0;1;4;3;1;5;5;0;3;0;3;0;0;0
08-01-17 15:00;3;2;1;0;0;0;2;1;1;0;0;0;2;0;2;6;4;2;0;0;0;1;0;1;3;1;0;5;32;30;2;3;1;2;2;1;1;5;4;1;1;0;1;3;2;1;0;0;0
08-01-17 16:00;0;0;0;0;0;0;3;1;2;0;0;0;1;1;0;2;0;2;1;1;0;2;1;1;3;0;2;4;7;6;1;1;0;1;1;0;1;6;4;2;2;2;0;4;2;2;1;1;0
08-01-17 17:00;3;0;3;0;0;0;2;1;1;0;0;0;0;0;0;0;0;0;0;0;0;3;3;0;2;0;0;2;4;3;1;1;1;0;1;1;0;8;5;3;1;1;0;1;0;1;0;0;0
08-01-17 18:00;1;1;0;0;0;0;3;3;0;0;0;0;2;1;1;4;1;3;2;2;0;2;2;0;4;1;0;0;3;2;1;5;3;2;1;0;1;1;1;0;4;3;1;0;0;0;0;0;0
08-01-17 19:00;0;0;0;0;0;0;0;0;0;1;0;1;1;0;1;2;1;1;1;1;0;3;2;1;0;0;0;1;3;3;0;3;0;3;0;0;0;1;1;0;2;2;0;0;0;0;0;0;0
08-01-17 20:00;0;0;0;0;0;0;1;1;0;0;0;0;0;0;0;3;1;2;1;0;1;0;0;0;0;0;0;1;0;0;0;0;0;0;0;0;0;8;6;2;2;1;1;0;0;0;0;0;0
08-01-17 21:00;0;0;0;0;0;0;0;0;0;0;0;0;1;1;0;1;1;0;0;0;0;2;1;1;1;0;1;0;0;0;0;1;0;1;0;0;0;5;3;2;2;0;2;2;1;1;0;0;0
08-01-17 22:00;0;0;0;0;0;0;3;1;2;0;0;0;0;0;0;1;0;1;0;0;0;0;0;0;0;0;0;0;1;1;0;0;0;0;0;0;0;1;0;1;2;1;1;1;1;0;0;0;0
08-01-17 23:00;0;0;0;0;0;0;0;0;0;0;0;0;1;0;1;0;0;0;0;0;0;0;0;0;1;0;0;0;0;0;0;0;0;0;0;0;0;0;0;0;1;0;1;0;0;0;0;0;0
09-01-17 0:00;0;0;0;0;0;0;0;0;0;0;0;0;0;0;0;1;0;1;0;0;0;0;0;0;0;0;0;0;0;0;0;0;0;0;0;0;0;1;1;0;0;0;0;0;0;0;0;0;0
09-01-17 1:00;0;0;0;0;0;0;0;0;0;0;0;0;0;0;0;0;0;0;0;0;0;0;0;0;0;0;0;0;0;0;0;0;0;0;0;0;0;0;0;0;0;0;0;0;0;0;0;0;0
09-01-17 2:00;0;0;0;0;0;0;0;0;0;0;0;0;0;0;0;0;0;0;0;0;0;0;0;0;0;0;0;0;0;0;0;0;0;0;0;0;0;0;0;0;0;0;0;0;0;0;0;0;0
09-01-17 3:00;0;0;0;0;0;0;1;0;1;0;0;0;0;0;0;1;1;0;1;0;1;0;0;0;0;0;0;0;0;0;0;0;0;0;0;0;0;1;0;1;0;0;0;0;0;0;0;0;0
09-01-17 4:00;1;0;1;0;0;0;0;0;0;0;0;0;0;0;0;1;1;0;0;0;0;0;0;0;0;0;0;0;0;0;0;0;0;0;0;0;0;0;0;0;0;0;0;0;0;0;0;0;0
09-01-17 5:00;2;1;1;0;0;0;0;0;0;0;0;0;0;0;0;1;0;1;1;0;1;2;0;2;0;0;0;1;0;0;0;1;1;0;2;0;2;0;0;0;1;0;1;2;0;2;0;0;0
09-01-17 6:00;2;1;1;0;0;0;6;4;2;0;0;0;2;2;0;1;1;0;1;0;1;0;0;0;2;0;0;7;2;2;0;8;5;3;2;0;2;5;3;2;0;0;0;2;1;1;0;0;0
09-01-17 7:00;2;0;2;4;3;1;24;20;4;0;0;0;6;5;1;7;7;0;1;0;1;2;1;1;7;0;0;5;0;0;0;8;4;4;1;0;1;7;5;2;9;7;2;12;7;5;0;0;0
09-01-17 8:00;2;2;0;2;2;0;37;23;14;1;1;0;8;3;5;8;6;2;3;1;2;4;4;0;4;1;0;7;0;0;0;11;8;3;3;2;1;12;10;2;6;5;1;14;9;5;1;1;0
09-01-17 9:00;3;0;3;0;0;0;23;16;7;0;0;0;0;0;0;7;2;5;6;3;3;10;1;9;3;2;1;2;9;8;1;8;2;6;0;0;0;11;7;4;10;9;1;11;4;7;0;0;0
09-01-17 10:00;2;2;0;2;2;0;14;4;10;0;0;0;1;1;0;3;2;1;4;2;2;9;2;7;0;1;0;1;5;5;0;3;2;1;1;0;1;10;8;2;7;5;2;5;4;1;0;0;0
09-01-17 11:00;1;0;1;1;0;1;9;3;6;0;0;0;1;0;1;0;0;0;1;1;0;8;2;6;3;0;0;3;5;5;0;1;1;0;2;1;1;7;5;2;11;7;4;3;1;2;0;0;0
09-01-17 12:00;0;0;0;0;0;0;10;3;7;0;0;0;2;1;1;2;1;1;1;1;0;9;4;5;1;1;1;2;6;4;2;1;1;0;2;0;2;7;4;3;9;6;3;4;2;2;0;0;0
09-01-17 13:00;2;2;0;0;0;0;15;6;9;1;1;0;3;2;1;5;3;2;8;5;3;7;4;3;0;1;4;2;2;1;1;4;1;3;1;1;0;3;2;1;7;6;1;2;0;2;0;0;0
09-01-17 14:00;1;1;0;4;2;2;10;6;4;0;0;0;3;2;1;2;0;2;2;1;1;8;4;4;4;1;3;3;9;5;4;5;3;2;3;3;0;4;3;1;15;9;6;8;3;5;0;0;0
09-01-17 15:00;2;2;0;1;0;1;24;12;12;1;1;0;7;1;6;5;2;3;4;4;0;8;1;7;8;1;1;4;12;12;0;7;3;4;2;0;2;11;6;5;14;9;5;8;3;5;2;0;2
09-01-17 16:00;5;2;3;0;0;0;39;12;27;0;0;0;10;0;10;6;2;4;0;0;0;9;5;4;7;2;1;3;3;3;0;8;2;6;4;3;1;21;12;9;12;8;4;12;11;1;0;0;0
09-01-17 17:00;5;5;0;0;0;0;29;12;17;1;1;0;7;2;5;8;2;6;4;2;2;9;4;5;10;0;0;5;2;2;0;12;5;7;1;0;1;13;10;3;3;1;2;7;4;3;1;0;1
09-01-17 18:00;4;2;2;0;0;0;19;8;11;0;0;0;5;1;4;7;2;5;4;3;1;6;1;5;6;2;1;4;0;0;0;8;5;3;3;2;1;14;11;3;10;8;2;11;9;2;1;1;0
09-01-17 19:00;5;2;3;2;0;2;11;6;5;0;0;0;2;0;2;3;0;3;1;0;1;4;3;1;4;1;2;2;0;0;0;4;2;2;1;0;1;9;8;1;5;3;2;5;4;1;1;1;0
09-01-17 20:00;3;2;1;0;0;0;13;4;9;0;0;0;1;0;1;2;0;2;3;2;1;5;3;2;2;0;0;1;1;1;0;5;1;4;0;0;0;2;2;0;8;6;2;6;3;3;0;0;0
09-01-17 21:00;2;1;1;0;0;0;6;4;2;0;0;0;1;0;1;1;0;1;0;0;0;3;2;1;0;1;0;0;0;0;0;2;1;1;2;1;1;6;3;3;1;1;0;3;0;3;0;0;0
09-01-17 22:00;1;1;0;0;0;0;2;1;1;0;0;0;1;0;1;3;0;3;1;1;0;3;1;2;0;0;0;0;5;5;0;1;1;0;0;0;0;7;6;1;1;1;0;2;2;0;0;0;0
09-01-17 23:00;0;0;0;0;0;0;2;0;2;0;0;0;0;0;0;1;0;1;0;0;0;0;0;0;0;0;0;0;0;0;0;0;0;0;1;0;1;1;1;0;2;2;0;1;1;0;0;0;0
10-01-17 0:00;0;0;0;2;2;0;1;0;1;0;0;0;0;0;0;0;0;0;1;0;1;0;0;0;1;0;0;0;0;0;0;0;0;0;0;0;0;1;1;0;0;0;0;1;0;1;0;0;0
10-01-17 1:00;0;0;0;0;0;0;0;0;0;0;0;0;0;0;0;0;0;0;0;0;0;0;0;0;0;0;0;0;0;0;0;0;0;0;0;0;0;3;1;2;2;2;0;0;0;0;0;0;0
10-01-17 2:00;0;0;0;0;0;0;0;0;0;0;0;0;0;0;0;0;0;0;0;0;0;1;1;0;0;0;0;0;0;0;0;0;0;0;0;0;0;0;0;0;0;0;0;0;0;0;0;0;0
10-01-17 3:00;0;0;0;0;0;0;0;0;0;0;0;0;0;0;0;1;1;0;1;0;1;0;0;0;0;0;0;0;0;0;0;0;0;0;0;0;0;0;0;0;0;0;0;0;0;0;0;0;0
10-01-17 4:00;1;0;1;0;0;0;0;0;0;0;0;0;0;0;0;0;0;0;0;0;0;0;0;0;0;0;0;0;0;0;0;0;0;0;0;0;0;1;0;1;1;1;0;0;0;0;0;0;0
10-01-17 5:00;2;1;1;0;0;0;0;0;0;1;0;1;1;1;0;0;0;0;0;0;0;1;0;1;0;0;0;0;0;0;0;1;1;0;3;0;3;1;0;1;2;0;2;1;1;0;0;0;0
10-01-17 6:00;2;2;0;0;0;0;8;6;2;0;0;0;0;0;0;2;2;0;2;1;1;1;0;1;4;0;0;7;1;1;0;10;5;5;1;0;1;3;1;2;1;1;0;3;2;1;0;0;0
10-01-17 7:00;3;0;3;1;1;0;34;31;3;0;0;0;8;7;1;11;9;2;1;1;0;7;3;4;7;0;0;2;3;3;0;8;5;3;1;1;0;15;10;5;4;4;0;12;6;6;1;1;0
10-01-17 8:00;4;2;2;0;0;0;49;26;23;0;0;0;13;10;3;10;7;3;3;1;2;6;3;3;15;3;0;9;6;6;0;12;9;3;4;1;3;18;14;4;19;16;3;20;9;11;2;0;2
10-01-17 9:00;1;0;1;2;2;0;29;19;10;0;0;0;6;3;3;2;2;0;2;1;1;7;4;3;6;4;1;3;2;0;2;9;7;2;1;0;1;12;9;3;19;14;5;13;9;4;0;0;0
10-01-17 10:00;0;0;0;0;0;0;14;5;9;0;0;0;2;0;2;5;3;2;5;1;4;11;3;8;6;1;0;4;1;1;0;6;2;4;2;1;1;9;6;3;7;5;2;4;2;2;0;0;0
10-01-17 11:00;1;0;1;4;3;1;11;7;4;0;0;0;3;1;2;5;4;1;1;0;1;6;3;3;3;1;0;3;5;5;0;5;2;3;2;1;1;8;5;3;15;10;5;8;5;3;0;0;0
10-01-17 12:00;1;1;0;0;0;0;10;2;8;0;0;0;6;1;5;3;2;1;3;2;1;8;2;6;2;1;0;0;8;7;1;9;3;6;0;0;0;7;6;1;14;10;4;6;4;2;0;0;0
10-01-17 13:00;2;2;0;0;0;0;18;11;7;0;0;0;5;1;4;2;1;1;5;4;1;12;4;8;1;1;1;3;7;7;0;6;2;4;0;0;0;13;8;5;14;9;5;2;1;1;0;0;0
10-01-17 14:00;5;2;3;0;0;0;15;4;11;0;0;0;7;3;4;4;3;1;2;0;2;8;4;4;3;1;1;2;4;4;0;5;3;2;2;2;0;10;5;5;17;10;7;11;5;6;1;1;0
10-01-17 15:00;4;4;0;4;2;2;13;4;9;1;1;0;10;2;8;6;3;3;1;0;1;7;2;5;8;0;0;4;0;0;0;9;6;3;3;2;1;8;6;2;10;8;2;10;7;3;0;0;0
10-01-17 16:00;6;5;1;0;0;0;34;9;25;0;0;0;10;1;9;9;1;8;5;3;2;11;3;8;13;2;0;7;0;0;0;14;6;8;2;1;1;30;26;4;8;4;4;14;8;6;0;0;0
10-01-17 17:00;1;1;0;4;2;2;35;13;22;0;0;0;13;2;11;15;4;11;4;2;2;7;2;5;12;1;0;8;1;0;1;8;2;6;3;1;2;17;10;7;14;8;6;19;11;8;1;0;1
10-01-17 18:00;5;2;3;0;0;0;24;11;13;0;0;0;9;1;8;8;1;7;3;3;0;9;4;5;7;0;2;6;3;3;0;11;1;10;1;1;0;20;15;5;19;13;6;15;12;3;0;0;0
10-01-17 19:00;1;0;1;0;0;0;12;3;9;0;0;0;5;1;4;4;1;3;1;0;1;6;5;1;5;0;2;4;2;2;0;4;4;0;1;1;0;12;11;1;3;2;1;6;5;1;1;0;1
10-01-17 20:00;0;0;0;0;0;0;8;5;3;0;0;0;2;2;0;6;0;6;2;2;0;3;1;2;4;1;0;5;3;0;3;2;1;1;1;1;0;13;10;3;2;0;2;5;1;4;0;0;0
10-01-17 21:00;1;1;0;0;0;0;5;5;0;0;0;0;3;2;1;1;1;0;5;2;3;4;0;4;1;0;0;1;0;0;0;3;1;2;1;1;0;5;3;2;3;0;3;4;1;3;0;0;0
10-01-17 22:00;0;0;0;0;0;0;5;1;4;1;1;0;0;0;0;0;0;0;3;0;3;2;0;2;0;0;0;1;1;1;0;0;0;0;0;0;0;5;4;1;1;1;0;1;0;1;0;0;0
10-01-17 23:00;0;0;0;1;0;1;2;1;1;0;0;0;1;0;1;0;0;0;1;0;1;0;0;0;0;0;0;2;1;1;0;1;0;1;0;0;0;0;0;0;0;0;0;1;1;0;0;0;0
11-01-17 0:00;0;0;0;0;0;0;1;0;1;0;0;0;1;0;1;0;0;0;2;2;0;0;0;0;0;0;0;0;0;0;0;0;0;0;0;0;0;1;1;0;1;1;0;0;0;0;0;0;0
11-01-17 1:00;0;0;0;0;0;0;0;0;0;0;0;0;0;0;0;0;0;0;0;0;0;0;0;0;1;0;0;0;0;0;0;0;0;0;0;0;0;1;1;0;0;0;0;0;0;0;0;0;0
11-01-17 2:00;0;0;0;0;0;0;0;0;0;0;0;0;0;0;0;0;0;0;0;0;0;0;0;0;0;0;0;0;0;0;0;0;0;0;0;0;0;0;0;0;0;0;0;0;0;0;0;0;0
11-01-17 3:00;0;0;0;0;0;0;1;1;0;0;0;0;0;0;0;1;1;0;1;0;1;0;0;0;0;0;0;0;0;0;0;0;0;0;0;0;0;0;0;0;0;0;0;0;0;0;0;0;0
11-01-17 4:00;0;0;0;0;0;0;0;0;0;0;0;0;0;0;0;1;1;0;0;0;0;0;0;0;0;0;0;0;0;0;0;0;0;0;0;0;0;0;0;0;0;0;0;0;0;0;0;0;0
11-01-17 5:00;1;0;1;0;0;0;2;2;0;0;0;0;0;0;0;1;1;0;0;0;0;2;0;2;0;0;0;0;0;0;0;2;1;1;2;0;2;0;0;0;0;0;0;1;1;0;0;0;0
11-01-17 6:00;2;1;1;0;0;0;5;4;1;0;0;0;1;1;0;5;3;2;3;3;0;1;0;1;6;0;1;4;1;1;0;9;6;3;3;1;2;2;1;1;4;4;0;2;2;0;0;0;0
11-01-17 7:00;2;0;2;0;0;0;30;25;5;0;0;0;6;6;0;11;11;0;5;2;3;8;4;4;9;1;1;6;3;3;0;9;5;4;1;1;0;14;13;1;10;9;1;9;4;5;0;0;0
11-01-17 8:00;4;1;3;2;2;0;59;36;23;1;1;0;11;6;5;15;10;5;3;2;1;12;4;8;13;1;1;6;3;3;0;19;13;6;4;2;2;19;16;3;18;13;5;21;12;9;0;0;0
11-01-17 9:00;2;0;2;3;3;0;25;15;10;1;1;0;7;4;3;9;6;3;5;5;0;6;3;3;7;1;1;6;2;2;0;5;1;4;0;0;0;15;11;4;15;14;1;18;9;9;0;0;0
11-01-17 10:00;3;2;1;0;0;0;23;11;12;0;0;0;2;2;0;6;2;4;2;0;2;4;1;3;1;0;1;4;3;3;0;2;0;2;2;1;1;12;10;2;9;7;2;4;1;3;0;0;0
11-01-17 11:00;1;1;0;0;0;0;9;2;7;0;0;0;2;2;0;2;1;1;2;1;1;10;3;7;1;0;0;4;6;4;2;1;1;0;1;1;0;10;4;6;13;7;6;6;3;3;0;0;0
11-01-17 12:00;3;3;0;2;2;0;12;3;9;0;0;0;1;0;1;0;0;0;1;0;1;6;2;4;1;2;0;1;6;5;1;6;4;2;3;0;3;13;9;4;14;9;5;4;2;2;0;0;0
11-01-17 13:00;3;2;1;2;0;2;8;5;3;0;0;0;6;0;6;4;2;2;1;0;1;12;5;7;1;3;2;1;26;23;3;7;2;5;6;1;5;12;7;5;10;7;3;1;1;0;0;0;0
11-01-17 14:00;3;2;1;0;0;0;13;7;6;0;0;0;3;2;1;7;4;3;5;4;1;3;0;3;5;1;1;1;7;5;2;5;4;1;2;2;0;12;6;6;6;5;1;7;4;3;0;0;0
11-01-17 15:00;4;4;0;0;0;0;18;6;12;2;2;0;8;2;6;7;3;4;3;2;1;10;6;4;17;6;2;7;12;12;0;13;7;6;3;2;1;15;11;4;23;16;7;7;4;3;0;0;0
11-01-17 16:00;3;3;0;2;0;2;46;16;30;0;0;0;12;3;9;9;1;8;4;1;3;18;3;15;4;1;0;9;3;2;1;16;6;10;1;1;0;26;19;7;15;12;3;12;10;2;1;0;1
11-01-17 17:00;5;3;2;0;0;0;35;12;23;0;0;0;13;3;10;10;3;7;5;3;2;11;5;6;13;1;1;8;4;4;0;15;4;11;3;0;3;15;10;5;12;9;3;18;14;4;1;0;1
11-01-17 18:00;4;2;2;3;2;1;28;10;18;0;0;0;9;2;7;8;5;3;6;3;3;5;1;4;5;1;0;5;3;3;0;16;8;8;1;1;0;20;17;3;15;11;4;16;13;3;1;1;0
11-01-17 19:00;1;0;1;0;0;0;16;9;7;1;0;1;7;1;6;5;1;4;2;1;1;5;2;3;6;2;1;5;0;0;0;5;2;3;0;0;0;14;10;4;7;4;3;5;4;1;0;0;0
11-01-17 20:00;3;1;2;0;0;0;13;6;7;0;0;0;6;1;5;6;1;5;4;3;1;12;8;4;1;0;0;2;0;0;0;2;1;1;1;0;1;7;3;4;13;9;4;6;3;3;0;0;0
11-01-17 21:00;0;0;0;0;0;0;6;4;2;0;0;0;6;1;5;1;0;1;1;0;1;2;2;0;1;0;0;0;1;1;0;3;2;1;1;0;1;8;4;4;7;6;1;4;1;3;0;0;0
11-01-17 22:00;1;1;0;0;0;0;3;0;3;0;0;0;2;2;0;1;0;1;0;0;0;1;0;1;3;0;1;5;0;0;0;5;1;4;0;0;0;9;8;1;2;1;1;4;1;3;0;0;0
11-01-17 23:00;0;0;0;0;0;0;1;0;1;0;0;0;0;0;0;1;0;1;0;0;0;1;0;1;2;0;0;0;1;1;0;0;0;0;0;0;0;3;3;0;1;1;0;1;1;0;0;0;0
12-01-17 0:00;0;0;0;0;0;0;1;0;1;0;0;0;1;0;1;0;0;0;0;0;0;0;0;0;0;0;0;0;0;0;0;0;0;0;0;0;0;4;3;1;0;0;0;1;1;0;0;0;0
12-01-17 1:00;0;0;0;0;0;0;0;0;0;0;0;0;0;0;0;0;0;0;0;0;0;0;0;0;1;0;0;0;0;0;0;0;0;0;0;0;0;3;1;2;0;0;0;1;0;1;0;0;0
12-01-17 2:00;0;0;0;0;0;0;1;1;0;0;0;0;0;0;0;0;0;0;0;0;0;0;0;0;0;0;0;0;0;0;0;0;0;0;0;0;0;0;0;0;1;0;1;0;0;0;0;0;0
12-01-17 3:00;0;0;0;0;0;0;0;0;0;0;0;0;0;0;0;1;1;0;0;0;0;0;0;0;0;0;0;0;0;0;0;0;0;0;0;0;0;0;0;0;0;0;0;0;0;0;0;0;0
12-01-17 4:00;1;0;1;0;0;0;1;0;1;0;0;0;0;0;0;1;1;0;1;1;0;1;0;1;0;0;0;0;0;0;0;2;2;0;0;0;0;0;0;0;0;0;0;0;0;0;0;0;0
12-01-17 5:00;0;0;0;0;0;0;1;1;0;1;0;1;0;0;0;1;0;1;0;0;0;2;0;2;1;0;0;4;1;1;0;0;0;0;2;0;2;1;1;0;0;0;0;0;0;0;0;0;0
12-01-17 6:00;1;0;1;0;0;0;4;3;1;1;0;1;0;0;0;0;0;0;3;2;1;2;1;1;3;0;0;1;2;2;0;9;7;2;1;1;0;1;0;1;2;2;0;4;3;1;0;0;0
12-01-17 7:00;1;0;1;0;0;0;21;17;4;0;0;0;5;4;1;7;6;1;1;1;0;5;3;2;6;2;1;2;7;7;0;7;5;2;0;0;0;5;5;0;7;7;0;7;2;5;1;0;1
12-01-17 8:00;1;0;1;1;1;0;57;33;24;0;0;0;8;6;2;14;10;4;3;1;2;10;4;6;10;1;0;7;5;5;0;18;12;6;2;2;0;10;7;3;16;15;1;17;11;6;0;0;0
12-01-17 9:00;2;1;1;0;0;0;27;14;13;0;0;0;5;4;1;5;5;0;5;2;3;4;1;3;2;1;1;3;2;1;1;11;6;5;1;1;0;13;10;3;8;7;1;9;4;5;0;0;0
12-01-17 10:00;2;1;1;0;0;0;18;11;7;0;0;0;1;1;0;3;2;1;4;1;3;4;1;3;1;0;0;0;7;6;1;2;1;1;2;0;2;5;4;1;11;11;0;7;4;3;0;0;0
12-01-17 11:00;1;0;1;0;0;0;16;7;9;2;2;0;2;1;1;4;2;2;3;1;2;7;2;5;3;1;0;2;5;5;0;1;0;1;3;2;1;9;5;4;4;1;3;4;2;2;0;0;0
12-01-17 12:00;6;5;1;0;0;0;5;1;4;0;0;0;0;0;0;6;2;4;1;0;1;5;2;3;2;0;0;2;2;2;0;0;0;0;3;3;0;7;6;1;8;6;2;3;3;0;0;0;0
12-01-17 13:00;1;1;0;0;0;0;9;2;7;0;0;0;2;0;2;4;2;2;3;3;0;4;2;2;2;0;0;1;1;1;0;1;0;1;3;1;2;6;6;0;10;8;2;6;5;1;0;0;0
12-01-17 14:00;2;1;1;0;0;0;9;3;6;0;0;0;2;2;0;1;0;1;5;1;4;11;5;6;2;0;0;5;1;0;1;5;2;3;3;2;1;12;10;2;14;11;3;5;4;1;0;0;0
12-01-17 15:00;5;4;1;0;0;0;15;5;10;0;0;0;5;1;4;6;2;4;4;1;3;11;5;6;4;1;0;7;4;4;0;6;3;3;2;1;1;15;12;3;12;10;2;8;7;1;0;0;0
12-01-17 16:00;2;1;1;0;0;0;37;12;25;0;0;0;6;2;4;6;2;4;3;1;2;9;4;5;8;0;0;5;1;0;1;15;4;11;11;6;5;22;16;6;15;7;8;12;3;9;0;0;0
12-01-17 17:00;4;3;1;0;0;0;31;11;20;1;1;0;11;3;8;10;4;6;8;6;2;12;5;7;10;2;0;9;4;2;2;12;2;10;3;1;2;14;11;3;5;4;1;19;13;6;0;0;0
12-01-17 18:00;3;1;2;0;0;0;26;16;10;0;0;0;8;4;4;10;1;9;10;6;4;2;1;1;4;0;0;5;3;2;1;9;3;6;1;0;1;14;10;4;13;8;5;8;5;3;0;0;0
12-01-17 19:00;2;1;1;0;0;0;18;9;9;0;0;0;5;3;2;3;0;3;2;2;0;10;3;7;7;0;2;6;4;1;3;2;2;0;1;1;0;10;10;0;5;2;3;14;7;7;0;0;0
12-01-17 20:00;2;1;1;0;0;0;10;3;7;0;0;0;0;0;0;3;1;2;0;0;0;3;2;1;7;0;2;3;4;4;0;2;1;1;1;0;1;7;4;3;5;4;1;3;1;2;0;0;0
12-01-17 21:00;0;0;0;0;0;0;7;2;5;0;0;0;2;1;1;2;1;1;2;0;2;6;4;2;6;1;0;4;2;2;0;1;1;0;0;0;0;1;1;0;3;2;1;5;1;4;0;0;0
12-01-17 22:00;0;0;0;0;0;0;4;2;2;0;0;0;2;1;1;2;0;2;2;2;0;2;1;1;1;0;0;4;0;0;0;1;1;0;0;0;0;6;2;4;1;0;1;3;1;2;0;0;0
12-01-17 23:00;0;0;0;0;0;0;2;1;1;0;0;0;1;0;1;3;0;3;1;1;0;0;0;0;1;0;0;0;0;0;0;1;0;1;0;0;0;1;1;0;1;1;0;1;1;0;0;0;0
13-01-17 0:00;1;1;0;0;0;0;2;0;2;0;0;0;2;1;1;0;0;0;0;0;0;0;0;0;1;0;0;0;0;0;0;0;0;0;0;0;0;1;0;1;0;0;0;1;0;1;0;0;0
13-01-17 1:00;0;0;0;0;0;0;0;0;0;0;0;0;0;0;0;0;0;0;0;0;0;0;0;0;0;0;0;0;0;0;0;0;0;0;0;0;0;2;1;1;0;0;0;1;0;1;0;0;0
13-01-17 2:00;0;0;0;0;0;0;3;0;3;0;0;0;0;0;0;0;0;0;0;0;0;0;0;0;0;0;0;0;0;0;0;0;0;0;0;0;0;0;0;0;3;0;3;0;0;0;0;0;0
13-01-17 3:00;0;0;0;0;0;0;0;0;0;0;0;0;0;0;0;1;1;0;0;0;0;0;0;0;0;0;0;0;0;0;0;0;0;0;0;0;0;0;0;0;0;0;0;0;0;0;0;0;0
13-01-17 4:00;1;0;1;0;0;0;1;1;0;0;0;0;0;0;0;1;1;0;0;0;0;0;0;0;0;0;0;0;0;0;0;1;1;0;0;0;0;0;0;0;0;0;0;1;0;1;0;0;0
13-01-17 5:00;0;0;0;0;0;0;0;0;0;0;0;0;0;0;0;0;0;0;0;0;0;1;0;1;1;0;0;1;1;1;0;1;0;1;2;0;2;0;0;0;2;1;1;0;0;0;0;0;0
13-01-17 6:00;1;1;0;0;0;0;4;3;1;0;0;0;1;1;0;4;4;0;1;1;0;0;0;0;4;0;0;7;2;2;0;7;5;2;2;1;1;3;1;2;2;1;1;2;1;1;0;0;0
13-01-17 7:00;3;0;3;0;0;0;29;25;4;1;1;0;6;5;1;5;5;0;1;1;0;1;0;1;5;0;0;1;2;2;0;5;2;3;1;1;0;6;5;1;4;3;1;11;6;5;0;0;0
13-01-17 8:00;2;1;1;1;1;0;39;24;15;0;0;0;5;4;1;11;8;3;5;2;3;11;5;6;8;0;1;5;2;2;0;9;8;1;1;1;0;12;7;5;11;11;0;15;9;6;1;1;0
13-01-17 9:00;1;0;1;0;0;0;24;16;8;0;0;0;6;3;3;6;2;4;1;0;1;8;5;3;4;1;1;4;3;2;1;8;7;1;0;0;0;12;8;4;14;10;4;9;5;4;0;0;0
13-01-17 10:00;1;1;0;0;0;0;13;6;7;0;0;0;4;2;2;4;4;0;2;1;1;3;1;2;1;0;1;0;3;2;1;7;1;6;2;1;1;10;3;7;10;6;4;5;4;1;0;0;0
13-01-17 11:00;1;0;1;1;0;1;3;1;2;0;0;0;1;1;0;2;1;1;1;0;1;0;0;0;1;0;0;1;4;4;0;2;2;0;0;0;0;5;2;3;3;2;1;3;1;2;0;0;0
13-01-17 12:00;0;0;0;0;0;0;10;3;7;1;0;1;5;1;4;3;3;0;0;0;0;8;3;5;1;0;0;4;7;7;0;2;1;1;0;0;0;15;4;11;8;6;2;1;0;1;0;0;0
13-01-17 13:00;4;4;0;0;0;0;7;2;5;0;0;0;4;2;2;2;1;1;3;0;3;5;2;3;2;0;0;3;5;5;0;5;1;4;0;0;0;10;5;5;5;3;2;4;2;2;0;0;0
13-01-17 14:00;1;1;0;0;0;0;9;3;6;0;0;0;1;0;1;2;1;1;2;2;0;8;2;6;2;0;0;6;2;2;0;2;2;0;6;5;1;10;6;4;12;11;1;10;6;4;0;0;0
13-01-17 15:00;5;4;1;0;0;0;21;12;9;1;1;0;4;0;4;6;5;1;3;3;0;6;1;5;8;0;0;6;6;5;1;10;5;5;2;0;2;8;8;0;19;13;6;9;5;4;0;0;0
13-01-17 16:00;3;1;2;0;0;0;23;5;18;1;1;0;10;0;10;12;3;9;5;2;3;14;8;6;12;1;0;8;6;5;1;7;2;5;3;1;2;27;17;10;13;9;4;10;7;3;0;0;0
13-01-17 17:00;3;2;1;0;0;0;24;7;17;0;0;0;9;3;6;8;1;7;2;1;1;8;3;5;7;0;0;13;4;4;0;11;2;9;1;0;1;10;7;3;16;13;3;19;10;9;0;0;0
13-01-17 18:00;0;0;0;0;0;0;18;9;9;0;0;0;1;0;1;4;2;2;3;2;1;4;0;4;4;1;1;5;8;7;1;11;3;8;3;1;2;13;5;8;11;8;3;12;9;3;0;0;0
13-01-17 19:00;0;0;0;1;0;1;16;10;6;1;0;1;4;3;1;4;1;3;2;2;0;5;1;4;2;0;3;1;7;7;0;6;3;3;1;0;1;11;5;6;3;1;2;5;3;2;0;0;0
13-01-17 20:00;0;0;0;0;0;0;7;7;0;0;0;0;1;0;1;4;1;3;3;2;1;6;2;4;3;0;1;1;3;3;0;2;1;1;0;0;0;8;6;2;3;0;3;2;1;1;0;0;0
13-01-17 21:00;1;0;1;0;0;0;3;1;2;1;1;0;0;0;0;1;0;1;0;0;0;3;0;3;2;2;0;1;7;7;0;3;2;1;1;0;1;2;1;1;3;1;2;0;0;0;0;0;0
13-01-17 22:00;1;1;0;0;0;0;3;2;1;0;0;0;2;2;0;0;0;0;0;0;0;2;0;2;1;0;1;0;2;2;0;0;0;0;0;0;0;7;3;4;2;2;0;1;0;1;0;0;0
13-01-17 23:00;0;0;0;0;0;0;3;2;1;0;0;0;0;0;0;0;0;0;0;0;0;1;1;0;4;0;1;2;0;0;0;2;1;1;0;0;0;6;2;4;0;0;0;2;1;1;0;0;0
14-01-17 0:00;0;0;0;1;1;0;0;0;0;0;0;0;0;0;0;1;0;1;2;2;0;0;0;0;1;0;0;0;0;0;0;1;0;1;0;0;0;3;2;1;0;0;0;0;0;0;0;0;0
14-01-17 1:00;0;0;0;0;0;0;2;0;2;0;0;0;0;0;0;0;0;0;0;0;0;0;0;0;0;0;0;0;0;0;0;0;0;0;0;0;0;0;0;0;1;0;1;0;0;0;0;0;0
14-01-17 2:00;1;1;0;0;0;0;0;0;0;0;0;0;0;0;0;0;0;0;0;0;0;0;0;0;0;0;0;0;0;0;0;0;0;0;0;0;0;1;1;0;0;0;0;0;0;0;0;0;0
14-01-17 3:00;0;0;0;0;0;0;1;0;1;0;0;0;0;0;0;0;0;0;0;0;0;0;0;0;0;0;0;0;0;0;0;0;0;0;0;0;0;1;0;1;1;1;0;0;0;0;0;0;0
14-01-17 4:00;0;0;0;0;0;0;0;0;0;0;0;0;0;0;0;3;1;2;0;0;0;0;0;0;0;0;0;0;0;0;0;0;0;0;0;0;0;0;0;0;0;0;0;0;0;0;0;0;0
14-01-17 5:00;2;1;1;0;0;0;1;1;0;0;0;0;1;1;0;1;0;1;0;0;0;0;0;0;0;0;0;1;0;0;0;1;1;0;1;0;1;0;0;0;0;0;0;1;0;1;0;0;0
14-01-17 6:00;0;0;0;0;0;0;1;1;0;1;0;1;0;0;0;0;0;0;1;1;0;0;0;0;1;0;0;1;0;0;0;3;1;2;1;0;1;0;0;0;1;1;0;1;0;1;0;0;0
14-01-17 7:00;3;2;1;0;0;0;3;1;2;1;1;0;0;0;0;2;1;1;0;0;0;1;1;0;0;1;0;1;3;3;0;1;1;0;2;2;0;1;0;1;2;0;2;3;2;1;0;0;0
14-01-17 8:00;2;1;1;1;1;0;4;4;0;1;0;1;2;0;2;3;2;1;1;0;1;3;1;2;1;0;0;3;11;10;1;3;2;1;1;0;1;1;1;0;1;1;0;7;5;2;0;0;0
14-01-17 9:00;2;2;0;0;0;0;7;2;5;0;0;0;0;0;0;2;1;1;3;1;2;2;1;1;4;2;0;2;13;13;0;6;1;5;0;0;0;1;1;0;0;0;0;2;1;1;0;0;0
14-01-17 10:00;2;1;1;0;0;0;6;2;4;1;0;1;5;2;3;5;3;2;3;2;1;3;1;2;4;0;0;1;8;8;0;4;2;2;0;0;0;7;4;3;5;4;1;0;0;0;0;0;0
14-01-17 11:00;3;1;2;1;0;1;8;3;5;0;0;0;4;4;0;3;1;2;2;1;1;1;0;1;8;1;0;6;18;18;0;6;1;5;1;0;1;7;6;1;2;1;1;1;0;1;0;0;0
14-01-17 12:00;5;2;3;0;0;0;8;5;3;1;1;0;3;0;3;5;3;2;4;2;2;3;2;1;5;2;0;6;19;17;2;4;4;0;3;1;2;6;5;1;4;3;1;4;1;3;0;0;0
14-01-17 13:00;5;3;2;0;0;0;10;5;5;0;0;0;2;0;2;4;2;2;3;1;2;5;2;3;11;2;4;6;35;33;2;9;3;6;4;0;4;9;7;2;4;3;1;4;1;3;0;0;0
14-01-17 14:00;3;3;0;0;0;0;4;0;4;0;0;0;2;1;1;6;2;4;3;1;2;10;2;8;10;2;1;12;33;30;3;6;3;3;1;0;1;4;3;1;4;4;0;4;0;4;0;0;0
14-01-17 15:00;4;1;3;0;0;0;7;3;4;1;1;0;2;1;1;3;1;2;2;2;0;6;2;4;5;1;3;6;22;22;0;7;2;5;1;0;1;7;7;0;12;7;5;1;0;1;0;0;0
14-01-17 16:00;0;0;0;0;0;0;5;1;4;1;1;0;1;0;1;5;1;4;4;3;1;3;1;2;10;0;0;5;12;11;1;7;4;3;2;1;1;6;3;3;5;1;4;3;2;1;0;0;0
14-01-17 17:00;4;3;1;0;0;0;4;4;0;1;0;1;1;0;1;5;1;4;8;3;5;2;1;1;4;0;0;4;1;1;0;5;4;1;6;1;5;3;2;1;9;8;1;1;1;0;0;0;0
14-01-17 18:00;1;1;0;0;0;0;1;1;0;0;0;0;2;0;2;4;1;3;1;1;0;3;3;0;5;0;0;4;2;2;0;5;3;2;2;0;2;5;4;1;6;3;3;4;3;1;0;0;0
14-01-17 19:00;0;0;0;0;0;0;5;5;0;0;0;0;4;2;2;3;2;1;1;0;1;4;2;2;3;1;1;6;4;4;0;5;4;1;1;0;1;8;3;5;0;0;0;1;1;0;0;0;0
14-01-17 20:00;1;0;1;0;0;0;3;1;2;0;0;0;1;0;1;3;0;3;1;0;1;3;0;3;4;2;0;0;3;2;1;1;0;1;0;0;0;4;2;2;5;4;1;1;0;1;0;0;0
14-01-17 21:00;0;0;0;1;0;1;4;1;3;0;0;0;0;0;0;0;0;0;1;1;0;1;0;1;0;0;1;2;1;1;0;2;0;2;1;1;0;3;3;0;1;0;1;2;1;1;0;0;0
14-01-17 22:00;1;0;1;0;0;0;2;1;1;0;0;0;0;0;0;1;1;0;1;0;1;3;2;1;1;0;0;2;2;2;0;4;3;1;0;0;0;2;2;0;3;1;2;0;0;0;0;0;0
14-01-17 23:00;0;0;0;0;0;0;1;1;0;0;0;0;0;0;0;0;0;0;0;0;0;1;0;1;1;0;0;0;0;0;0;0;0;0;0;0;0;2;1;1;1;1;0;2;1;1;0;0;0
15-01-17 0:00;0;0;0;0;0;0;0;0;0;0;0;0;0;0;0;0;0;0;0;0;0;2;0;2;1;0;0;0;0;0;0;3;2;1;0;0;0;2;0;2;3;1;2;0;0;0;0;0;0
15-01-17 1:00;0;0;0;0;0;0;2;0;2;0;0;0;0;0;0;1;0;1;0;0;0;0;0;0;0;0;0;0;0;0;0;0;0;0;0;0;0;0;0;0;0;0;0;0;0;0;0;0;0
15-01-17 2:00;0;0;0;0;0;0;2;0;2;0;0;0;1;0;1;0;0;0;0;0;0;0;0;0;0;0;0;0;0;0;0;0;0;0;0;0;0;0;0;0;0;0;0;1;1;0;0;0;0
15-01-17 3:00;0;0;0;0;0;0;2;1;1;0;0;0;0;0;0;0;0;0;0;0;0;0;0;0;0;0;0;0;0;0;0;0;0;0;0;0;0;0;0;0;0;0;0;0;0;0;0;0;0
15-01-17 4:00;0;0;0;0;0;0;1;0;1;0;0;0;0;0;0;0;0;0;0;0;0;0;0;0;0;0;0;0;0;0;0;0;0;0;0;0;0;2;0;2;0;0;0;0;0;0;0;0;0
15-01-17 5:00;1;0;1;0;0;0;1;0;1;0;0;0;2;2;0;1;0;1;0;0;0;1;0;1;0;0;0;1;0;0;0;0;0;0;0;0;0;0;0;0;1;0;1;0;0;0;0;0;0
15-01-17 6:00;0;0;0;0;0;0;4;2;2;0;0;0;1;1;0;6;3;3;1;1;0;1;0;1;1;0;0;0;1;1;0;2;1;1;1;0;1;0;0;0;0;0;0;1;1;0;0;0;0
15-01-17 7:00;2;1;1;0;0;0;1;0;1;0;0;0;2;1;1;0;0;0;0;0;0;1;1;0;0;0;0;1;7;7;0;2;2;0;0;0;0;0;0;0;0;0;0;2;2;0;0;0;0
15-01-17 8:00;0;0;0;0;0;0;1;1;0;0;0;0;0;0;0;1;1;0;1;1;0;2;1;1;1;0;1;1;14;14;0;1;0;1;0;0;0;2;1;1;2;0;2;3;2;1;0;0;0
15-01-17 9:00;0;0;0;0;0;0;1;0;1;0;0;0;3;1;2;5;4;1;3;1;2;2;1;1;7;1;0;1;34;34;0;4;4;0;0;0;0;2;1;1;2;2;0;3;1;2;0;0;0
15-01-17 10:00;1;1;0;2;2;0;2;2;0;0;0;0;4;3;1;0;0;0;2;0;2;3;0;3;5;0;1;4;19;19;0;7;3;4;3;0;3;2;1;1;6;6;0;3;2;1;0;0;0
15-01-17 11:00;4;0;4;0;0;0;5;3;2;0;0;0;6;3;3;6;2;4;0;0;0;2;1;1;9;4;5;2;30;26;4;1;1;0;3;0;3;8;5;3;7;4;3;1;0;1;0;0;0
15-01-17 12:00;3;1;2;0;0;0;7;4;3;1;0;1;5;1;4;3;3;0;3;1;2;4;2;2;13;3;0;8;55;50;5;13;10;3;4;3;1;9;7;2;3;2;1;2;1;1;0;0;0
15-01-17 13:00;5;1;4;0;0;0;10;6;4;1;0;1;5;0;5;8;6;2;2;1;1;1;1;0;12;5;3;4;46;41;5;20;11;9;2;1;1;6;4;2;9;9;0;6;4;2;0;0;0
15-01-17 14:00;3;2;1;2;2;0;3;0;3;0;0;0;7;2;5;4;2;2;2;2;0;3;0;3;13;0;2;8;58;56;2;9;2;7;4;4;0;8;7;1;11;6;5;4;3;1;0;0;0
15-01-17 15:00;1;1;0;2;1;1;4;0;4;0;0;0;2;2;0;6;3;3;1;1;0;0;0;0;5;2;0;2;23;21;2;5;0;5;0;0;0;0;0;0;5;4;1;2;0;2;0;0;0
15-01-17 16:00;2;2;0;0;0;0;6;2;4;0;0;0;2;1;1;3;2;1;3;1;2;7;3;4;2;3;0;2;16;15;1;4;3;1;1;0;1;3;2;1;7;6;1;3;2;1;0;0;0
15-01-17 17:00;0;0;0;0;0;0;2;1;1;0;0;0;1;0;1;4;0;4;1;1;0;7;1;6;3;1;1;2;5;4;1;6;2;4;3;3;0;5;4;1;8;3;5;1;1;0;0;0;0
15-01-17 18:00;0;0;0;0;0;0;3;2;1;0;0;0;2;0;2;2;0;2;0;0;0;4;4;0;0;0;0;2;6;6;0;1;0;1;2;0;2;5;3;2;3;2;1;1;1;0;0;0;0
15-01-17 19:00;0;0;0;0;0;0;0;0;0;0;0;0;5;5;0;1;1;0;2;0;2;5;2;3;5;0;0;0;8;8;0;4;4;0;1;0;1;3;1;2;29;21;8;4;3;1;0;0;0
15-01-17 20:00;0;0;0;0;0;0;3;1;2;0;0;0;3;2;1;2;0;2;1;0;1;1;0;1;2;0;0;2;3;3;0;0;0;0;0;0;0;12;10;2;8;1;7;2;1;1;0;0;0
15-01-17 21:00;0;0;0;0;0;0;2;2;0;0;0;0;4;1;3;0;0;0;0;0;0;3;2;1;1;0;0;2;11;10;1;1;0;1;1;0;1;3;1;2;0;0;0;0;0;0;0;0;0
15-01-17 22:00;0;0;0;0;0;0;3;0;3;0;0;0;3;0;3;2;2;0;0;0;0;1;0;1;0;0;0;1;3;3;0;1;1;0;0;0;0;7;4;3;1;0;1;1;0;1;0;0;0
15-01-17 23:00;0;0;0;0;0;0;0;0;0;0;0;0;1;0;1;1;1;0;1;0;1;1;0;1;0;0;0;2;1;1;0;0;0;0;2;1;1;0;0;0;2;2;0;0;0;0;0;0;0
16-01-17 0:00;0;0;0;0;0;0;2;2;0;0;0;0;1;0;1;1;0;1;0;0;0;1;0;1;0;0;0;2;1;1;0;0;0;0;0;0;0;1;0;1;0;0;0;0;0;0;0;0;0
16-01-17 1:00;0;0;0;0;0;0;0;0;0;0;0;0;0;0;0;0;0;0;0;0;0;0;0;0;0;0;0;0;0;0;0;0;0;0;0;0;0;0;0;0;0;0;0;0;0;0;0;0;0
16-01-17 2:00;0;0;0;0;0;0;0;0;0;0;0;0;0;0;0;2;0;2;1;1;0;0;0;0;0;0;0;0;0;0;0;0;0;0;0;0;0;1;0;1;0;0;0;0;0;0;0;0;0
16-01-17 3:00;0;0;0;0;0;0;0;0;0;0;0;0;1;0;1;1;1;0;0;0;0;0;0;0;0;0;0;1;0;0;0;0;0;0;5;0;5;0;0;0;0;0;0;0;0;0;0;0;0
16-01-17 4:00;0;0;0;0;0;0;0;0;0;0;0;0;2;2;0;3;2;1;1;1;0;0;0;0;0;0;0;0;0;0;0;1;1;0;0;0;0;4;2;2;3;1;2;0;0;0;0;0;0
16-01-17 5:00;0;0;0;0;0;0;2;2;0;0;0;0;1;1;0;0;0;0;0;0;0;1;0;1;0;0;0;2;0;0;0;0;0;0;1;0;1;1;0;1;1;1;0;0;0;0;0;0;0
16-01-17 6:00;5;5;0;0;0;0;11;8;3;0;0;0;1;0;1;2;2;0;2;1;1;2;0;2;3;0;0;6;4;4;0;7;4;3;4;2;2;5;2;3;1;1;0;2;1;1;0;0;0
16-01-17 7:00;5;1;4;0;0;0;27;22;5;0;0;0;7;5;2;11;10;1;1;1;0;2;1;1;13;1;0;11;0;0;0;9;6;3;1;1;0;5;2;3;13;11;2;12;6;6;0;0;0
16-01-17 8:00;4;3;1;0;0;0;62;41;21;1;0;1;6;5;1;14;13;1;5;3;2;10;3;7;10;0;1;5;7;7;0;17;16;1;4;3;1;17;13;4;14;12;2;21;13;8;0;0;0
16-01-17 9:00;2;0;2;0;0;0;25;16;9;2;0;2;10;7;3;5;4;1;1;1;0;13;8;5;5;1;0;5;6;6;0;6;4;2;1;0;1;20;16;4;9;9;0;10;5;5;0;0;0
16-01-17 10:00;5;2;3;0;0;0;21;10;11;0;0;0;4;3;1;5;2;3;4;2;2;7;1;6;5;0;0;2;3;3;0;10;6;4;1;1;0;13;5;8;8;4;4;8;3;5;0;0;0
16-01-17 11:00;2;1;1;0;0;0;7;5;2;0;0;0;6;2;4;5;3;2;1;1;0;11;2;9;4;0;0;0;13;9;4;4;2;2;0;0;0;7;5;2;9;9;0;0;0;0;0;0;0
16-01-17 12:00;0;0;0;0;0;0;6;0;6;0;0;0;0;0;0;8;5;3;4;0;4;7;2;5;1;0;0;4;7;7;0;10;5;5;1;0;1;6;5;1;9;6;3;3;1;2;0;0;0
16-01-17 13:00;4;4;0;0;0;0;8;3;5;1;0;1;4;2;2;5;3;2;1;0;1;9;1;8;2;0;0;4;13;9;4;3;1;2;5;1;4;14;11;3;13;9;4;7;5;2;0;0;0
16-01-17 14:00;0;0;0;0;0;0;6;2;4;0;0;0;3;1;2;2;1;1;1;0;1;11;5;6;7;0;3;5;5;4;1;7;4;3;4;4;0;8;4;4;8;6;2;2;1;1;0;0;0
16-01-17 15:00;4;2;2;0;0;0;22;6;16;1;1;0;6;2;4;9;5;4;6;5;1;12;4;8;6;1;0;4;11;11;0;9;3;6;4;1;3;17;13;4;24;20;4;12;10;2;0;0;0
16-01-17 16:00;3;1;2;0;0;0;46;15;31;0;0;0;12;2;10;7;1;6;5;3;2;15;9;6;11;3;0;8;7;6;1;14;4;10;1;1;0;30;16;14;11;9;2;19;16;3;0;0;0
16-01-17 17:00;4;2;2;0;0;0;35;17;18;1;1;0;13;1;12;10;2;8;6;4;2;19;8;11;15;1;0;8;5;5;0;13;4;9;4;1;3;30;18;12;15;11;4;18;13;5;0;0;0
16-01-17 18:00;3;3;0;0;0;0;29;8;21;1;0;1;7;3;4;10;1;9;5;3;2;7;3;4;12;0;0;6;5;2;3;18;7;11;4;0;4;18;9;9;13;12;1;15;8;7;0;0;0
16-01-17 19:00;3;3;0;0;0;0;17;6;11;0;0;0;8;2;6;6;1;5;1;0;1;7;2;5;3;0;1;2;8;2;6;4;1;3;0;0;0;18;10;8;8;8;0;6;3;3;0;0;0
16-01-17 20:00;3;1;2;0;0;0;9;4;5;0;0;0;2;1;1;6;1;5;3;1;2;5;3;2;2;2;0;4;8;7;1;0;0;0;0;0;0;11;3;8;5;0;5;4;1;3;0;0;0
16-01-17 21:00;0;0;0;0;0;0;9;7;2;1;0;1;6;3;3;2;0;2;3;1;2;2;1;1;2;0;0;2;13;13;0;6;3;3;1;0;1;7;3;4;0;0;0;4;0;4;0;0;0
16-01-17 22:00;0;0;0;0;0;0;4;2;2;1;0;1;2;0;2;3;0;3;1;1;0;1;1;0;1;0;1;6;3;3;0;2;2;0;1;1;0;3;2;1;4;3;1;5;2;3;0;0;0
16-01-17 23:00;1;1;0;0;0;0;1;0;1;0;0;0;0;0;0;0;0;0;0;0;0;3;0;3;1;0;0;1;5;4;1;1;0;1;1;0;1;2;1;1;0;0;0;2;1;1;0;0;0
17-01-17 0:00;0;0;0;0;0;0;2;0;2;0;0;0;0;0;0;0;0;0;0;0;0;1;0;1;0;0;0;0;3;3;0;0;0;0;0;0;0;0;0;0;0;0;0;1;0;1;0;0;0
17-01-17 1:00;0;0;0;0;0;0;1;1;0;0;0;0;0;0;0;1;1;0;1;0;1;2;0;2;0;0;0;0;0;0;0;1;0;1;0;0;0;1;0;1;0;0;0;0;0;0;0;0;0
17-01-17 2:00;0;0;0;0;0;0;0;0;0;0;0;0;0;0;0;0;0;0;0;0;0;0;0;0;0;0;0;0;0;0;0;0;0;0;0;0;0;0;0;0;0;0;0;0;0;0;0;0;0
17-01-17 3:00;0;0;0;0;0;0;0;0;0;0;0;0;0;0;0;1;1;0;0;0;0;0;0;0;0;0;0;0;0;0;0;0;0;0;0;0;0;0;0;0;0;0;0;0;0;0;0;0;0
17-01-17 4:00;1;0;1;0;0;0;1;1;0;0;0;0;2;1;1;1;1;0;1;1;0;0;0;0;0;0;0;0;0;0;0;1;1;0;0;0;0;0;0;0;0;0;0;0;0;0;0;0;0
17-01-17 5:00;5;1;4;0;0;0;2;0;2;0;0;0;0;0;0;1;0;1;0;0;0;2;0;2;0;0;0;2;0;0;0;1;0;1;3;0;3;0;0;0;0;0;0;2;1;1;0;0;0
17-01-17 6:00;0;0;0;0;0;0;4;3;1;1;1;0;3;0;3;0;0;0;1;0;1;1;0;1;5;0;0;5;4;4;0;8;5;3;4;2;2;5;3;2;3;1;2;1;1;0;0;0;0
17-01-17 7:00;6;1;5;0;0;0;42;32;10;1;1;0;4;3;1;7;6;1;2;2;0;2;1;1;11;2;0;6;3;3;0;16;9;7;0;0;0;11;6;5;17;14;3;19;9;10;0;0;0
17-01-17 8:00;5;2;3;0;0;0;46;25;21;2;0;2;12;12;0;17;13;4;5;3;2;10;4;6;10;1;1;11;6;6;0;16;14;2;2;2;0;21;13;8;15;14;1;20;10;10;0;0;0
17-01-17 9:00;3;2;1;0;0;0;29;20;9;0;0;0;7;6;1;9;8;1;4;3;1;10;4;6;6;0;0;9;6;5;1;12;7;5;0;0;0;17;11;6;18;18;0;17;11;6;0;0;0
17-01-17 10:00;0;0;0;0;0;0;21;13;8;0;0;0;5;1;4;8;7;1;3;2;1;9;4;5;6;0;0;2;12;11;1;5;3;2;3;0;3;12;8;4;10;8;2;5;3;2;0;0;0
17-01-17 11:00;1;1;0;1;0;1;14;12;2;0;0;0;4;0;4;5;4;1;3;2;1;6;1;5;2;0;0;3;3;2;1;3;3;0;2;1;1;6;2;4;10;7;3;3;2;1;2;0;2
17-01-17 12:00;2;2;0;0;0;0;8;2;6;0;0;0;4;1;3;6;4;2;1;0;1;7;2;5;2;0;0;2;14;14;0;4;1;3;4;1;3;16;6;10;9;8;1;1;1;0;0;0;0
17-01-17 13:00;2;2;0;0;0;0;2;0;2;1;0;1;3;0;3;10;2;8;2;2;0;11;4;7;3;0;0;5;12;11;1;7;4;3;3;2;1;7;2;5;6;4;2;5;4;1;0;0;0
17-01-17 14:00;5;2;3;0;0;0;12;5;7;0;0;0;1;1;0;2;1;1;3;2;1;6;3;3;4;1;0;4;11;7;4;3;0;3;6;4;2;9;4;5;5;2;3;8;7;1;0;0;0
17-01-17 15:00;3;1;2;0;0;0;19;6;13;1;0;1;7;1;6;10;5;5;6;3;3;7;3;4;11;0;0;5;8;6;2;17;4;13;4;2;2;13;7;6;12;9;3;13;7;6;0;0;0
17-01-17 16:00;7;5;2;0;0;0;36;10;26;1;1;0;16;3;13;14;4;10;5;3;2;13;4;9;9;1;3;16;1;1;0;18;8;10;1;1;0;27;20;7;22;16;6;30;18;12;0;0;0
17-01-17 17:00;3;2;1;0;0;0;44;15;29;1;1;0;13;4;9;14;0;14;3;1;2;13;6;7;19;1;0;7;5;3;2;16;3;13;4;0;4;21;14;7;19;15;4;18;13;5;0;0;0
17-01-17 18:00;4;2;2;0;0;0;23;5;18;0;0;0;12;4;8;13;5;8;4;2;2;6;1;5;8;0;0;8;5;2;3;11;6;5;3;2;1;14;11;3;18;14;4;11;7;4;0;0;0
17-01-17 19:00;1;0;1;0;0;0;13;6;7;0;0;0;2;1;1;3;1;2;3;2;1;8;5;3;5;0;0;2;0;0;0;4;3;1;0;0;0;7;6;1;10;4;6;11;11;0;0;0;0
17-01-17 20:00;2;1;1;0;0;0;9;3;6;0;0;0;4;3;1;4;0;4;2;2;0;5;2;3;3;0;1;4;1;1;0;1;1;0;2;1;1;7;5;2;3;1;2;7;2;5;0;0;0
17-01-17 21:00;0;0;0;0;0;0;8;1;7;0;0;0;1;0;1;3;1;2;0;0;0;4;2;2;3;0;1;2;6;3;3;5;1;4;0;0;0;3;1;2;2;0;2;2;1;1;0;0;0
17-01-17 22:00;1;1;0;0;0;0;5;5;0;0;0;0;2;0;2;4;0;4;1;1;0;1;1;0;1;0;1;4;0;0;0;2;0;2;0;0;0;3;2;1;3;3;0;1;1;0;0;0;0
17-01-17 23:00;0;0;0;0;0;0;4;0;4;0;0;0;1;0;1;0;0;0;0;0;0;1;1;0;0;0;0;0;0;0;0;1;0;1;0;0;0;2;2;0;1;1;0;5;2;3;0;0;0
18-01-17 0:00;1;1;0;1;1;0;3;2;1;0;0;0;0;0;0;0;0;0;0;0;0;0;0;0;1;0;0;0;1;1;0;0;0;0;0;0;0;3;1;2;0;0;0;1;0;1;0;0;0
18-01-17 1:00;0;0;0;0;0;0;0;0;0;0;0;0;0;0;0;0;0;0;0;0;0;0;0;0;0;0;0;0;0;0;0;0;0;0;0;0;0;2;1;1;1;0;1;0;0;0;0;0;0
18-01-17 2:00;0;0;0;0;0;0;2;2;0;0;0;0;0;0;0;0;0;0;1;1;0;0;0;0;0;0;0;0;0;0;0;0;0;0;0;0;0;0;0;0;0;0;0;0;0;0;0;0;0
18-01-17 3:00;0;0;0;0;0;0;0;0;0;0;0;0;0;0;0;1;1;0;0;0;0;0;0;0;1;0;0;0;0;0;0;1;1;0;0;0;0;0;0;0;0;0;0;0;0;0;0;0;0
18-01-17 4:00;1;0;1;0;0;0;0;0;0;0;0;0;0;0;0;0;0;0;0;0;0;0;0;0;0;0;0;0;0;0;0;0;0;0;0;0;0;0;0;0;0;0;0;0;0;0;0;0;0
18-01-17 5:00;1;0;1;0;0;0;0;0;0;0;0;0;1;1;0;1;0;1;1;1;0;2;0;2;1;0;0;2;0;0;0;3;1;2;1;0;1;2;2;0;0;0;0;3;1;2;0;0;0
18-01-17 6:00;0;0;0;0;0;0;10;8;2;0;0;0;0;0;0;3;3;0;0;0;0;2;1;1;7;0;1;9;1;1;0;6;3;3;4;3;1;7;5;2;2;2;0;3;2;1;0;0;0
18-01-17 7:00;7;0;7;0;0;0;42;39;3;2;2;0;7;4;3;9;8;1;1;1;0;5;2;3;10;1;0;5;5;5;0;16;11;5;3;2;1;16;10;6;13;11;2;20;6;14;0;0;0
18-01-17 8:00;8;4;4;0;0;0;54;38;16;1;1;0;8;7;1;10;8;2;4;1;3;9;4;5;13;1;2;6;10;10;0;13;10;3;3;2;1;22;12;10;18;15;3;25;15;10;1;0;1
18-01-17 9:00;2;1;1;0;0;0;22;10;12;0;0;0;3;3;0;8;4;4;3;2;1;8;3;5;8;0;0;2;3;2;1;4;3;1;0;0;0;20;14;6;11;11;0;11;6;5;0;0;0
18-01-17 10:00;3;2;1;0;0;0;16;5;11;0;0;0;0;0;0;3;1;2;0;0;0;5;1;4;0;0;1;3;6;5;1;8;7;1;0;0;0;6;3;3;11;7;4;3;3;0;0;0;0
18-01-17 11:00;2;0;2;0;0;0;11;5;6;0;0;0;3;1;2;5;2;3;1;1;0;11;4;7;7;0;1;3;4;4;0;5;3;2;4;3;1;15;9;6;12;10;2;5;3;2;0;0;0
18-01-17 12:00;1;1;0;0;0;0;9;4;5;0;0;0;1;0;1;3;2;1;0;0;0;4;2;2;4;3;1;2;11;11;0;3;2;1;1;0;1;6;3;3;13;11;2;1;0;1;0;0;0
18-01-17 13:00;0;0;0;0;0;0;10;6;4;1;1;0;3;1;2;7;4;3;1;0;1;14;6;8;7;1;0;1;8;8;0;10;3;7;2;0;2;13;6;7;10;7;3;3;3;0;0;0;0
18-01-17 14:00;1;0;1;0;0;0;13;6;7;0;0;0;1;1;0;4;2;2;1;1;0;13;4;9;3;0;0;5;8;4;4;10;6;4;4;3;1;19;11;8;5;5;0;8;6;2;0;0;0
18-01-17 15:00;7;5;2;0;0;0;17;4;13;1;1;0;7;1;6;10;4;6;4;3;1;5;2;3;5;0;0;8;8;7;1;4;2;2;4;1;3;12;4;8;13;11;2;8;4;4;0;0;0
18-01-17 16:00;2;1;1;0;0;0;36;10;26;0;0;0;13;1;12;11;5;6;3;3;0;14;4;10;22;3;0;9;10;10;0;16;10;6;2;2;0;33;22;11;17;8;9;27;19;8;0;0;0
18-01-17 17:00;7;5;2;1;0;1;39;13;26;0;0;0;11;3;8;7;1;6;5;2;3;7;2;5;13;0;0;6;8;8;0;17;4;13;5;2;3;32;18;14;11;9;2;16;13;3;0;0;0
18-01-17 18:00;7;4;3;0;0;0;20;9;11;0;0;0;9;2;7;9;5;4;4;3;1;12;9;3;12;1;2;6;8;6;2;11;3;8;0;0;0;19;14;5;14;6;8;14;10;4;0;0;0
18-01-17 19:00;3;1;2;0;0;0;13;8;5;0;0;0;5;0;5;3;1;2;3;2;1;8;1;7;9;0;2;2;9;9;0;7;2;5;0;0;0;14;10;4;8;8;0;9;6;3;0;0;0
18-01-17 20:00;2;0;2;0;0;0;13;6;7;0;0;0;0;0;0;6;0;6;3;2;1;5;2;3;5;0;0;3;5;5;0;1;1;0;1;0;1;11;8;3;0;0;0;10;1;9;0;0;0
18-01-17 21:00;1;1;0;0;0;0;8;4;4;0;0;0;2;0;2;4;1;3;0;0;0;4;2;2;3;0;0;1;8;8;0;1;0;1;0;0;0;6;4;2;0;0;0;3;0;3;0;0;0
18-01-17 22:00;0;0;0;0;0;0;2;1;1;0;0;0;0;0;0;1;0;1;1;0;1;5;2;3;2;0;0;3;0;0;0;1;0;1;1;1;0;4;3;1;1;0;1;3;0;3;0;0;0
18-01-17 23:00;0;0;0;0;0;0;1;1;0;0;0;0;1;0;1;1;0;1;1;0;1;2;1;1;0;0;0;2;4;4;0;1;1;0;0;0;0;1;1;0;1;1;0;1;0;1;0;0;0
19-01-17 0:00;5;3;2;0;0;0;0;0;0;0;0;0;0;0;0;0;0;0;0;0;0;1;0;1;1;0;0;0;2;2;0;0;0;0;0;0;0;1;0;1;0;0;0;1;1;0;0;0;0
19-01-17 1:00;0;0;0;0;0;0;0;0;0;0;0;0;0;0;0;0;0;0;0;0;0;0;0;0;1;0;0;2;0;0;0;0;0;0;0;0;0;0;0;0;0;0;0;0;0;0;0;0;0
19-01-17 2:00;2;2;0;0;0;0;0;0;0;0;0;0;2;0;2;0;0;0;0;0;0;1;1;0;0;0;0;0;0;0;0;0;0;0;0;0;0;0;0;0;0;0;0;0;0;0;0;0;0
19-01-17 3:00;0;0;0;0;0;0;0;0;0;0;0;0;0;0;0;1;1;0;1;0;1;0;0;0;0;0;0;0;0;0;0;0;0;0;0;0;0;0;0;0;0;0;0;0;0;0;0;0;0
19-01-17 4:00;1;0;1;0;0;0;0;0;0;0;0;0;1;1;0;0;0;0;0;0;0;0;0;0;0;0;0;0;0;0;0;0;0;0;0;0;0;4;0;4;0;0;0;0;0;0;0;0;0
19-01-17 5:00;0;0;0;0;0;0;1;0;1;0;0;0;0;0;0;3;1;2;1;1;0;8;6;2;1;0;0;3;0;0;0;1;0;1;2;0;2;0;0;0;0;0;0;2;1;1;0;0;0
19-01-17 6:00;2;1;1;0;0;0;10;8;2;0;0;0;2;1;1;5;3;2;3;2;1;0;0;0;7;0;0;11;2;2;0;5;3;2;3;1;2;8;3;5;3;2;1;2;1;1;0;0;0
19-01-17 7:00;7;1;6;0;0;0;29;21;8;1;0;1;3;1;2;12;9;3;2;2;0;3;1;2;9;2;0;8;1;1;0;13;6;7;1;1;0;18;14;4;14;12;2;14;7;7;0;0;0
19-01-17 8:00;3;1;2;0;0;0;62;36;26;1;1;0;12;8;4;11;7;4;2;0;2;15;6;9;13;0;0;9;7;7;0;19;12;7;3;2;1;19;15;4;14;12;2;29;17;12;0;0;0
19-01-17 9:00;4;0;4;0;0;0;21;11;10;0;0;0;10;7;3;2;1;1;2;1;1;7;2;5;14;1;1;3;5;3;2;12;11;1;1;0;1;16;9;7;20;17;3;13;7;6;0;0;0
19-01-17 10:00;1;1;0;0;0;0;19;8;11;1;0;1;2;1;1;4;1;3;1;1;0;8;1;7;4;0;0;3;5;4;1;3;2;1;0;0;0;11;8;3;13;11;2;6;4;2;0;0;0
19-01-17 11:00;2;2;0;0;0;0;5;1;4;0;0;0;1;0;1;8;3;5;3;2;1;5;2;3;4;0;0;4;5;5;0;4;1;3;0;0;0;7;5;2;13;11;2;4;2;2;0;0;0
19-01-17 12:00;2;1;1;0;0;0;9;4;5;0;0;0;2;1;1;2;1;1;1;0;1;6;2;4;1;0;0;2;2;1;1;6;5;1;2;1;1;8;3;5;10;6;4;3;1;2;0;0;0
19-01-17 13:00;3;1;2;0;0;0;7;5;2;1;0;1;3;1;2;5;4;1;2;1;1;11;3;8;3;1;0;3;6;5;1;9;4;5;1;0;1;8;4;4;12;10;2;8;4;4;0;0;0
19-01-17 14:00;2;1;1;0;0;0;8;3;5;0;0;0;1;1;0;5;3;2;3;1;2;10;6;4;5;0;1;5;4;3;1;10;8;2;3;2;1;10;6;4;5;5;0;4;3;1;0;0;0
19-01-17 15:00;5;3;2;0;0;0;16;5;11;1;1;0;5;1;4;5;3;2;3;1;2;13;4;9;9;0;0;9;9;6;3;6;1;5;5;2;3;17;14;3;14;12;2;11;5;6;0;0;0
19-01-17 16:00;2;1;1;1;0;1;44;15;29;1;0;1;11;4;7;13;3;10;11;4;7;13;5;8;14;0;1;11;1;1;0;19;8;11;0;0;0;31;24;7;23;17;6;23;12;11;0;0;0
19-01-17 17:00;5;2;3;0;0;0;35;11;24;0;0;0;8;3;5;7;2;5;3;2;1;12;3;9;13;3;0;9;1;1;0;16;6;10;2;1;1;17;12;5;11;10;1;16;9;7;0;0;0
19-01-17 18:00;3;2;1;0;0;0;26;16;10;0;0;0;15;3;12;8;1;7;1;1;0;7;1;6;12;1;1;5;6;6;0;9;2;7;0;0;0;22;18;4;17;13;4;15;9;6;0;0;0
19-01-17 19:00;1;1;0;0;0;0;16;5;11;0;0;0;4;1;3;5;0;5;3;1;2;9;5;4;7;0;1;5;6;5;1;3;2;1;0;0;0;11;6;5;6;4;2;6;2;4;0;0;0
19-01-17 20:00;1;1;0;0;0;0;14;7;7;0;0;0;2;0;2;4;0;4;0;0;0;3;2;1;5;0;0;4;9;3;6;7;2;5;2;0;2;6;4;2;9;5;4;1;0;1;0;0;0
19-01-17 21:00;0;0;0;0;0;0;3;2;1;0;0;0;1;0;1;2;0;2;0;0;0;2;1;1;0;0;0;3;2;2;0;1;1;0;0;0;0;5;1;4;2;2;0;3;2;1;0;0;0
19-01-17 22:00;0;0;0;0;0;0;4;1;3;0;0;0;4;0;4;0;0;0;1;1;0;1;1;0;0;0;2;3;1;1;0;3;1;2;1;1;0;7;5;2;3;2;1;2;1;1;0;0;0
19-01-17 23:00;1;1;0;0;0;0;1;0;1;1;0;1;1;0;1;1;0;1;0;0;0;1;0;1;0;0;0;0;1;1;0;2;1;1;8;0;8;1;0;1;1;1;0;1;1;0;0;0;0
20-01-17 0:00;1;1;0;0;0;0;1;1;0;0;0;0;1;1;0;0;0;0;0;0;0;0;0;0;0;0;0;0;0;0;0;0;0;0;0;0;0;2;1;1;0;0;0;0;0;0;0;0;0
20-01-17 1:00;0;0;0;0;0;0;0;0;0;0;0;0;0;0;0;0;0;0;0;0;0;0;0;0;0;0;0;0;0;0;0;0;0;0;0;0;0;3;1;2;0;0;0;0;0;0;0;0;0
20-01-17 2:00;0;0;0;0;0;0;0;0;0;0;0;0;0;0;0;0;0;0;0;0;0;0;0;0;0;0;0;1;0;0;0;0;0;0;0;0;0;0;0;0;0;0;0;0;0;0;0;0;0
20-01-17 3:00;0;0;0;0;0;0;0;0;0;0;0;0;0;0;0;2;2;0;0;0;0;0;0;0;0;0;0;0;0;0;0;0;0;0;0;0;0;0;0;0;0;0;0;0;0;0;0;0;0
20-01-17 4:00;1;0;1;0;0;0;0;0;0;0;0;0;0;0;0;1;1;0;0;0;0;0;0;0;0;0;0;0;0;0;0;1;1;0;0;0;0;0;0;0;0;0;0;0;0;0;0;0;0
20-01-17 5:00;2;1;1;0;0;0;5;2;3;0;0;0;1;1;0;0;0;0;1;1;0;4;2;2;0;0;0;2;0;0;0;1;0;1;0;0;0;0;0;0;1;0;1;0;0;0;0;0;0
20-01-17 6:00;2;1;1;0;0;0;4;3;1;0;0;0;1;1;0;4;2;2;0;0;0;0;0;0;4;2;0;6;2;2;0;8;6;2;1;1;0;4;2;2;3;3;0;1;0;1;1;0;1
20-01-17 7:00;5;0;5;0;0;0;33;26;7;0;0;0;4;3;1;10;9;1;2;2;0;0;0;0;6;1;0;5;3;3;0;6;6;0;0;0;0;12;6;6;10;9;1;18;11;7;0;0;0
20-01-17 8:00;1;1;0;0;0;0;47;30;17;1;1;0;6;3;3;14;9;5;5;0;5;8;3;5;5;0;0;3;5;5;0;14;9;5;4;3;1;17;13;4;15;11;4;17;8;9;0;0;0
20-01-17 9:00;3;2;1;0;0;0;25;12;13;1;1;0;6;6;0;2;0;2;4;2;2;9;4;5;6;0;0;4;9;8;1;9;5;4;0;0;0;15;10;5;8;8;0;6;3;3;0;0;0
20-01-17 10:00;0;0;0;0;0;0;8;2;6;0;0;0;2;1;1;6;4;2;1;0;1;6;4;2;1;2;0;2;3;3;0;1;1;0;0;0;0;7;2;5;13;10;3;5;4;1;0;0;0
20-01-17 11:00;2;2;0;0;0;0;3;1;2;0;0;0;3;1;2;1;1;0;4;2;2;8;2;6;1;0;0;1;5;4;1;4;2;2;2;1;1;8;5;3;6;5;1;3;2;1;0;0;0
20-01-17 12:00;0;0;0;0;0;0;10;7;3;0;0;0;4;3;1;1;0;1;2;1;1;6;1;5;2;1;0;2;3;2;1;3;2;1;0;0;0;16;12;4;13;12;1;3;2;1;0;0;0
20-01-17 13:00;0;0;0;0;0;0;6;3;3;1;1;0;2;0;2;7;3;4;2;1;1;6;3;3;0;2;0;5;3;2;1;1;1;0;4;0;4;11;8;3;18;13;5;2;0;2;0;0;0
20-01-17 14:00;3;2;1;0;0;0;10;4;6;0;0;0;3;1;2;6;4;2;2;0;2;6;3;3;1;0;1;3;3;3;0;6;3;3;4;1;3;14;11;3;15;7;8;3;3;0;0;0;0
20-01-17 15:00;2;1;1;0;0;0;25;10;15;0;0;0;7;2;5;7;4;3;3;2;1;9;3;6;9;1;1;1;2;1;1;9;2;7;4;2;2;14;11;3;17;14;3;11;5;6;0;0;0
20-01-17 16:00;3;1;2;0;0;0;23;4;19;1;0;1;4;0;4;13;5;8;4;1;3;11;5;6;5;0;0;9;4;2;2;12;1;11;4;2;2;32;24;8;26;13;13;16;9;7;0;0;0
20-01-17 17:00;3;2;1;0;0;0;34;12;22;0;0;0;6;1;5;11;2;9;7;5;2;8;4;4;8;0;0;2;2;2;0;7;2;5;0;0;0;14;6;8;11;8;3;13;9;4;0;0;0
20-01-17 18:00;2;1;1;0;0;0;23;11;12;1;0;1;4;2;2;5;0;5;4;4;0;6;2;4;1;0;0;1;1;1;0;6;3;3;1;0;1;13;12;1;11;7;4;9;5;4;0;0;0
20-01-17 19:00;0;0;0;0;0;0;10;6;4;0;0;0;2;1;1;6;2;4;1;0;1;6;3;3;2;1;0;4;1;1;0;7;5;2;0;0;0;6;4;2;3;2;1;4;1;3;0;0;0
20-01-17 20:00;2;2;0;0;0;0;6;3;3;0;0;0;4;0;4;5;0;5;0;0;0;2;1;1;1;0;0;2;2;2;0;1;0;1;0;0;0;7;7;0;4;3;1;1;0;1;0;0;0
20-01-17 21:00;0;0;0;0;0;0;2;2;0;0;0;0;3;1;2;4;1;3;0;0;0;0;0;0;1;0;0;0;2;2;0;3;0;3;1;1;0;1;1;0;0;0;0;3;0;3;0;0;0
20-01-17 22:00;0;0;0;0;0;0;0;0;0;0;0;0;0;0;0;3;0;3;0;0;0;2;1;1;2;0;0;1;2;2;0;1;1;0;0;0;0;5;3;2;2;2;0;1;1;0;0;0;0
20-01-17 23:00;0;0;0;0;0;0;2;2;0;0;0;0;1;0;1;0;0;0;1;1;0;0;0;0;0;0;0;0;2;2;0;1;0;1;0;0;0;3;1;2;0;0;0;1;1;0;0;0;0
21-01-17 0:00;0;0;0;0;0;0;1;0;1;0;0;0;0;0;0;1;0;1;1;1;0;0;0;0;0;0;0;0;0;0;0;1;0;1;0;0;0;1;0;1;0;0;0;1;1;0;0;0;0
21-01-17 1:00;0;0;0;0;0;0;0;0;0;0;0;0;0;0;0;0;0;0;0;0;0;0;0;0;0;0;0;0;0;0;0;1;1;0;0;0;0;1;1;0;1;0;1;0;0;0;0;0;0
21-01-17 2:00;1;1;0;0;0;0;1;0;1;0;0;0;0;0;0;0;0;0;0;0;0;0;0;0;0;0;0;1;0;0;0;0;0;0;0;0;0;1;1;0;0;0;0;0;0;0;0;0;0
21-01-17 3:00;0;0;0;0;0;0;0;0;0;0;0;0;0;0;0;0;0;0;0;0;0;0;0;0;0;0;0;0;0;0;0;0;0;0;0;0;0;0;0;0;0;0;0;0;0;0;0;0;0
21-01-17 4:00;0;0;0;0;0;0;0;0;0;0;0;0;0;0;0;1;1;0;0;0;0;0;0;0;1;0;0;0;0;0;0;0;0;0;0;0;0;0;0;0;0;0;0;0;0;0;0;0;0
21-01-17 5:00;2;1;1;0;0;0;2;1;1;0;0;0;0;0;0;2;0;2;0;0;0;1;1;0;0;0;0;0;0;0;0;1;1;0;0;0;0;0;0;0;3;2;1;0;0;0;0;0;0
21-01-17 6:00;0;0;0;0;0;0;1;0;1;0;0;0;1;1;0;0;0;0;1;1;0;1;0;1;0;0;6;0;1;1;0;1;0;1;0;0;0;1;0;1;1;1;0;1;0;1;0;0;0
21-01-17 7:00;2;0;2;0;0;0;3;2;1;0;0;0;0;0;0;0;0;0;0;0;0;1;0;1;0;0;0;0;3;1;2;3;0;3;1;1;0;0;0;0;0;0;0;1;0;1;0;0;0
21-01-17 8:00;1;1;0;0;0;0;5;3;2;0;0;0;0;0;0;1;1;0;2;1;1;2;0;2;3;4;3;2;16;16;0;2;0;2;0;0;0;3;2;1;0;0;0;4;2;2;0;0;0
21-01-17 9:00;2;2;0;0;0;0;6;5;1;0;0;0;0;0;0;3;3;0;3;2;1;2;0;2;2;1;0;1;19;19;0;3;1;2;0;0;0;0;0;0;0;0;0;1;1;0;0;0;0
21-01-17 10:00;2;1;1;0;0;0;3;2;1;0;0;0;3;2;1;0;0;0;1;0;1;3;3;0;6;4;0;3;13;12;1;0;0;0;3;1;2;4;2;2;3;3;0;3;2;1;0;0;0
21-01-17 11:00;3;2;1;1;0;1;5;2;3;0;0;0;1;0;1;0;0;0;2;0;2;1;1;0;4;0;0;3;8;8;0;7;3;4;4;1;3;7;5;2;5;5;0;1;0;1;0;0;0
21-01-17 12:00;4;2;2;0;0;0;4;2;2;1;1;0;2;1;1;1;1;0;1;0;1;3;2;1;4;0;1;3;12;9;3;5;4;1;5;2;3;6;2;4;4;4;0;5;4;1;0;0;0
21-01-17 13:00;5;0;5;0;0;0;1;1;0;2;2;0;11;5;6;4;1;3;2;1;1;6;2;4;9;1;1;6;19;19;0;11;8;3;2;1;1;8;4;4;4;4;0;7;2;5;0;0;0
21-01-17 14:00;4;3;1;0;0;0;8;4;4;1;0;1;5;3;2;6;2;4;3;0;3;1;0;1;8;2;1;7;11;10;1;6;3;3;12;9;3;10;7;3;6;5;1;3;2;1;0;0;0
21-01-17 15:00;2;2;0;1;0;1;11;4;7;0;0;0;4;2;2;4;3;1;1;1;0;2;1;1;4;1;3;3;21;18;3;4;1;3;1;1;0;3;3;0;11;6;5;6;2;4;0;0;0
21-01-17 16:00;1;1;0;0;0;0;7;5;2;1;0;1;3;2;1;10;1;9;6;4;2;3;2;1;0;1;0;5;11;9;2;2;1;1;3;2;1;3;2;1;5;5;0;2;2;0;0;0;0
21-01-17 17:00;0;0;0;0;0;0;5;4;1;0;0;0;6;3;3;2;1;1;1;1;0;2;0;2;3;1;1;0;3;3;0;3;1;2;6;5;1;6;5;1;3;2;1;3;2;1;0;0;0
21-01-17 18:00;1;0;1;0;0;0;10;5;5;0;0;0;1;0;1;2;1;1;4;3;1;2;1;1;3;0;0;4;3;3;0;1;0;1;3;1;2;7;4;3;5;2;3;2;0;2;0;0;0
21-01-17 19:00;0;0;0;0;0;0;5;2;3;0;0;0;3;0;3;5;1;4;1;0;1;2;2;0;1;0;0;1;1;1;0;1;1;0;1;1;0;2;2;0;3;3;0;0;0;0;0;0;0
21-01-17 20:00;0;0;0;0;0;0;8;5;3;1;1;0;1;1;0;4;0;4;0;0;0;2;0;2;1;0;0;1;3;3;0;0;0;0;1;1;0;2;1;1;3;3;0;4;4;0;0;0;0
21-01-17 21:00;0;0;0;0;0;0;3;0;3;1;1;0;1;1;0;0;0;0;0;0;0;2;0;2;2;0;0;4;5;5;0;0;0;0;2;2;0;5;4;1;3;2;1;3;2;1;0;0;0
21-01-17 22:00;1;0;1;0;0;0;0;0;0;1;0;1;1;0;1;0;0;0;1;1;0;0;0;0;0;1;0;1;4;4;0;1;0;1;0;0;0;4;1;3;1;0;1;0;0;0;0;0;0
21-01-17 23:00;0;0;0;0;0;0;0;0;0;0;0;0;0;0;0;1;0;1;3;3;0;1;1;0;2;0;2;1;0;0;0;3;3;0;0;0;0;1;0;1;0;0;0;0;0;0;0;0;0
22-01-17 0:00;0;0;0;1;1;0;0;0;0;0;0;0;0;0;0;0;0;0;0;0;0;1;0;1;0;0;0;0;0;0;0;1;1;0;0;0;0;1;1;0;2;2;0;0;0;0;0;0;0
22-01-17 1:00;0;0;0;0;0;0;1;0;1;0;0;0;0;0;0;0;0;0;0;0;0;0;0;0;0;0;0;0;1;1;0;1;0;1;0;0;0;0;0;0;0;0;0;0;0;0;0;0;0
22-01-17 2:00;1;1;0;0;0;0;0;0;0;0;0;0;0;0;0;0;0;0;0;0;0;0;0;0;0;0;0;1;0;0;0;0;0;0;0;0;0;0;0;0;0;0;0;0;0;0;0;0;0
22-01-17 3:00;0;0;0;0;0;0;0;0;0;0;0;0;0;0;0;0;0;0;0;0;0;0;0;0;0;0;0;0;0;0;0;0;0;0;0;0;0;2;1;1;0;0;0;0;0;0;0;0;0
22-01-17 4:00;0;0;0;0;0;0;0;0;0;0;0;0;0;0;0;0;0;0;0;0;0;0;0;0;0;0;0;0;0;0;0;0;0;0;0;0;0;0;0;0;0;0;0;0;0;0;0;0;0
22-01-17 5:00;1;0;1;0;0;0;1;0;1;1;1;0;1;1;0;0;0;0;0;0;0;0;0;0;0;0;0;0;0;0;0;1;1;0;0;0;0;1;0;1;0;0;0;0;0;0;0;0;0
22-01-17 6:00;0;0;0;0;0;0;1;1;0;0;0;0;0;0;0;2;1;1;0;0;0;0;0;0;0;0;0;0;0;0;0;1;0;1;0;0;0;1;0;1;0;0;0;0;0;0;0;0;0
22-01-17 7:00;0;0;0;0;0;0;4;2;2;0;0;0;2;1;1;0;0;0;0;0;0;1;0;1;0;0;0;1;4;4;0;3;2;1;1;1;0;0;0;0;1;1;0;2;2;0;0;0;0
22-01-17 8:00;3;3;0;0;0;0;3;1;2;0;0;0;0;0;0;2;2;0;0;0;0;1;0;1;0;1;0;1;5;5;0;2;0;2;1;0;1;5;3;2;1;1;0;2;1;1;0;0;0
22-01-17 9:00;1;1;0;0;0;0;2;1;1;0;0;0;1;0;1;2;2;0;0;0;0;1;0;1;4;0;3;4;10;10;0;4;1;3;1;1;0;3;3;0;0;0;0;1;1;0;0;0;0
22-01-17 10:00;2;0;2;0;0;0;3;1;2;0;0;0;3;3;0;1;1;0;2;1;1;1;1;0;7;3;0;3;16;15;1;9;3;6;2;0;2;7;4;3;2;2;0;0;0;0;0;0;0
22-01-17 11:00;4;2;2;0;0;0;7;2;5;0;0;0;3;0;3;4;2;2;3;1;2;2;0;2;10;1;0;2;12;11;1;7;6;1;4;1;3;5;4;1;1;1;0;1;1;0;0;0;0
22-01-17 12:00;0;0;0;2;2;0;5;1;4;0;0;0;6;0;6;5;1;4;3;1;2;5;3;2;4;3;4;4;24;24;0;6;4;2;3;1;2;5;4;1;4;3;1;5;3;2;0;0;0
22-01-17 13:00;2;1;1;0;0;0;4;1;3;1;0;1;7;3;4;12;5;7;2;2;0;4;3;1;14;2;3;5;24;22;2;7;3;4;5;3;2;6;6;0;6;5;1;2;1;1;0;0;0
22-01-17 14:00;8;2;6;1;0;1;31;13;18;1;1;0;8;3;5;7;3;4;8;6;2;1;0;1;10;2;2;12;31;29;2;7;3;4;3;1;2;10;6;4;17;13;4;5;4;1;0;0;0
22-01-17 15:00;7;5;2;1;0;1;7;6;1;0;0;0;1;0;1;6;3;3;6;3;3;5;4;1;6;2;4;7;19;17;2;5;1;4;1;0;1;5;2;3;11;4;7;5;2;3;0;0;0
22-01-17 16:00;3;2;1;0;0;0;2;0;2;3;2;1;3;3;0;5;5;0;2;2;0;4;1;3;4;1;1;4;14;14;0;4;2;2;2;2;0;8;4;4;5;5;0;2;1;1;0;0;0
22-01-17 17:00;0;0;0;0;0;0;3;1;2;0;0;0;2;1;1;7;4;3;5;1;4;3;1;2;1;0;1;4;6;4;2;4;3;1;6;1;5;2;0;2;2;2;0;3;2;1;0;0;0
22-01-17 18:00;4;1;3;0;0;0;1;0;1;0;0;0;2;1;1;6;3;3;3;2;1;2;1;1;4;0;0;1;4;4;0;1;0;1;0;0;0;4;2;2;6;5;1;1;1;0;0;0;0
22-01-17 19:00;0;0;0;0;0;0;5;2;3;1;1;0;4;3;1;3;1;2;1;0;1;3;0;3;4;1;1;4;2;2;0;5;3;2;4;3;1;3;1;2;3;2;1;6;5;1;0;0;0
22-01-17 20:00;0;0;0;0;0;0;8;4;4;0;0;0;1;0;1;5;3;2;7;5;2;1;1;0;0;1;1;3;2;2;0;4;3;1;0;0;0;4;3;1;2;1;1;0;0;0;0;0;0
22-01-17 21:00;0;0;0;0;0;0;2;1;1;0;0;0;2;0;2;2;0;2;5;4;1;2;1;1;1;0;0;1;2;1;1;4;1;3;1;1;0;2;1;1;2;1;1;0;0;0;0;0;0
22-01-17 22:00;0;0;0;0;0;0;2;1;1;0;0;0;1;0;1;3;0;3;0;0;0;3;1;2;0;1;0;3;0;0;0;2;1;1;2;1;1;1;1;0;3;2;1;0;0;0;0;0;0
22-01-17 23:00;0;0;0;1;0;1;0;0;0;0;0;0;1;0;1;0;0;0;1;0;1;0;0;0;1;0;0;1;0;0;0;1;1;0;0;0;0;0;0;0;4;2;2;0;0;0;0;0;0
23-01-17 0:00;1;1;0;0;0;0;1;0;1;0;0;0;0;0;0;0;0;0;0;0;0;0;0;0;0;0;0;1;1;1;0;0;0;0;0;0;0;0;0;0;0;0;0;0;0;0;0;0;0
23-01-17 1:00;0;0;0;0;0;0;0;0;0;0;0;0;0;0;0;0;0;0;0;0;0;0;0;0;0;0;0;0;0;0;0;0;0;0;0;0;0;0;0;0;0;0;0;0;0;0;0;0;0
23-01-17 2:00;1;1;0;0;0;0;1;0;1;0;0;0;0;0;0;0;0;0;0;0;0;0;0;0;0;0;0;0;0;0;0;1;1;0;0;0;0;0;0;0;0;0;0;0;0;0;0;0;0
23-01-17 3:00;0;0;0;0;0;0;0;0;0;0;0;0;0;0;0;1;1;0;0;0;0;0;0;0;0;0;0;0;0;0;0;0;0;0;0;0;0;0;0;0;0;0;0;0;0;0;0;0;0
23-01-17 4:00;1;0;1;0;0;0;1;1;0;0;0;0;0;0;0;1;1;0;0;0;0;0;0;0;0;0;0;0;0;0;0;0;0;0;0;0;0;0;0;0;0;0;0;0;0;0;0;0;0
23-01-17 5:00;0;0;0;0;0;0;0;0;0;1;1;0;1;1;0;1;0;1;2;0;2;2;0;2;1;0;0;2;0;0;0;1;1;0;2;0;2;3;1;2;0;0;0;1;1;0;0;0;0
23-01-17 6:00;4;1;3;0;0;0;6;3;3;1;1;0;1;1;0;2;0;2;8;6;2;3;1;2;7;0;0;9;1;1;0;10;9;1;4;2;2;6;5;1;4;3;1;0;0;0;0;0;0
23-01-17 7:00;7;0;7;0;0;0;39;31;8;1;1;0;8;5;3;12;11;1;4;3;1;9;5;4;20;3;0;11;1;1;0;17;9;8;3;2;1;18;14;4;14;11;3;28;13;15;0;0;0
23-01-17 8:00;6;6;0;0;0;0;60;38;22;1;1;0;11;10;1;12;9;3;7;2;5;7;2;5;22;1;1;11;7;7;0;16;13;3;4;2;2;24;19;5;15;14;1;25;13;12;0;0;0
23-01-17 9:00;3;1;2;0;0;0;31;17;14;0;0;0;11;7;4;5;4;1;1;1;0;9;1;8;12;3;1;8;2;2;0;16;10;6;0;0;0;21;16;5;18;16;2;18;11;7;0;0;0
23-01-17 10:00;1;1;0;1;0;1;18;11;7;0;0;0;8;3;5;5;5;0;2;0;2;12;1;11;5;1;1;4;4;3;1;5;1;4;0;0;0;14;10;4;13;12;1;6;4;2;0;0;0
23-01-17 11:00;2;0;2;0;0;0;19;9;10;0;0;0;5;1;4;5;4;1;5;3;2;8;4;4;6;1;1;8;6;5;1;9;7;2;1;0;1;22;16;6;15;12;3;7;5;2;0;0;0
23-01-17 12:00;3;2;1;0;0;0;12;2;10;1;1;0;3;2;1;3;2;1;5;3;2;14;4;10;11;4;1;6;11;8;3;13;9;4;3;0;3;12;9;3;18;10;8;7;6;1;0;0;0
23-01-17 13:00;5;3;2;0;0;0;18;7;11;0;0;0;1;0;1;5;3;2;6;3;3;9;7;2;16;3;1;2;12;11;1;6;3;3;4;3;1;13;9;4;14;8;6;6;3;3;0;0;0
23-01-17 14:00;2;2;0;2;1;1;16;7;9;3;2;1;7;1;6;15;10;5;6;2;4;10;6;4;11;2;3;4;9;8;1;13;3;10;5;4;1;19;13;6;19;9;10;6;5;1;0;0;0
23-01-17 15:00;8;6;2;0;0;0;26;10;16;2;2;0;14;2;12;10;2;8;6;3;3;16;4;12;5;3;1;16;6;6;0;20;6;14;7;3;4;22;19;3;27;18;9;18;10;8;0;0;0
23-01-17 16:00;5;4;1;0;0;0;50;18;32;2;1;1;14;5;9;11;4;7;12;7;5;22;7;15;21;5;1;17;8;8;0;16;3;13;8;7;1;33;27;6;24;17;7;23;12;11;1;0;1
23-01-17 17:00;9;3;6;0;0;0;50;15;35;1;1;0;14;2;12;15;5;10;11;5;6;16;6;10;13;4;1;9;0;0;0;32;13;19;5;1;4;34;29;5;13;11;2;25;16;9;1;0;1
23-01-17 18:00;4;1;3;1;0;1;28;13;15;2;0;2;8;1;7;6;1;5;3;2;1;5;1;4;14;0;2;12;1;1;0;11;4;7;5;2;3;27;21;6;10;6;4;16;11;5;0;0;0
23-01-17 19:00;2;1;1;1;0;1;17;9;8;0;0;0;7;3;4;5;2;3;12;7;5;3;1;2;6;2;1;2;0;0;0;6;4;2;3;0;3;12;8;4;11;6;5;13;5;8;0;0;0
23-01-17 20:00;1;1;0;0;0;0;9;3;6;0;0;0;1;0;1;3;0;3;5;3;2;4;1;3;1;1;1;3;0;0;0;4;2;2;4;1;3;7;5;2;5;2;3;8;4;4;0;0;0
23-01-17 21:00;3;2;1;0;0;0;9;4;5;0;0;0;1;1;0;3;0;3;3;3;0;0;0;0;0;0;0;1;1;1;0;10;6;4;1;0;1;8;5;3;10;4;6;7;1;6;0;0;0
23-01-17 22:00;0;0;0;0;0;0;6;4;2;0;0;0;3;0;3;2;0;2;3;1;2;2;1;1;0;0;0;2;0;0;0;2;0;2;0;0;0;7;5;2;2;2;0;2;0;2;0;0;0
23-01-17 23:00;0;0;0;0;0;0;3;0;3;0;0;0;0;0;0;1;0;1;0;0;0;1;0;1;0;0;0;0;0;0;0;1;0;1;0;0;0;1;1;0;1;1;0;2;1;1;0;0;0
24-01-17 0:00;0;0;0;0;0;0;0;0;0;0;0;0;1;0;1;0;0;0;0;0;0;1;0;1;0;0;0;0;0;0;0;1;1;0;0;0;0;0;0;0;0;0;0;0;0;0;0;0;0
24-01-17 1:00;0;0;0;0;0;0;0;0;0;0;0;0;0;0;0;0;0;0;0;0;0;0;0;0;0;0;0;0;0;0;0;0;0;0;0;0;0;0;0;0;1;1;0;0;0;0;0;0;0
24-01-17 2:00;0;0;0;0;0;0;1;1;0;0;0;0;0;0;0;0;0;0;0;0;0;0;0;0;0;0;0;0;0;0;0;0;0;0;0;0;0;0;0;0;0;0;0;0;0;0;0;0;0
24-01-17 3:00;0;0;0;0;0;0;0;0;0;0;0;0;0;0;0;1;1;0;0;0;0;0;0;0;0;0;0;0;0;0;0;0;0;0;0;0;0;0;0;0;0;0;0;0;0;0;0;0;0
24-01-17 4:00;1;0;1;0;0;0;0;0;0;0;0;0;0;0;0;0;0;0;1;1;0;0;0;0;0;0;0;1;0;0;0;0;0;0;0;0;0;0;0;0;0;0;0;0;0;0;0;0;0
24-01-17 5:00;4;2;2;0;0;0;1;1;0;0;0;0;1;0;1;1;0;1;0;0;0;3;0;3;0;0;0;3;0;0;0;3;1;2;2;0;2;2;1;1;1;1;0;1;1;0;0;0;0
24-01-17 6:00;2;0;2;0;0;0;10;9;1;0;0;0;3;2;1;5;5;0;7;3;4;3;2;1;5;0;0;8;1;1;0;7;4;3;2;1;1;10;9;1;11;7;4;6;3;3;0;0;0
24-01-17 7:00;5;1;4;0;0;0;45;40;5;0;0;0;14;10;4;18;18;0;3;2;1;6;3;3;12;4;1;14;3;3;0;21;16;5;3;3;0;21;19;2;11;8;3;19;10;9;0;0;0
24-01-17 8:00;14;7;7;0;0;0;47;27;20;1;0;1;18;14;4;14;12;2;7;2;5;10;2;8;19;4;2;18;6;6;0;20;14;6;5;1;4;22;18;4;23;20;3;29;17;12;1;0;1
24-01-17 9:00;2;1;1;1;0;1;30;17;13;0;0;0;9;5;4;3;1;2;2;1;1;15;6;9;10;2;1;5;9;8;1;10;6;4;3;3;0;15;13;2;21;20;1;12;12;0;0;0;0
24-01-17 10:00;2;2;0;0;0;0;17;6;11;0;0;0;1;1;0;3;3;0;3;1;2;5;0;5;1;1;0;2;4;4;0;7;3;4;1;0;1;10;8;2;9;7;2;5;4;1;0;0;0
24-01-17 11:00;2;2;0;0;0;0;15;8;7;0;0;0;4;2;2;3;3;0;3;0;3;9;6;3;4;1;1;2;3;2;1;9;2;7;0;0;0;14;11;3;12;8;4;5;2;3;0;0;0
24-01-17 12:00;2;2;0;0;0;0;11;5;6;1;1;0;3;1;2;3;2;1;3;2;1;5;2;3;2;0;0;4;9;8;1;2;1;1;2;0;2;6;4;2;20;17;3;1;0;1;0;0;0
24-01-17 13:00;1;1;0;1;0;1;16;8;8;0;0;0;5;1;4;7;3;4;3;1;2;7;3;4;6;1;0;2;5;5;0;8;5;3;0;0;0;5;5;0;15;12;3;8;4;4;0;0;0
24-01-17 14:00;4;1;3;0;0;0;10;5;5;1;0;1;0;0;0;5;3;2;5;3;2;9;7;2;2;0;1;4;4;4;0;3;1;2;3;3;0;17;14;3;9;6;3;9;7;2;0;0;0
24-01-17 15:00;2;2;0;1;1;0;14;3;11;1;1;0;9;1;8;9;5;4;6;2;4;9;2;7;9;2;2;17;5;4;1;10;5;5;3;1;2;16;11;5;25;16;9;8;6;2;0;0;0
24-01-17 16:00;2;1;1;0;0;0;50;14;36;1;1;0;19;3;16;7;1;6;8;3;5;10;3;7;11;0;2;21;1;1;0;18;3;15;2;1;1;28;23;5;19;13;6;21;14;7;0;0;0
24-01-17 17:00;4;2;2;0;0;0;47;21;26;0;0;0;14;5;9;12;1;11;9;4;5;6;3;3;19;3;0;7;1;1;0;24;6;18;3;1;2;32;28;4;21;16;5;18;9;9;1;0;1
24-01-17 18:00;8;6;2;1;0;1;25;9;16;2;2;0;15;4;11;11;3;8;2;1;1;12;5;7;18;2;0;7;2;2;0;17;7;10;1;0;1;28;22;6;14;7;7;13;9;4;0;0;0
24-01-17 19:00;3;0;3;0;0;0;16;10;6;0;0;0;3;1;2;5;1;4;6;3;3;7;5;2;4;2;2;8;0;0;0;10;7;3;1;1;0;16;13;3;7;6;1;10;8;2;0;0;0
24-01-17 20:00;1;1;0;0;0;0;6;3;3;0;0;0;0;0;0;7;2;5;3;1;2;4;3;1;8;1;0;4;0;0;0;1;1;0;1;1;0;12;10;2;7;3;4;7;3;4;2;1;1
24-01-17 21:00;1;0;1;0;0;0;2;1;1;0;0;0;1;0;1;1;0;1;3;1;2;1;0;1;5;0;0;4;4;3;1;7;3;4;1;0;1;4;3;1;4;3;1;3;1;2;0;0;0
24-01-17 22:00;0;0;0;0;0;0;6;4;2;0;0;0;3;0;3;5;1;4;2;2;0;4;3;1;0;0;0;2;4;3;1;1;0;1;0;0;0;6;2;4;2;1;1;1;1;0;0;0;0
24-01-17 23:00;1;0;1;0;0;0;4;3;1;0;0;0;3;0;3;0;0;0;0;0;0;0;0;0;1;0;0;0;2;2;0;2;0;2;0;0;0;2;2;0;1;0;1;1;0;1;0;0;0
25-01-17 0:00;0;0;0;0;0;0;0;0;0;0;0;0;0;0;0;0;0;0;1;0;1;0;0;0;0;0;0;0;1;1;0;2;1;1;0;0;0;0;0;0;0;0;0;1;0;1;0;0;0
25-01-17 1:00;0;0;0;0;0;0;2;0;2;0;0;0;0;0;0;0;0;0;0;0;0;0;0;0;0;0;0;0;0;0;0;0;0;0;0;0;0;1;0;1;0;0;0;0;0;0;0;0;0
25-01-17 2:00;0;0;0;0;0;0;0;0;0;0;0;0;0;0;0;0;0;0;0;0;0;0;0;0;0;0;0;0;0;0;0;0;0;0;0;0;0;0;0;0;0;0;0;0;0;0;0;0;0
25-01-17 3:00;0;0;0;0;0;0;2;2;0;0;0;0;0;0;0;2;2;0;0;0;0;0;0;0;0;0;0;1;0;0;0;0;0;0;0;0;0;5;1;4;2;0;2;0;0;0;0;0;0
25-01-17 4:00;1;0;1;0;0;0;0;0;0;0;0;0;0;0;0;1;1;0;1;1;0;0;0;0;0;0;0;0;0;0;0;0;0;0;0;0;0;0;0;0;1;1;0;0;0;0;0;0;0
25-01-17 5:00;2;0;2;0;0;0;0;0;0;5;1;4;0;0;0;0;0;0;0;0;0;2;0;2;0;0;0;2;0;0;0;3;2;1;2;0;2;1;1;0;0;0;0;1;1;0;0;0;0
25-01-17 6:00;4;1;3;0;0;0;6;6;0;0;0;0;2;1;1;3;3;0;3;2;1;0;0;0;6;0;0;5;2;2;0;9;7;2;4;2;2;7;5;2;8;8;0;7;5;2;0;0;0
25-01-17 7:00;6;0;6;1;1;0;36;29;7;1;1;0;11;9;2;12;10;2;5;4;1;10;5;5;14;2;0;14;2;2;0;15;10;5;2;1;1;17;16;1;15;10;5;22;14;8;0;0;0
25-01-17 8:00;4;3;1;0;0;0;63;35;28;2;2;0;15;10;5;17;14;3;7;2;5;5;1;4;19;1;3;8;8;8;0;16;11;5;6;4;2;21;19;2;14;14;0;27;16;11;1;0;1
25-01-17 9:00;6;1;5;0;0;0;23;13;10;0;0;0;6;2;4;3;1;2;8;5;3;12;4;8;8;6;1;11;9;9;0;8;7;1;1;0;1;11;10;1;24;20;4;9;6;3;0;0;0
25-01-17 10:00;4;2;2;1;0;1;20;7;13;0;0;0;1;1;0;4;2;2;1;0;1;11;3;8;5;2;0;3;3;3;0;4;2;2;1;0;1;16;10;6;20;15;5;6;4;2;0;0;0
25-01-17 11:00;5;3;2;2;0;2;20;12;8;0;0;0;4;2;2;1;0;1;6;4;2;13;4;9;6;2;0;4;5;5;0;3;1;2;3;1;2;18;14;4;11;11;0;4;3;1;1;0;1
25-01-17 12:00;7;4;3;0;0;0;12;3;9;0;0;0;8;3;5;2;1;1;6;3;3;9;4;5;3;2;0;0;4;3;1;4;1;3;1;0;1;9;8;1;11;9;2;6;4;2;0;0;0
25-01-17 13:00;4;0;4;1;0;1;16;5;11;1;1;0;5;1;4;7;4;3;6;3;3;4;2;2;3;5;1;3;3;3;0;8;2;6;2;1;1;16;12;4;11;9;2;3;2;1;0;0;0
25-01-17 14:00;4;4;0;1;0;1;10;6;4;2;0;2;4;2;2;4;3;1;1;0;1;14;7;7;6;1;0;4;3;3;0;9;3;6;9;6;3;5;4;1;14;10;4;6;4;2;0;0;0
25-01-17 15:00;7;5;2;0;0;0;25;10;15;1;1;0;22;9;13;10;4;6;5;3;2;8;3;5;15;2;0;5;8;7;1;13;3;10;4;1;3;17;13;4;20;17;3;20;12;8;0;0;0
25-01-17 16:00;3;1;2;0;0;0;49;18;31;1;0;1;13;6;7;6;3;3;8;5;3;16;5;11;10;0;0;12;3;2;1;18;8;10;1;0;1;29;24;5;20;14;6;19;14;5;0;0;0
25-01-17 17:00;5;5;0;0;0;0;41;14;27;2;0;2;19;8;11;9;4;5;7;3;4;14;5;9;21;0;2;10;5;5;0;20;4;16;7;2;5;25;22;3;23;14;9;34;16;18;3;1;2
25-01-17 18:00;6;5;1;0;0;0;33;17;16;2;0;2;11;1;10;8;1;7;4;2;2;12;8;4;6;1;0;11;0;0;0;16;7;9;6;1;5;17;13;4;16;11;5;22;10;12;1;0;1
25-01-17 19:00;2;0;2;0;0;0;14;10;4;0;0;0;8;3;5;5;0;5;3;3;0;9;5;4;9;0;5;5;4;4;0;7;2;5;1;0;1;15;10;5;14;8;6;9;4;5;0;0;0
25-01-17 20:00;1;1;0;1;1;0;10;6;4;1;0;1;4;2;2;8;3;5;1;1;0;2;2;0;6;0;0;3;0;0;0;13;4;9;2;1;1;9;7;2;6;3;3;9;2;7;0;0;0
25-01-17 21:00;1;1;0;0;0;0;6;2;4;0;0;0;7;2;5;2;1;1;1;1;0;5;1;4;2;0;0;1;4;4;0;6;2;4;1;0;1;8;4;4;3;3;0;2;0;2;0;0;0
25-01-17 22:00;1;0;1;0;0;0;6;4;2;1;0;1;6;0;6;5;2;3;2;0;2;3;3;0;5;0;0;3;1;1;0;2;1;1;1;1;0;6;3;3;4;0;4;2;1;1;0;0;0
25-01-17 23:00;0;0;0;0;0;0;0;0;0;0;0;0;0;0;0;1;0;1;1;1;0;0;0;0;1;0;0;1;1;1;0;2;0;2;0;0;0;1;1;0;2;0;2;4;2;2;0;0;0
26-01-17 0:00;0;0;0;1;1;0;0;0;0;0;0;0;1;0;1;0;0;0;0;0;0;1;0;1;0;0;0;1;0;0;0;0;0;0;0;0;0;0;0;0;0;0;0;0;0;0;0;0;0
26-01-17 1:00;0;0;0;0;0;0;0;0;0;0;0;0;0;0;0;0;0;0;0;0;0;0;0;0;0;0;0;0;0;0;0;0;0;0;1;1;0;0;0;0;2;1;1;0;0;0;0;0;0
26-01-17 2:00;0;0;0;0;0;0;1;0;1;0;0;0;0;0;0;0;0;0;0;0;0;0;0;0;0;0;0;0;0;0;0;0;0;0;0;0;0;0;0;0;0;0;0;0;0;0;0;0;0
26-01-17 3:00;0;0;0;0;0;0;1;1;0;0;0;0;0;0;0;3;3;0;0;0;0;0;0;0;0;0;0;0;0;0;0;0;0;0;0;0;0;0;0;0;0;0;0;0;0;0;0;0;0
26-01-17 4:00;1;0;1;0;0;0;1;0;1;0;0;0;0;0;0;2;1;1;1;1;0;0;0;0;0;0;0;0;0;0;0;0;0;0;0;0;0;0;0;0;0;0;0;0;0;0;0;0;0
26-01-17 5:00;0;0;0;0;0;0;0;0;0;1;1;0;1;1;0;1;1;0;0;0;0;2;0;2;1;0;0;2;0;0;0;3;1;2;1;0;1;0;0;0;0;0;0;1;1;0;0;0;0
26-01-17 6:00;2;2;0;0;0;0;6;4;2;0;0;0;3;1;2;3;2;1;3;2;1;1;0;1;7;1;0;4;3;3;0;10;6;4;3;1;2;10;8;2;3;2;1;4;2;2;0;0;0
26-01-17 7:00;3;0;3;0;0;0;42;34;8;2;1;1;11;8;3;16;15;1;5;4;1;7;2;5;16;4;1;18;4;4;0;16;10;6;3;3;0;19;16;3;10;9;1;17;9;8;0;0;0
26-01-17 8:00;5;2;3;1;0;1;58;30;28;3;3;0;17;13;4;12;7;5;9;5;4;8;2;6;11;1;1;13;13;13;0;18;10;8;7;5;2;37;26;11;18;17;1;24;16;8;1;1;0
26-01-17 9:00;3;2;1;0;0;0;30;19;11;1;1;0;10;5;5;10;8;2;4;1;3;10;2;8;11;1;1;5;10;7;3;15;12;3;5;4;1;12;11;1;17;15;2;12;7;5;1;0;1
26-01-17 10:00;0;0;0;0;0;0;17;9;8;0;0;0;2;1;1;6;3;3;7;2;5;10;5;5;4;1;1;3;2;2;0;4;3;1;0;0;0;9;6;3;19;13;6;7;4;3;1;0;1
26-01-17 11:00;1;1;0;0;0;0;6;4;2;0;0;0;3;2;1;4;3;1;9;4;5;9;3;6;3;1;0;9;6;5;1;5;2;3;1;1;0;19;16;3;13;9;4;5;2;3;0;0;0
26-01-17 12:00;4;4;0;0;0;0;14;7;7;1;1;0;3;1;2;2;1;1;3;2;1;6;2;4;7;4;3;4;4;1;3;5;2;3;2;1;1;13;9;4;17;13;4;4;0;4;0;0;0
26-01-17 13:00;3;0;3;0;0;0;6;1;5;2;1;1;8;2;6;2;2;0;4;2;2;10;7;3;10;7;1;7;12;12;0;9;6;3;8;2;6;13;10;3;17;10;7;6;6;0;0;0;0
26-01-17 14:00;8;3;5;0;0;0;19;5;14;0;0;0;6;1;5;5;2;3;6;3;3;9;3;6;5;3;1;8;10;9;1;10;4;6;4;1;3;23;18;5;16;14;2;14;11;3;1;0;1
26-01-17 15:00;4;4;0;2;0;2;34;13;21;0;0;0;10;1;9;6;3;3;7;3;4;17;3;14;14;3;1;9;3;3;0;19;11;8;4;2;2;26;20;6;19;16;3;13;7;6;0;0;0
26-01-17 16:00;8;7;1;0;0;0;49;19;30;0;0;0;15;2;13;10;3;7;13;7;6;16;5;11;15;2;4;19;3;3;0;19;8;11;4;1;3;32;28;4;24;12;12;23;13;10;1;0;1
26-01-17 17:00;3;1;2;0;0;0;53;20;33;2;1;1;16;5;11;9;2;7;7;5;2;12;6;6;16;0;1;15;1;1;0;13;6;7;6;3;3;33;25;8;13;9;4;26;11;15;0;0;0
26-01-17 18:00;5;2;3;0;0;0;25;10;15;2;2;0;11;4;7;12;3;9;5;1;4;17;7;10;10;1;2;9;7;7;0;14;0;14;3;0;3;19;12;7;11;7;4;12;9;3;2;0;2
26-01-17 19:00;0;0;0;0;0;0;21;7;14;1;0;1;14;5;9;5;0;5;1;1;0;7;3;4;5;0;2;4;0;0;0;10;4;6;3;0;3;16;12;4;11;7;4;9;3;6;0;0;0
26-01-17 20:00;2;0;2;0;0;0;16;8;8;0;0;0;3;1;2;1;1;0;2;0;2;4;1;3;6;2;2;1;1;1;0;3;0;3;1;1;0;16;12;4;8;6;2;5;2;3;1;0;1
26-01-17 21:00;0;0;0;0;0;0;14;5;9;0;0;0;3;1;2;2;0;2;0;0;0;4;3;1;2;1;0;0;0;0;0;4;2;2;0;0;0;10;8;2;4;1;3;2;1;1;0;0;0
26-01-17 22:00;2;0;2;0;0;0;6;3;3;0;0;0;2;0;2;3;1;2;4;1;3;1;0;1;3;0;0;4;3;3;0;2;1;1;0;0;0;7;3;4;4;1;3;4;1;3;0;0;0
26-01-17 23:00;0;0;0;0;0;0;3;2;1;0;0;0;1;0;1;0;0;0;1;0;1;0;0;0;0;0;1;0;0;0;0;0;0;0;0;0;0;5;2;3;3;3;0;2;1;1;0;0;0
27-01-17 0:00;2;2;0;0;0;0;2;0;2;0;0;0;1;0;1;0;0;0;0;0;0;1;0;1;0;0;0;0;0;0;0;0;0;0;0;0;0;0;0;0;0;0;0;0;0;0;0;0;0
27-01-17 1:00;0;0;0;0;0;0;0;0;0;0;0;0;0;0;0;0;0;0;2;2;0;0;0;0;0;0;0;0;0;0;0;0;0;0;0;0;0;2;2;0;0;0;0;1;1;0;0;0;0
27-01-17 2:00;1;0;1;0;0;0;0;0;0;0;0;0;0;0;0;0;0;0;0;0;0;0;0;0;0;0;0;0;0;0;0;0;0;0;0;0;0;0;0;0;0;0;0;0;0;0;0;0;0
27-01-17 3:00;0;0;0;0;0;0;1;1;0;0;0;0;0;0;0;2;2;0;0;0;0;0;0;0;0;0;0;0;0;0;0;0;0;0;0;0;0;1;1;0;1;1;0;0;0;0;0;0;0
27-01-17 4:00;1;0;1;0;0;0;0;0;0;0;0;0;0;0;0;0;0;0;0;0;0;0;0;0;0;0;0;0;0;0;0;0;0;0;0;0;0;1;1;0;0;0;0;0;0;0;0;0;0
27-01-17 5:00;1;1;0;0;0;0;0;0;0;1;1;0;0;0;0;3;1;2;2;1;1;3;1;2;0;1;0;1;0;0;0;3;1;2;4;2;2;0;0;0;0;0;0;2;2;0;0;0;0
27-01-17 6:00;2;0;2;0;0;0;9;7;2;0;0;0;2;2;0;6;5;1;3;2;1;5;2;3;5;0;0;8;1;1;0;9;7;2;3;2;1;8;4;4;8;3;5;5;1;4;0;0;0
27-01-17 7:00;5;0;5;0;0;0;39;33;6;3;2;1;9;7;2;10;9;1;4;4;0;8;4;4;14;3;0;11;7;7;0;10;7;3;4;4;0;17;16;1;14;13;1;21;7;14;0;0;0
27-01-17 8:00;8;5;3;1;1;0;47;27;20;0;0;0;10;6;4;13;10;3;8;3;5;8;1;7;12;2;3;9;8;8;0;12;8;4;5;2;3;23;17;6;18;16;2;25;14;11;0;0;0
27-01-17 9:00;4;1;3;0;0;0;25;11;14;0;0;0;8;4;4;3;2;1;4;4;0;5;1;4;6;2;0;7;2;2;0;10;8;2;1;1;0;13;13;0;18;17;1;8;4;4;1;0;1
27-01-17 10:00;2;2;0;2;0;2;13;5;8;0;0;0;2;2;0;8;7;1;2;0;2;9;3;6;5;2;3;1;4;4;0;4;1;3;0;0;0;9;8;1;16;13;3;9;4;5;0;0;0
27-01-17 11:00;5;1;4;1;0;1;16;10;6;0;0;0;1;1;0;9;7;2;1;0;1;11;4;7;6;2;0;9;2;2;0;7;5;2;5;3;2;6;3;3;12;10;2;15;11;4;0;0;0
27-01-17 12:00;5;2;3;1;0;1;13;8;5;0;0;0;10;5;5;4;3;1;4;2;2;7;1;6;6;3;2;9;15;10;5;8;4;4;5;1;4;11;8;3;22;18;4;5;1;4;0;0;0
27-01-17 13:00;2;1;1;1;1;0;14;3;11;0;0;0;4;1;3;16;11;5;2;0;2;14;6;8;6;0;0;6;11;10;1;13;5;8;2;2;0;19;14;5;21;12;9;14;8;6;1;0;1
27-01-17 14:00;4;3;1;1;1;0;13;7;6;0;0;0;8;4;4;13;7;6;3;1;2;14;3;11;2;4;4;6;14;12;2;8;3;5;5;4;1;17;16;1;12;10;2;7;5;2;0;0;0
27-01-17 15:00;3;3;0;1;1;0;32;14;18;1;1;0;20;4;16;3;1;2;4;3;1;9;2;7;19;6;1;12;20;19;1;13;4;9;5;1;4;22;15;7;20;13;7;16;7;9;0;0;0
27-01-17 16:00;4;3;1;1;0;1;45;8;37;2;0;2;14;1;13;10;2;8;11;3;8;12;6;6;18;4;1;16;8;8;0;22;7;15;8;4;4;38;31;7;20;15;5;28;15;13;2;0;2
27-01-17 17:00;4;3;1;0;0;0;45;19;26;1;0;1;14;3;11;16;7;9;14;8;6;12;7;5;8;3;2;12;2;2;0;11;5;6;2;1;1;37;27;10;13;10;3;28;19;9;4;0;4
27-01-17 18:00;4;2;2;0;0;0;25;9;16;2;1;1;11;5;6;4;2;2;13;5;8;8;5;3;11;1;2;9;7;7;0;13;3;10;1;0;1;22;19;3;10;3;7;15;11;4;2;1;1
27-01-17 19:00;2;2;0;0;0;0;13;4;9;0;0;0;5;0;5;5;1;4;3;1;2;7;5;2;5;1;0;7;2;2;0;10;6;4;0;0;0;16;14;2;8;6;2;8;4;4;0;0;0
27-01-17 20:00;1;1;0;0;0;0;15;8;7;0;0;0;6;1;5;6;2;4;4;2;2;3;1;2;1;3;2;3;1;1;0;3;2;1;2;1;1;11;8;3;5;4;1;2;0;2;0;0;0
27-01-17 21:00;0;0;0;0;0;0;4;3;1;0;0;0;4;3;1;2;1;1;2;1;1;3;0;3;1;0;0;5;3;3;0;5;1;4;2;1;1;8;4;4;11;5;6;2;0;2;0;0;0
27-01-17 22:00;0;0;0;0;0;0;1;1;0;1;0;1;2;0;2;1;0;1;3;3;0;1;1;0;1;0;0;2;1;1;0;2;1;1;0;0;0;4;2;2;2;1;1;0;0;0;0;0;0
27-01-17 23:00;0;0;0;0;0;0;4;2;2;0;0;0;0;0;0;0;0;0;3;2;1;1;1;0;0;0;0;0;0;0;0;4;2;2;0;0;0;5;3;2;2;0;2;1;1;0;0;0;0
28-01-17 0:00;0;0;0;0;0;0;2;0;2;0;0;0;0;0;0;0;0;0;0;0;0;1;1;0;0;0;0;0;0;0;0;1;0;1;0;0;0;0;0;0;1;0;1;1;0;1;0;0;0
28-01-17 1:00;0;0;0;0;0;0;2;0;2;0;0;0;0;0;0;0;0;0;0;0;0;2;1;1;0;0;0;0;0;0;0;0;0;0;0;0;0;0;0;0;0;0;0;1;1;0;0;0;0
28-01-17 2:00;0;0;0;0;0;0;1;1;0;0;0;0;1;1;0;1;0;1;1;1;0;0;0;0;2;0;0;0;0;0;0;0;0;0;0;0;0;0;0;0;0;0;0;0;0;0;0;0;0
28-01-17 3:00;0;0;0;0;0;0;1;1;0;0;0;0;0;0;0;0;0;0;0;0;0;0;0;0;0;0;0;0;0;0;0;0;0;0;0;0;0;1;1;0;1;1;0;1;0;1;0;0;0
28-01-17 4:00;0;0;0;0;0;0;0;0;0;0;0;0;0;0;0;1;1;0;0;0;0;0;0;0;0;0;0;0;0;0;0;0;0;0;0;0;0;0;0;0;0;0;0;0;0;0;0;0;0
28-01-17 5:00;2;2;0;0;0;0;2;2;0;1;1;0;0;0;0;0;0;0;0;0;0;2;1;1;0;0;0;1;0;0;0;0;0;0;1;0;1;0;0;0;0;0;0;2;1;1;0;0;0
28-01-17 6:00;2;0;2;0;0;0;2;1;1;0;0;0;0;0;0;3;1;2;3;1;2;0;0;0;1;0;0;4;2;2;0;4;2;2;0;0;0;0;0;0;1;1;0;0;0;0;1;0;1
28-01-17 7:00;1;1;0;0;0;0;3;1;2;0;0;0;2;1;1;0;0;0;0;0;0;1;0;1;2;1;2;2;2;2;0;2;1;1;2;1;1;4;3;1;2;2;0;3;2;1;0;0;0
28-01-17 8:00;1;1;0;0;0;0;7;5;2;2;2;0;0;0;0;4;4;0;3;2;1;4;1;3;3;0;0;1;7;7;0;2;0;2;0;0;0;3;2;1;3;3;0;6;3;3;0;0;0
28-01-17 9:00;0;0;0;0;0;0;3;0;3;1;1;0;2;0;2;2;2;0;1;0;1;2;1;1;5;1;0;3;15;15;0;6;4;2;1;1;0;5;5;0;2;2;0;7;6;1;0;0;0
28-01-17 10:00;3;2;1;1;0;1;6;3;3;0;0;0;2;0;2;3;2;1;5;3;2;3;1;2;12;6;0;6;8;8;0;7;3;4;3;0;3;5;3;2;2;2;0;3;3;0;0;0;0
28-01-17 11:00;7;4;3;2;1;1;12;8;4;0;0;0;12;4;8;7;4;3;5;2;3;5;2;3;14;11;4;5;12;12;0;18;6;12;4;2;2;8;6;2;6;3;3;7;4;3;2;1;1
28-01-17 12:00;7;3;4;1;0;1;10;3;7;1;1;0;7;1;6;9;4;5;6;2;4;10;4;6;27;10;5;13;25;20;5;11;5;6;4;1;3;10;7;3;12;11;1;2;1;1;1;0;1
28-01-17 13:00;8;4;4;0;0;0;7;3;4;0;0;0;14;6;8;15;5;10;9;6;3;10;3;7;29;17;13;18;39;34;5;30;16;14;2;1;1;18;9;9;11;9;2;6;3;3;0;0;0
28-01-17 14:00;8;4;4;2;0;2;17;12;5;0;0;0;15;9;6;12;4;8;10;6;4;9;2;7;24;5;4;17;26;24;2;12;6;6;9;3;6;21;17;4;16;9;7;12;5;7;2;1;1
28-01-17 15:00;6;3;3;4;1;3;5;3;2;0;0;0;7;6;1;10;6;4;7;2;5;3;1;2;25;4;7;7;41;39;2;15;6;9;3;0;3;12;9;3;13;8;5;6;5;1;1;0;1
28-01-17 16:00;6;3;3;1;0;1;18;6;12;1;1;0;0;0;0;6;2;4;4;2;2;7;1;6;10;0;2;5;17;17;0;9;5;4;2;1;1;8;6;2;11;5;6;11;6;5;0;0;0
28-01-17 17:00;2;1;1;0;0;0;7;7;0;0;0;0;2;2;0;3;3;0;2;0;2;2;2;0;8;2;0;4;1;1;0;4;1;3;1;1;0;12;8;4;2;1;1;4;3;1;0;0;0
28-01-17 18:00;1;1;0;0;0;0;11;6;5;0;0;0;4;1;3;3;1;2;6;4;2;4;3;1;4;1;0;3;0;0;0;5;3;2;0;0;0;10;8;2;7;4;3;3;1;2;1;0;1
28-01-17 19:00;2;2;0;0;0;0;3;2;1;0;0;0;5;2;3;5;2;3;5;2;3;4;4;0;4;0;0;1;0;0;0;3;2;1;1;0;1;3;3;0;1;0;1;2;1;1;1;0;1
28-01-17 20:00;2;1;1;0;0;0;3;3;0;1;1;0;3;1;2;7;3;4;4;2;2;0;0;0;1;0;0;0;0;0;0;2;0;2;0;0;0;5;4;1;2;1;1;6;3;3;0;0;0
28-01-17 21:00;0;0;0;0;0;0;4;4;0;0;0;0;2;1;1;3;1;2;1;1;0;3;1;2;1;1;0;3;3;3;0;2;2;0;0;0;0;7;2;5;1;1;0;2;0;2;0;0;0
28-01-17 22:00;0;0;0;0;0;0;1;1;0;1;0;1;0;0;0;0;0;0;1;1;0;2;1;1;0;0;1;2;2;2;0;1;1;0;0;0;0;3;1;2;1;0;1;1;0;1;1;0;1
28-01-17 23:00;0;0;0;0;0;0;1;0;1;0;0;0;1;0;1;1;0;1;1;1;0;0;0;0;0;0;0;0;2;2;0;1;1;0;1;0;1;1;1;0;2;1;1;1;1;0;0;0;0
29-01-17 0:00;1;1;0;0;0;0;3;1;2;0;0;0;0;0;0;1;1;0;1;0;1;3;0;3;0;0;0;0;1;1;0;1;0;1;0;0;0;0;0;0;0;0;0;1;0;1;1;0;1
29-01-17 1:00;0;0;0;0;0;0;1;0;1;0;0;0;0;0;0;0;0;0;1;0;1;1;1;0;0;0;0;0;0;0;0;0;0;0;0;0;0;0;0;0;3;0;3;0;0;0;0;0;0
29-01-17 2:00;0;0;0;0;0;0;1;0;1;0;0;0;0;0;0;1;0;1;1;1;0;0;0;0;1;0;0;0;0;0;0;1;1;0;0;0;0;0;0;0;0;0;0;0;0;0;0;0;0
29-01-17 3:00;0;0;0;0;0;0;1;1;0;0;0;0;0;0;0;0;0;0;1;0;1;0;0;0;0;0;0;0;0;0;0;0;0;0;0;0;0;2;2;0;0;0;0;0;0;0;0;0;0
29-01-17 4:00;0;0;0;0;0;0;0;0;0;0;0;0;0;0;0;0;0;0;0;0;0;0;0;0;0;0;0;0;0;0;0;0;0;0;0;0;0;0;0;0;1;0;1;0;0;0;0;0;0
29-01-17 5:00;0;0;0;0;0;0;4;3;1;0;0;0;0;0;0;1;1;0;0;0;0;1;1;0;0;0;0;0;0;0;0;0;0;0;0;0;0;0;0;0;0;0;0;0;0;0;0;0;0
29-01-17 6:00;4;1;3;0;0;0;1;1;0;0;0;0;0;0;0;1;0;1;1;1;0;0;0;0;0;0;0;0;0;0;0;2;2;0;0;0;0;0;0;0;0;0;0;1;0;1;0;0;0
29-01-17 7:00;2;2;0;0;0;0;4;3;1;0;0;0;0;0;0;1;1;0;5;1;4;2;0;2;0;0;0;1;0;0;0;3;1;2;1;1;0;0;0;0;1;1;0;4;4;0;0;0;0
29-01-17 8:00;2;1;1;0;0;0;4;3;1;0;0;0;1;0;1;4;3;1;1;1;0;0;0;0;4;0;1;2;7;7;0;4;3;1;0;0;0;2;1;1;1;1;0;1;1;0;0;0;0
29-01-17 9:00;1;1;0;0;0;0;3;2;1;0;0;0;4;1;3;5;4;1;2;1;1;1;1;0;9;3;0;5;12;12;0;5;2;3;3;2;1;4;3;1;5;4;1;4;3;1;0;0;0
29-01-17 10:00;1;0;1;1;0;1;4;1;3;0;0;0;8;5;3;2;1;1;5;0;5;4;1;3;6;2;0;6;16;15;1;7;3;4;2;0;2;7;3;4;4;4;0;2;0;2;1;0;1
29-01-17 11:00;11;4;7;2;0;2;16;8;8;2;1;1;8;1;7;10;6;4;10;5;5;3;2;1;11;4;2;8;15;11;4;8;5;3;6;2;4;11;7;4;8;8;0;4;3;1;0;0;0
29-01-17 12:00;4;1;3;4;3;1;12;3;9;2;1;1;3;0;3;2;2;0;3;3;0;4;1;3;40;4;7;15;37;35;2;18;12;6;10;1;9;6;2;4;12;10;2;6;4;2;2;0;2
29-01-17 13:00;9;4;5;0;0;0;14;5;9;1;1;0;8;5;3;13;4;9;12;7;5;7;3;4;36;13;1;13;58;56;2;25;12;13;8;7;1;14;12;2;8;5;3;8;7;1;0;0;0
29-01-17 14:00;11;8;3;5;1;4;21;13;8;1;1;0;16;6;10;12;6;6;4;3;1;2;1;1;33;13;5;12;69;67;2;16;7;9;4;3;1;17;13;4;7;5;2;6;3;3;3;0;3
29-01-17 15:00;11;5;6;1;0;1;7;4;3;1;1;0;10;2;8;6;4;2;5;4;1;8;2;6;21;5;7;9;48;45;3;16;7;9;11;4;7;11;8;3;6;4;2;6;3;3;1;1;0
29-01-17 16:00;5;5;0;0;0;0;10;6;4;2;1;1;2;1;1;4;1;3;3;2;1;4;0;4;8;6;2;3;22;22;0;9;3;6;0;0;0;15;8;7;7;4;3;1;0;1;0;0;0
29-01-17 17:00;3;2;1;0;0;0;4;0;4;0;0;0;4;1;3;1;1;0;3;2;1;1;1;0;12;0;1;3;2;2;0;11;4;7;2;2;0;8;7;1;8;5;3;5;2;3;1;0;1
29-01-17 18:00;2;0;2;0;0;0;10;7;3;0;0;0;2;0;2;1;1;0;1;1;0;6;2;4;3;1;1;3;1;1;0;4;1;3;0;0;0;5;4;1;3;2;1;4;3;1;1;0;1
29-01-17 19:00;1;1;0;1;0;1;9;7;2;0;0;0;5;1;4;2;0;2;0;0;0;2;2;0;2;0;1;4;3;3;0;2;0;2;3;0;3;7;6;1;6;6;0;1;1;0;0;0;0
29-01-17 20:00;0;0;0;0;0;0;7;4;3;0;0;0;0;0;0;4;0;4;1;1;0;2;1;1;2;0;0;2;0;0;0;2;0;2;0;0;0;6;4;2;1;0;1;3;2;1;0;0;0
29-01-17 21:00;1;0;1;0;0;0;0;0;0;0;0;0;1;0;1;2;1;1;4;3;1;2;1;1;1;1;0;2;3;3;0;2;1;1;0;0;0;1;1;0;1;1;0;0;0;0;1;0;1
29-01-17 22:00;1;1;0;0;0;0;0;0;0;0;0;0;1;0;1;0;0;0;0;0;0;2;0;2;0;1;0;3;1;1;0;3;1;2;0;0;0;4;1;3;1;0;1;3;3;0;0;0;0
29-01-17 23:00;0;0;0;0;0;0;3;0;3;0;0;0;1;0;1;0;0;0;2;1;1;0;0;0;0;0;0;1;1;1;0;0;0;0;0;0;0;1;1;0;0;0;0;0;0;0;0;0;0
30-01-17 0:00;1;1;0;1;1;0;1;1;0;0;0;0;0;0;0;1;0;1;0;0;0;0;0;0;0;0;0;0;0;0;0;1;1;0;0;0;0;2;1;1;0;0;0;0;0;0;0;0;0
30-01-17 1:00;0;0;0;0;0;0;0;0;0;0;0;0;0;0;0;0;0;0;0;0;0;0;0;0;0;0;0;0;0;0;0;0;0;0;0;0;0;0;0;0;0;0;0;0;0;0;0;0;0
30-01-17 2:00;1;1;0;0;0;0;0;0;0;0;0;0;0;0;0;0;0;0;0;0;0;0;0;0;0;0;0;0;0;0;0;0;0;0;0;0;0;0;0;0;1;1;0;0;0;0;0;0;0
30-01-17 3:00;0;0;0;0;0;0;0;0;0;0;0;0;0;0;0;1;1;0;1;0;1;1;0;1;0;0;0;0;0;0;0;0;0;0;0;0;0;0;0;0;0;0;0;0;0;0;0;0;0
30-01-17 4:00;0;0;0;0;0;0;0;0;0;0;0;0;0;0;0;1;1;0;1;1;0;0;0;0;0;0;0;0;0;0;0;0;0;0;0;0;0;0;0;0;0;0;0;0;0;0;0;0;0
30-01-17 5:00;0;0;0;0;0;0;0;0;0;0;0;0;0;0;0;2;1;1;1;0;1;5;1;4;1;0;0;2;0;0;0;2;1;1;1;0;1;1;1;0;1;0;1;2;1;1;0;0;0
30-01-17 6:00;3;1;2;0;0;0;14;10;4;0;0;0;1;1;0;3;2;1;4;2;2;2;1;1;8;0;0;10;1;1;0;14;11;3;4;3;1;9;7;2;10;1;9;1;0;1;0;0;0
30-01-17 7:00;7;0;7;0;0;0;35;26;9;2;1;1;12;8;4;19;18;1;5;4;1;7;5;2;18;4;0;18;4;4;0;12;8;4;2;2;0;21;16;5;14;11;3;22;13;9;2;1;1
30-01-17 8:00;2;2;0;0;0;0;52;36;16;3;3;0;8;6;2;15;12;3;13;5;8;9;2;7;16;0;0;14;4;4;0;20;14;6;7;5;2;22;20;2;25;20;5;33;20;13;5;1;4
30-01-17 9:00;4;2;2;1;1;0;25;19;6;0;0;0;12;9;3;7;6;1;6;3;3;12;5;7;7;1;0;8;0;0;0;10;5;5;1;1;0;16;14;2;13;11;2;19;11;8;0;0;0
30-01-17 10:00;0;0;0;0;0;0;26;13;13;0;0;0;3;2;1;7;7;0;5;4;1;5;2;3;8;0;1;7;2;2;0;9;5;4;1;1;0;8;5;3;11;8;3;5;2;3;2;0;2
30-01-17 11:00;1;0;1;1;1;0;8;5;3;2;1;1;4;2;2;7;3;4;4;2;2;8;4;4;4;1;0;7;5;5;0;4;3;1;1;0;1;10;8;2;13;10;3;7;3;4;2;1;1
30-01-17 12:00;3;2;1;1;0;1;9;3;6;2;0;2;3;2;1;6;2;4;5;3;2;12;5;7;3;3;1;3;4;4;0;6;3;3;3;1;2;13;13;0;12;9;3;6;4;2;1;0;1
30-01-17 13:00;8;3;5;0;0;0;15;6;9;3;1;2;12;6;6;9;3;6;10;7;3;9;5;4;6;1;0;7;7;7;0;9;5;4;4;1;3;11;6;5;18;10;8;3;3;0;1;0;1
30-01-17 14:00;6;5;1;6;1;5;14;6;8;0;0;0;6;1;5;8;3;5;4;2;2;16;7;9;14;1;3;5;7;7;0;5;3;2;2;2;0;16;9;7;15;10;5;9;6;3;1;1;0
30-01-17 15:00;11;4;7;0;0;0;26;13;13;3;2;1;8;2;6;9;5;4;13;8;5;13;3;10;12;4;3;15;12;12;0;17;5;12;4;0;4;20;13;7;23;18;5;11;4;7;5;1;4
30-01-17 16:00;5;4;1;2;0;2;54;17;37;0;0;0;13;2;11;17;3;14;21;14;7;21;9;12;18;4;3;22;3;3;0;21;6;15;7;3;4;38;30;8;24;17;7;23;16;7;1;0;1
30-01-17 17:00;3;3;0;0;0;0;46;17;29;1;1;0;18;7;11;12;4;8;14;12;2;12;3;9;24;1;1;13;3;3;0;18;6;12;4;2;2;32;25;7;17;12;5;16;11;5;6;0;6
30-01-17 18:00;11;6;5;2;2;0;27;5;22;0;0;0;11;4;7;13;6;7;8;5;3;13;7;6;17;3;1;13;1;1;0;15;5;10;3;1;2;35;26;9;25;17;8;21;14;7;5;0;5
30-01-17 19:00;2;2;0;0;0;0;13;7;6;0;0;0;10;0;10;17;4;13;7;6;1;13;5;8;18;1;2;3;0;0;0;12;4;8;2;0;2;13;10;3;20;8;12;8;5;3;2;2;0
30-01-17 20:00;0;0;0;1;1;0;11;4;7;2;2;0;7;0;7;7;3;4;3;1;2;2;1;1;9;0;0;8;0;0;0;7;3;4;2;0;2;13;10;3;12;9;3;3;1;2;1;0;1
30-01-17 21:00;1;1;0;0;0;0;7;2;5;0;0;0;0;0;0;1;0;1;4;3;1;1;0;1;0;0;0;1;0;0;0;2;1;1;1;0;1;7;3;4;0;0;0;6;2;4;0;0;0
30-01-17 22:00;3;2;1;0;0;0;0;0;0;0;0;0;0;0;0;2;0;2;0;0;0;3;3;0;3;0;0;3;4;4;0;1;1;0;0;0;0;8;7;1;0;0;0;1;1;0;0;0;0
30-01-17 23:00;3;1;2;0;0;0;3;0;3;0;0;0;1;0;1;1;1;0;1;0;1;1;0;1;0;0;0;1;2;2;0;2;1;1;0;0;0;4;3;1;2;2;0;2;2;0;0;0;0
31-01-17 0:00;1;1;0;0;0;0;1;0;1;0;0;0;0;0;0;0;0;0;1;1;0;0;0;0;0;0;0;0;0;0;0;0;0;0;0;0;0;1;1;0;0;0;0;0;0;0;0;0;0
31-01-17 1:00;0;0;0;0;0;0;2;2;0;0;0;0;0;0;0;0;0;0;0;0;0;2;0;2;0;0;0;0;0;0;0;0;0;0;0;0;0;0;0;0;0;0;0;1;0;1;0;0;0
31-01-17 2:00;0;0;0;0;0;0;0;0;0;0;0;0;0;0;0;1;0;1;0;0;0;0;0;0;0;0;0;0;0;0;0;0;0;0;0;0;0;0;0;0;0;0;0;0;0;0;0;0;0
31-01-17 3:00;0;0;0;0;0;0;0;0;0;0;0;0;0;0;0;1;1;0;1;0;1;0;0;0;0;0;0;0;0;0;0;0;0;0;1;1;0;0;0;0;0;0;0;0;0;0;0;0;0
31-01-17 4:00;1;0;1;0;0;0;0;0;0;0;0;0;0;0;0;0;0;0;1;1;0;0;0;0;0;0;0;0;0;0;0;0;0;0;0;0;0;0;0;0;0;0;0;0;0;0;0;0;0
31-01-17 5:00;2;2;0;0;0;0;1;0;1;1;1;0;1;1;0;3;3;0;3;0;3;3;0;3;1;1;0;2;0;0;0;1;0;1;3;1;2;0;0;0;0;0;0;2;1;1;1;1;0
31-01-17 6:00;2;1;1;0;0;0;6;4;2;1;0;1;2;1;1;4;3;1;5;3;2;2;1;1;6;0;0;11;2;2;0;13;10;3;5;3;2;7;6;1;6;3;3;2;1;1;0;0;0
31-01-17 7:00;4;1;3;1;1;0;42;33;9;2;1;1;10;6;4;16;14;2;7;2;5;6;5;1;12;4;1;15;5;5;0;19;14;5;3;2;1;26;19;7;12;11;1;23;15;8;5;1;4
31-01-17 8:00;1;0;1;1;0;1;56;39;17;1;0;1;19;15;4;14;11;3;9;2;7;10;5;5;15;5;1;10;9;9;0;19;14;5;4;3;1;29;21;8;24;21;3;32;19;13;1;0;1
31-01-17 9:00;4;2;2;2;1;1;33;22;11;1;0;1;13;7;6;7;4;3;5;4;1;12;4;8;12;1;0;5;3;3;0;10;8;2;2;2;0;14;12;2;17;15;2;13;6;7;2;1;1
31-01-17 10:00;4;4;0;1;1;0;17;10;7;0;0;0;3;2;1;9;5;4;10;5;5;7;0;7;3;2;4;9;5;5;0;2;1;1;2;1;1;20;12;8;20;17;3;7;3;4;1;0;1
31-01-17 11:00;7;3;4;4;3;1;23;10;13;0;0;0;4;1;3;8;3;5;7;3;4;5;2;3;7;1;5;5;12;11;1;10;4;6;3;1;2;16;12;4;13;11;2;4;2;2;0;0;0
31-01-17 12:00;3;1;2;1;1;0;34;18;16;0;0;0;6;1;5;7;4;3;6;3;3;7;3;4;9;1;2;7;10;7;3;9;7;2;6;2;4;16;11;5;12;10;2;3;3;0;1;0;1
31-01-17 13:00;5;4;1;2;0;2;17;8;9;0;0;0;7;0;7;4;1;3;3;2;1;14;8;6;10;6;3;9;7;7;0;9;4;5;2;0;2;14;10;4;21;15;6;9;6;3;0;0;0
31-01-17 14:00;3;2;1;1;0;1;13;6;7;0;0;0;10;5;5;8;3;5;9;4;5;9;3;6;12;2;6;5;10;10;0;9;3;6;3;2;1;22;18;4;12;8;4;7;4;3;1;0;1
31-01-17 15:00;4;2;2;5;2;3;26;12;14;1;1;0;11;1;10;8;4;4;9;6;3;19;6;13;17;2;3;12;11;9;2;13;4;9;5;2;3;18;12;6;31;20;11;13;7;6;1;0;1
31-01-17 16:00;10;5;5;1;0;1;51;12;39;1;0;1;25;9;16;12;4;8;10;3;7;13;2;11;17;3;0;18;6;6;0;25;6;19;4;0;4;34;28;6;20;10;10;30;20;10;2;1;1
31-01-17 17:00;3;3;0;3;1;2;58;18;40;0;0;0;18;6;12;22;9;13;16;10;6;16;3;13;18;3;1;11;3;3;0;19;5;14;6;2;4;25;22;3;20;13;7;23;16;7;9;0;9
31-01-17 18:00;5;4;1;3;3;0;28;11;17;1;1;0;11;4;7;5;1;4;10;3;7;14;4;10;17;2;2;11;1;1;0;10;3;7;3;1;2;40;28;12;16;11;5;17;7;10;1;0;1
31-01-17 19:00;1;1;0;1;0;1;26;12;14;1;0;1;7;3;4;14;2;12;7;4;3;12;9;3;5;2;0;7;0;0;0;2;0;2;2;0;2;14;9;5;11;9;2;12;8;4;2;0;2
31-01-17 20:00;0;0;0;0;0;0;16;8;8;0;0;0;6;0;6;9;4;5;5;4;1;5;3;2;7;0;1;8;0;0;0;7;2;5;1;0;1;10;8;2;10;10;0;5;3;2;1;0;1
31-01-17 21:00;0;0;0;0;0;0;3;1;2;1;1;0;5;1;4;1;0;1;4;3;1;2;1;1;3;0;0;3;1;1;0;7;2;5;2;0;2;8;5;3;6;5;1;6;0;6;1;0;1
31-01-17 22:00;1;1;0;0;0;0;4;2;2;0;0;0;1;0;1;0;0;0;0;0;0;5;0;5;3;0;0;4;0;0;0;3;1;2;1;1;0;5;3;2;6;2;4;2;0;2;0;0;0
31-01-17 23:00;0;0;0;0;0;0;2;0;2;0;0;0;1;0;1;2;2;0;1;0;1;0;0;0;3;0;0;1;0;0;0;5;3;2;0;0;0;2;0;2;0;0;0;1;1;0;0;0;0
01-02-17 0:00;0;0;0;0;0;0;2;0;2;0;0;0;0;0;0;0;0;0;0;0;0;1;0;1;0;0;0;0;0;0;0;1;1;0;0;0;0;5;3;2;0;0;0;0;0;0;0;0;0
01-02-17 1:00;0;0;0;0;0;0;1;1;0;0;0;0;0;0;0;1;0;1;0;0;0;0;0;0;0;0;0;0;0;0;0;0;0;0;0;0;0;0;0;0;0;0;0;0;0;0;0;0;0
01-02-17 2:00;0;0;0;0;0;0;0;0;0;0;0;0;1;0;1;0;0;0;0;0;0;1;0;1;0;0;0;0;0;0;0;0;0;0;0;0;0;0;0;0;0;0;0;1;0;1;0;0;0
01-02-17 3:00;0;0;0;0;0;0;0;0;0;0;0;0;1;0;1;3;3;0;1;0;1;0;0;0;0;0;0;1;0;0;0;0;0;0;0;0;0;0;0;0;0;0;0;0;0;0;0;0;0
01-02-17 4:00;1;0;1;0;0;0;0;0;0;0;0;0;1;0;1;0;0;0;0;0;0;1;1;0;0;0;0;0;0;0;0;0;0;0;0;0;0;1;1;0;0;0;0;0;0;0;0;0;0
01-02-17 5:00;2;1;1;0;0;0;2;2;0;0;0;0;1;1;0;3;2;1;3;1;2;3;1;2;0;0;0;1;0;0;0;3;2;1;2;1;1;2;2;0;0;0;0;0;0;0;0;0;0
01-02-17 6:00;2;1;1;0;0;0;10;8;2;1;0;1;2;0;2;3;2;1;4;3;1;1;0;1;10;0;0;7;2;2;0;12;8;4;4;2;2;9;8;1;5;5;0;3;1;2;2;0;2
01-02-17 7:00;5;1;4;0;0;0;44;34;10;2;2;0;13;7;6;13;12;1;8;7;1;12;6;6;19;3;0;10;3;3;0;14;8;6;4;3;1;23;22;1;13;9;4;22;14;8;4;2;2
01-02-17 8:00;0;0;0;3;2;1;56;36;20;1;1;0;14;10;4;17;14;3;12;4;8;18;6;12;17;1;2;16;2;2;0;22;15;7;6;5;1;29;27;2;21;20;1;22;13;9;8;2;6
01-02-17 9:00;3;1;2;2;1;1;33;20;13;0;0;0;7;5;2;5;2;3;4;2;2;9;4;5;13;1;2;7;2;2;0;13;9;4;0;0;0;11;9;2;28;25;3;15;7;8;0;0;0
01-02-17 10:00;3;2;1;2;1;1;17;7;10;0;0;0;4;2;2;7;7;0;8;4;4;5;1;4;9;2;1;8;7;7;0;4;3;1;0;0;0;13;8;5;17;16;1;4;3;1;0;0;0
01-02-17 11:00;5;3;2;1;0;1;12;6;6;0;0;0;5;1;4;4;0;4;7;6;1;8;1;7;5;1;1;2;1;1;0;6;2;4;4;2;2;11;7;4;12;11;1;6;3;3;0;0;0
01-02-17 12:00;0;0;0;0;0;0;5;2;3;1;1;0;2;2;0;3;2;1;5;3;2;7;2;5;5;0;1;8;3;3;0;2;1;1;3;0;3;19;15;4;19;15;4;5;5;0;4;2;2
01-02-17 13:00;4;1;3;2;1;1;11;2;9;0;0;0;6;1;5;5;1;4;6;1;5;5;4;1;7;2;1;9;1;1;0;5;2;3;3;1;2;11;7;4;19;15;4;5;4;1;1;0;1
01-02-17 14:00;2;1;1;0;0;0;15;10;5;1;1;0;6;2;4;6;4;2;9;5;4;13;8;5;6;6;1;4;8;4;4;9;7;2;2;2;0;16;9;7;14;11;3;8;3;5;2;0;2
01-02-17 15:00;9;7;2;5;3;2;24;8;16;1;1;0;13;3;10;13;4;9;10;9;1;8;3;5;13;3;0;15;3;3;0;10;6;4;1;0;1;20;15;5;22;16;6;14;7;7;5;0;5
01-02-17 16:00;5;2;3;1;0;1;61;18;43;1;0;1;15;4;11;13;3;10;12;9;3;25;10;15;15;3;1;16;16;16;0;16;6;10;4;2;2;33;29;4;22;14;8;31;21;10;4;0;4
01-02-17 17:00;7;2;5;1;0;1;55;18;37;1;0;1;13;6;7;13;5;8;12;5;7;12;2;10;17;2;3;7;5;4;1;25;8;17;5;1;4;35;28;7;28;23;5;21;17;4;2;0;2
01-02-17 18:00;7;4;3;1;1;0;22;10;12;0;0;0;25;6;19;10;4;6;9;5;4;8;2;6;12;1;3;11;0;0;0;15;8;7;7;2;5;35;23;12;14;7;7;15;9;6;5;1;4
01-02-17 19:00;5;3;2;2;0;2;19;8;11;0;0;0;6;3;3;4;1;3;2;2;0;11;8;3;7;2;2;7;1;1;0;10;8;2;3;1;2;18;15;3;16;13;3;11;7;4;1;0;1
01-02-17 20:00;4;1;3;1;0;1;14;6;8;1;0;1;6;0;6;4;2;2;7;4;3;9;6;3;3;1;0;2;0;0;0;3;1;2;1;1;0;11;6;5;7;6;1;5;1;4;3;0;3
01-02-17 21:00;1;1;0;0;0;0;6;3;3;1;1;0;4;1;3;1;0;1;2;2;0;3;3;0;5;0;0;0;2;2;0;7;2;5;1;0;1;11;8;3;6;3;3;6;3;3;0;0;0
01-02-17 22:00;1;0;1;0;0;0;2;1;1;0;0;0;3;0;3;2;0;2;1;0;1;2;2;0;1;0;0;3;1;1;0;4;0;4;0;0;0;10;6;4;3;1;2;0;0;0;0;0;0
01-02-17 23:00;0;0;0;0;0;0;5;2;3;0;0;0;1;0;1;0;0;0;1;1;0;1;0;1;0;0;0;0;0;0;0;2;0;2;0;0;0;4;3;1;4;3;1;1;1;0;0;0;0
02-02-17 0:00;1;1;0;0;0;0;3;0;3;0;0;0;1;0;1;1;0;1;1;1;0;1;0;1;0;0;;0;0;0;0;1;1;0;0;0;0;4;4;0;0;0;0;0;0;0;1;0;1
02-02-17 1:00;0;0;0;0;0;0;0;0;0;0;0;0;0;0;0;0;0;0;0;0;0;2;0;2;0;0;;0;0;0;0;1;1;0;0;0;0;2;0;2;0;0;0;0;0;0;0;0;0
02-02-17 2:00;0;0;0;0;0;0;1;1;0;0;0;0;0;0;0;0;0;0;0;0;0;0;0;0;0;0;;0;0;0;0;0;0;0;0;0;0;0;0;0;0;0;0;1;0;1;0;0;0
02-02-17 3:00;0;0;0;0;0;0;0;0;0;0;0;0;0;0;0;2;2;0;2;0;2;0;0;0;0;0;;0;0;0;0;0;0;0;0;0;0;0;0;0;1;1;0;0;0;0;0;0;0
02-02-17 4:00;1;0;1;0;0;0;0;0;0;0;0;0;0;0;0;2;1;1;0;0;0;0;0;0;0;0;;1;0;0;0;0;0;0;0;0;0;0;0;0;0;0;0;0;0;0;0;0;0
02-02-17 5:00;0;0;0;0;0;0;1;1;0;0;0;0;0;0;0;2;2;0;3;1;2;3;0;3;1;0;;1;0;0;0;3;1;2;2;0;2;1;1;0;1;0;1;1;0;1;0;0;0
02-02-17 6:00;3;2;1;0;0;0;8;6;2;0;0;0;3;1;2;3;3;0;4;3;1;2;0;2;5;0;;4;3;3;0;11;8;3;3;2;1;10;7;3;6;5;1;1;1;0;3;1;2
02-02-17 7:00;6;1;5;2;2;0;40;29;11;4;3;1;13;8;5;15;14;1;7;5;2;13;5;8;18;3;;10;1;1;0;13;8;5;1;0;1;15;13;2;14;13;1;27;16;11;3;2;1
02-02-17 8:00;3;0;3;0;0;0;51;33;18;0;0;0;20;14;6;22;15;7;5;1;4;12;4;8;15;1;;13;3;3;0;20;13;7;6;5;1;31;26;5;22;18;4;21;11;10;5;2;3
02-02-17 9:00;4;2;2;1;0;1;23;17;6;0;0;0;5;4;1;8;3;5;3;3;0;8;3;5;11;4;;1;1;1;0;14;11;3;1;1;0;20;12;8;17;15;2;5;3;2;1;0;1
02-02-17 10:00;0;0;0;0;0;0;7;4;3;0;0;0;1;0;1;2;2;0;2;1;1;7;3;4;4;0;;1;1;1;0;3;1;2;2;2;0;11;6;5;4;4;0;1;1;0;0;0;0
02-02-17 11:00;1;1;0;0;0;0;8;2;6;0;0;0;4;2;2;3;3;0;0;0;0;7;5;2;2;0;;1;2;2;0;4;2;2;1;1;0;19;10;9;9;7;2;0;0;0;1;1;0
02-02-17 12:00;0;0;0;0;0;0;12;7;5;1;1;0;7;1;6;1;1;0;0;0;0;3;1;2;8;0;;2;9;8;1;2;1;1;9;3;6;15;6;9;13;11;2;2;2;0;0;0;0
02-02-17 13:00;0;0;0;1;0;1;12;5;7;0;0;0;6;0;6;4;2;2;5;1;4;6;3;3;2;0;;1;9;6;3;2;1;1;3;2;1;13;5;8;8;6;2;7;7;0;3;1;2
02-02-17 14:00;3;0;3;0;0;0;7;3;4;0;0;0;7;2;5;8;4;4;5;2;3;12;4;8;3;8;;6;0;0;0;8;4;4;1;1;0;10;7;3;14;9;5;3;2;1;0;0;0
02-02-17 15:00;3;3;0;0;0;0;19;6;13;1;1;0;3;0;3;14;4;10;11;5;6;10;1;9;7;2;;12;12;12;0;15;6;9;6;1;5;16;11;5;16;12;4;9;3;6;0;0;0
02-02-17 16:00;6;3;3;0;0;0;42;11;31;0;0;0;18;5;13;16;2;14;5;2;3;6;1;5;11;2;;17;2;2;0;20;6;14;4;4;0;26;23;3;16;8;8;19;16;3;2;0;2
02-02-17 17:00;6;6;0;1;0;1;51;22;29;0;0;0;14;3;11;13;3;10;9;9;0;14;5;9;11;3;;11;6;3;3;18;6;12;7;3;4;26;14;12;17;14;3;18;14;4;2;0;2
02-02-17 18:00;5;1;4;1;1;0;29;8;21;0;0;0;7;0;7;10;3;7;7;3;4;6;3;3;4;3;;7;2;2;0;7;1;6;3;0;3;21;12;9;9;9;0;11;6;5;3;1;2
02-02-17 19:00;1;0;1;0;0;0;23;9;14;0;0;0;6;2;4;4;2;2;2;1;1;9;5;4;1;0;;4;0;0;0;7;3;4;2;0;2;14;11;3;15;8;7;6;2;4;0;0;0
02-02-17 20:00;0;0;0;1;1;0;5;3;2;0;0;0;2;0;2;6;1;5;5;2;3;0;0;0;2;2;;2;1;1;0;1;0;1;3;3;0;7;4;3;6;3;3;6;2;4;1;0;1
02-02-17 21:00;9;4;5;0;0;0;6;3;3;0;0;0;4;0;4;2;0;2;0;0;0;4;2;2;1;0;;1;3;3;0;3;1;2;0;0;0;5;2;3;8;7;1;2;1;1;0;0;0
02-02-17 22:00;0;0;0;0;0;0;5;1;4;0;0;0;0;0;0;1;0;1;0;0;0;4;2;2;0;0;;1;2;2;0;3;0;3;0;0;0;10;6;4;3;0;3;1;0;1;0;0;0
02-02-17 23:00;0;0;0;0;0;0;0;0;0;0;0;0;1;1;0;0;0;0;0;0;0;4;2;2;0;0;;0;0;0;0;0;0;0;0;0;0;4;3;1;3;2;1;1;1;0;0;0;0
03-02-17 0:00;;;;;;;;;;;;;;;;;;;;;;;;;;;;;;;;;;;;;;;;;;;;;;;;;
03-02-17 1:00;;;;;;;;;;;;;;;;;;;;;;;;;;;;;;;;;;;;;;;;;;;;;;;;;
03-02-17 2:00;;;;;;;;;;;;;;;;;;;;;;;;;;;;;;;;;;;;;;;;;;;;;;;;;
03-02-17 3:00;;;;;;;;;;;;;;;;;;;;;;;;;;;;;;;;;;;;;;;;;;;;;;;;;
03-02-17 4:00;;;;;;;;;;;;;;;;;;;;;;;;;;;;;;;;;;;;;;;;;;;;;;;;;
03-02-17 5:00;;;;;;;;;;;;;;;;;;;;;;;;;;;;;;;;;;;;;;;;;;;;;;;;;
03-02-17 6:00;;;;;;;;;;;;;;;;;;;;;;;;;;;;;;;;;;;;;;;;;;;;;;;;;
03-02-17 7:00;;;;;;;;;;;;;;;;;;;;;;;;;;;;;;;;;;;;;;;;;;;;;;;;;
03-02-17 8:00;;;;;;;;;;;;;;;;;;;;;;;;;;;;;;;;;;;;;;;;;;;;;;;;;
03-02-17 9:00;;;;;;;;;;;;;;;;;;;;;;;;;;;;;;;;;;;;;;;;;;;;;;;;;
03-02-17 10:00;;;;;;;;;;;;;;;;;;;;;;;;;;;;;;;;;;;;;;;;;;;;;;;;;
03-02-17 11:00;;;;;;;;;;;;;;;;;;;;;;;;;;;;;;;;;;;;;;;;;;;;;;;;;
03-02-17 12:00;;;;;;;;;;;;;;;;;;;;;;;;;;;;;;;;;;;;;;;;;;;;;;;;;
03-02-17 13:00;;;;;;;;;;;;;;;;;;;;;;;;;;;;;;;;;;;;;;;;;;;;;;;;;
03-02-17 14:00;;;;;;;;;;;;;;;;;;;;;;;;;;;;;;;;;;;;;;;;;;;;;;;;;
03-02-17 15:00;;;;;;;;;;;;;;;;;;;;;;;;;;;;;;;;;;;;;;;;;;;;;;;;;
03-02-17 16:00;;;;;;;;;;;;;;;;;;;;;;;;;;;;;;;;;;;;;;;;;;;;;;;;;
03-02-17 17:00;;;;;;;;;;;;;;;;;;;;;;;;;;;;;;;;;;;;;;;;;;;;;;;;;
03-02-17 18:00;;;;;;;;;;;;;;;;;;;;;;;;;;;;;;;;;;;;;;;;;;;;;;;;;
03-02-17 19:00;;;;;;;;;;;;;;;;;;;;;;;;;;;;;;;;;;;;;;;;;;;;;;;;;
03-02-17 20:00;;;;;;;;;;;;;;;;;;;;;;;;;;;;;;;;;;;;;;;;;;;;;;;;;
03-02-17 21:00;;;;;;;;;;;;;;;;;;;;;;;;;;;;;;;;;;;;;;;;;;;;;;;;;
03-02-17 22:00;;;;;;;;;;;;;;;;;;;;;;;;;;;;;;;;;;;;;;;;;;;;;;;;;
03-02-17 23:00;;;;;;;;;;;;;;;;;;;;;;;;;;;;;;;;;;;;;;;;;;;;;;;;;
