Data;Al. USA - po³udnie;Al. USA - pó³noc;Banacha;Bazyliañska;Belwederska;Dworzec Wilenski (al. Solidarnoœci);Dworzec Wileñski Nowy( Targowa);Marsza³kowska;Most Gdanski - œcie¿ka rowerowa;Most Gdañski - ci¹g pieszo-rowerowy;NSR - Solec - ci¹g pieszo-rowerowy;NSR-Solec - œcie¿ka rowerowa;Praska sciezka rekreacyjna;Wybrze¿e Helskie;Wysockiego;Œwiêtokrzyska - Emilii Plater, p³d;Œwiêtokrzyska - Emilii Plater, p³n;¯wirki i Wigury/Trojdena;¯wirki i Wigury/Trojdena
2014-08-01;;;;;;;;;;;;;;;;;;;
2014-08-02;;;;;;;;;;;;;;;;;;;
2014-08-03;;;;;;;;;;;;;;;;;;;
2014-08-04;;;;;;;;;;;;;;;;;;;
2014-08-05;;;;;;;;;;;;;;;;;;;
2014-08-06;;;;;;;;;;;;;;;;;;;
2014-08-07;;;;;;;;;;;;;;;;;;;
2014-08-08;;;;;;;;;;;;;;;;;;;
2014-08-09;;;;;;;;;;;;;;;;;;;
2014-08-10;;;;;;;;;;;;;;;;;;;
2014-08-11;;;;;;;;;;;;;;;;;;;
2014-08-12;;;;;;;;;;;;;;;;;;;
2014-08-13;;;;;;;;;102;0;6;60;;;;;;;
2014-08-14;;;;;;;;;576;0;114;81;236;;;;;;
2014-08-15;;;;;;;;;2585;0;861;553;1611;;;;;;
2014-08-16;;;;;;;;;484;0;134;80;389;;;;;;
2014-08-17;;;;;;;;;1138;0;273;120;876;;;;;;
2014-08-18;;;;;;;;;971;0;172;126;475;;;;;;
2014-08-19;;;;;;;;;1248;0;224;129;675;;;;;;
2014-08-20;;;;;;;;;1334;0;262;173;852;;;;;;
2014-08-21;;;;;;;;;731;0;100;78;382;;;;;;
2014-08-22;;;;;;;;;1130;0;207;249;677;;;;;;
2014-08-23;;;;;;;;;2039;0;447;600;1536;;;;;;
2014-08-24;;;;;;;;;136;0;31;48;181;;;;;;
2014-08-25;;;;;;;;;983;0;135;292;503;;;;;;
2014-08-26;;;;;;;;;192;0;16;98;102;;;;;;
2014-08-27;;;;;;;;;604;0;37;247;285;;;;;;
2014-08-28;;;;;;;;;618;0;90;262;304;;;;;;
2014-08-29;;;;;;;;;1267;0;193;460;755;;;;;;
2014-08-30;;;;;;;;;1583;0;411;500;1140;;;;;;
2014-08-31;;;;;;;;;2124;0;551;637;1527;;;;;;
2014-09-01;;;;;;;;;648;0;37;228;308;;;;;;
2014-09-02;;;;;;;;;959;0;89;284;524;;;;;;
2014-09-03;;;;;;;;;1181;0;154;436;691;;;;;;
2014-09-04;;;;;;;;;1278;0;210;455;759;;;;;;
2014-09-05;;;;;;;;;1158;0;166;478;780;;;;;;
2014-09-06;;;;;;;;;2357;0;618;692;1951;;;;;;
2014-09-07;;;;;;;;;2616;0;867;842;2246;;;;;;
2014-09-08;;;;;;;;;1013;0;100;368;515;;;;;;
2014-09-09;;;;;;;;;828;0;69;285;401;;;;;;
2014-09-10;;;;;;;;;1008;0;1619;363;475;;;;;;
2014-09-11;;;;;;;;;477;0;61;234;183;;;;;;
2014-09-12;;;;;;;;;1276;0;191;459;688;;;;;;
2014-09-13;;;;;;;;;2531;0;1075;1410;2108;;;;;;
2014-09-14;;;;;;;;;3122;0;933;1263;2234;;;;;;
2014-09-15;;;;;;;;;1102;108;154;454;567;;;;;;
2014-09-16;;;;;;;;;498;579;123;484;557;;;;;;
2014-09-17;;;;;;;;;339;776;126;442;487;;;;;;
2014-09-18;;;;;;;;;267;822;141;418;509;;;;;;
2014-09-19;;;;;;;;;450;579;127;370;511;;;;;;
2014-09-20;;;;;;;;;851;605;298;463;1078;;;;;;
2014-09-21;;;;;;;;;474;378;153;255;706;;;;;;
2014-09-22;;;;;;;;;277;145;34;177;162;;;;;;
2014-09-23;;;;;;;;;217;76;20;135;124;;;;;;
2014-09-24;;;;;;;;;548;193;76;264;281;;;;;;
2014-09-25;;;;;;;;;398;144;53;237;230;;;;;;
2014-09-26;;;;;;;;;506;112;74;249;244;;;;;;
2014-09-27;;;;;;;;;930;361;215;352;827;;;;;;
2014-09-28;;;;;;;;;1603;688;438;659;1205;;;;;;
2014-09-29;;;;;;;;;662;198;93;365;369;;;;;;
2014-09-30;;;;;;;;;683;166;68;365;237;;;;;;
2014-10-01;;;;;;;;;455;88;51;287;209;;;;;;
2014-10-02;;;;;;;;;685;268;102;449;397;;;;;;
2014-10-03;;;;;;;;;662;193;105;410;452;;;;;;
2014-10-04;;;;;;;;;1317;417;350;561;1036;;;;;;
2014-10-05;;;;;;;;;1303;482;384;632;1213;;;;;;
2014-10-06;;;;;;;;;591;126;93;346;864;;;;;;
2014-10-07;;;;;;;;;594;114;80;399;365;;;;;;
2014-10-08;;;;;;;;;552;97;80;380;286;;;;;;
2014-10-09;;;;;;;;;882;255;185;470;588;;;;;;
2014-10-10;;;;;;;;;984;295;168;530;568;;;;;;
2014-10-11;;;;;;;;;1628;771;493;860;1349;;;;;;
2014-10-12;;;;;;;;;825;260;205;403;769;;;;;;
2014-10-13;;;;;;;;;826;184;123;504;342;;;;;;
2014-10-14;;;;;;;;;542;116;50;390;279;;;;;;
2014-10-15;;;;;;;;;663;136;90;419;254;;;;;;
2014-10-16;;;;;;;;;431;61;38;312;171;;;;;;
2014-10-17;;;;;;;;;320;34;23;224;117;;;;;;
2014-10-18;;;;;;;;;466;116;87;285;441;;;;;;
2014-10-19;;;;;;;;;1484;516;362;682;1299;;;;;;
2014-10-20;;;;;;;;;413;74;65;326;177;;;;;;
2014-10-21;;;;;;;;;325;44;33;248;104;;;;;;
2014-10-22;;;;;;;;;408;52;33;274;166;;;;;;
2014-10-23;;;;;;;;;200;34;32;187;100;;;;;;
2014-10-24;;;;;;;;;279;45;40;225;145;;;;;;
2014-10-25;;;;;;;;;221;36;23;115;213;;;;;;
2014-10-26;;;;;;;;;384;96;48;186;426;;;;;;
2014-10-27;;;;;;;;;374;75;50;237;160;;;;;;
2014-10-28;;;;;;;;;457;82;46;310;200;;;;;;
2014-10-29;;;;;;;;;444;95;44;291;190;;;;;;
2014-10-30;;;;;;;;;388;57;43;271;181;;;;;;
2014-10-31;;;;;;;;;338;39;37;232;216;;;;;;
2014-11-01;;;;;;;;;273;90;52;146;292;;;;;;
2014-11-02;;;;;;;;;515;144;132;229;588;;;;;;
2014-11-03;;;;;;;;;428;91;63;314;182;;;;;;
2014-11-04;;;;;;;;;436;105;70;354;204;;;;;;
2014-11-05;;;;;;;;;535;132;76;407;293;;;;;;
2014-11-06;;;;;;;;;517;114;68;348;179;;;;;;
2014-11-07;;;;;;;;;168;27;21;167;78;;;;;;
2014-11-08;;;;;;;;;78;14;9;71;119;;;;;;
2014-11-09;;;;;;;;;356;105;78;216;394;;;;;;
2014-11-10;;;;;;;;;209;53;47;176;134;;;;;;
2014-11-11;;;;;;;;;759;221;119;305;447;;;;;;
2014-11-12;;;;;;;;;283;36;25;257;96;;;;;;
2014-11-13;;;;;;;;;334;43;29;280;118;;;;;;
2014-11-14;;;;;;;;;255;40;39;241;117;;;;;;
2014-11-15;;;;;;;;;209;47;32;168;308;;;;;;
2014-11-16;;;;;;;;;283;45;36;142;354;;;;;;
2014-11-17;;;;;;;;;154;14;12;130;40;;;;;;
2014-11-18;;;;;;;;;204;19;18;181;93;;;;;;
2014-11-19;;;;;;;;;220;27;12;188;92;;;;;;
2014-11-20;;;;;;;;;215;23;15;169;78;;;;;;
2014-11-21;;;;;;;;;201;36;19;183;81;;;;;;
2014-11-22;;;;;;;;;211;58;54;118;256;;;;;;
2014-11-23;;;;;;;;;429;163;98;195;652;;;;;;
2014-11-24;;;;;;;;;241;35;23;182;134;;;;;;
2014-11-25;;;;;;;;;153;21;9;126;53;;;;;;
2014-11-26;;;;;;;;;232;36;15;153;102;;;;;;
2014-11-27;;;;;;;;;201;21;21;166;99;;;;;;
2014-11-28;;;;;;;;;167;18;13;125;65;;;;;;
2014-11-29;;;;;;;;;102;14;10;66;170;;;;;;
2014-11-30;;;;;;;;;84;13;17;61;246;;;;;;
2014-12-01;;;;;;;;;114;5;7;111;57;;;;;;
2014-12-02;;;;;;;;;155;19;20;105;102;;;;;;
2014-12-03;;;;;;;;;127;19;10;141;89;;;;;;
2014-12-04;;;;;;;;;180;20;13;134;103;;;;;;
2014-12-05;;;;;;;;;164;22;15;126;78;;;;;;
2014-12-06;;;;;;;;;84;27;19;57;178;;;;;;
2014-12-07;;;;;;;;;122;40;28;81;270;;;;;;
2014-12-08;;;;;;;;;151;20;13;137;69;;;;;;
2014-12-09;;;;;;;;;211;42;18;162;114;;15;;;;
2014-12-10;;;;5;;;;;157;14;10;142;80;273;31;;;;
2014-12-11;;;;22;;;;;149;21;27;136;108;289;34;;;;
2014-12-12;;;;3;;;;;162;31;25;127;101;286;30;;;;
2014-12-13;;;;2;;;;;140;36;29;89;228;247;16;;;;
2014-12-14;;;;1;;;;;66;17;6;36;151;91;4;;;;
2014-12-15;;;;19;;;;;164;52;22;159;98;387;29;;;;
2014-12-16;;;;31;;;;;169;21;25;132;97;340;41;;;;
2014-12-17;;;;16;;;;;167;38;8;142;103;313;28;;;;
2014-12-18;;;;10;;;;;154;13;17;109;55;290;20;;;;
2014-12-19;;;;2;;;;;100;15;11;88;65;209;15;;;;
2014-12-20;;;;1;;;;;107;27;21;56;160;161;11;;;;
2014-12-21;;;;4;;;;;96;21;13;46;211;134;7;;;;
2014-12-22;;;;2;;;;;37;5;5;18;24;108;8;;;;
2014-12-23;;;;4;;;;;29;3;4;15;18;76;4;;;;
2014-12-24;;;;1;;;;;20;4;2;26;30;55;5;;;;
2014-12-25;;;;0;;;;;47;24;7;12;99;57;3;;;;
2014-12-26;;;;0;;;;;12;2;3;4;203;43;0;;;;
2014-12-27;;;;1;;;;;6;2;6;5;169;27;2;;;;
2014-12-28;;;;1;;;;;11;2;2;7;174;42;0;;;;
2014-12-29;;;;0;;;;;26;8;5;26;84;109;4;;;;
2014-12-30;;;;0;;;;;32;8;7;41;127;116;9;;;;
2014-12-31;;;;2;;;;;40;2;10;35;207;105;6;;;;
2015-01-01;;;;3;;;;;41;14;9;25;181;49;3;;;;
2015-01-02;;;;0;;;;;47;2;4;51;80;105;1;;;;
2015-01-03;;;;3;;;;;78;19;16;53;169;102;9;;;;
2015-01-04;;;;7;;;;;99;33;10;51;289;131;17;;;;
2015-01-05;;;;1;;;;;112;26;21;87;165;200;12;;;;
2015-01-06;;;;3;;;;;45;27;25;35;627;115;5;;;;
2015-01-07;;;;0;;;;;46;12;8;52;51;143;11;;;;
2015-01-08;;;;2;;;;;53;9;7;68;90;158;6;;;;
2015-01-09;;;;0;;;;;59;12;1;65;34;136;10;;;;
2015-01-10;;;;0;;;;;76;13;1;38;128;86;5;;;;
2015-01-11;;;;0;;;;;64;15;13;40;219;105;7;;;;
2015-01-12;;;;3;;;;;68;13;10;66;81;184;5;;;;
2015-01-13;;;;6;;;;;157;37;19;127;121;266;15;;;;
2015-01-14;;;;8;;;;;127;18;11;125;91;274;12;;;;
2015-01-15;;;;10;;;;;159;27;16;154;93;298;16;;;;
2015-01-16;;;;5;;;;;260;58;32;168;204;351;23;;;;
2015-01-17;;;;5;;;;;322;122;60;164;496;436;23;;;;
2015-01-18;;;;0;;;;;156;59;29;101;438;198;14;;;;
2015-01-19;;;;0;;;;;119;23;13;106;101;218;22;;;;
2015-01-20;;;;2;;;;;104;12;11;71;85;180;9;;;;
2015-01-21;;;;2;;;;;134;18;3;110;94;244;14;;;;
2015-01-22;;;;1;;;;;148;35;16;106;95;261;18;;;;
2015-01-23;;;;0;;;;;64;5;5;53;84;151;12;;;;
2015-01-24;;;;1;;;;;80;16;11;59;240;122;7;;;;
2015-01-25;;;;1;;;;;63;20;15;34;305;89;6;;;;
2015-01-26;;;;7;;;;;61;4;10;62;74;172;9;;;;
2015-01-27;;;;3;;;;;112;12;7;79;96;201;12;;;;
2015-01-28;;;;2;;;;;119;16;10;87;107;172;7;;;;
2015-01-29;;;;7;;;;;123;11;10;81;113;184;19;;;;
2015-01-30;;;;5;;;;;124;18;10;72;124;187;20;;;;
2015-01-31;;;;2;;;;;44;11;1;26;213;66;2;;;;
2015-02-01;;;;3;;;;;136;50;37;66;719;145;14;;;;
2015-02-02;;;;7;;;;;130;26;21;105;93;206;11;;;;
2015-02-03;;;;6;;;;;140;25;19;129;119;229;22;;;;
2015-02-04;;;;4;;;;;167;25;17;123;144;253;19;;;;
2015-02-05;;;;3;;;;;97;17;8;91;94;191;14;;;;
2015-02-06;;;;4;;;;;156;13;15;86;106;234;18;;;;
2015-02-07;;;;6;;;;;67;9;2;50;205;94;9;;;;
2015-02-08;;;;2;;;;;60;3;9;30;467;72;7;;;;
2015-02-09;;;;4;;;;;74;6;5;58;89;154;9;;;;
2015-02-10;;;;5;;;;;84;7;13;88;58;176;17;;;;
2015-02-11;;;;3;;;;;147;24;15;106;85;226;16;;;;
2015-02-12;;;;4;;;;;154;26;24;138;105;279;29;;;;
2015-02-13;;;;3;;;;;221;53;30;165;213;315;19;;;;
2015-02-14;;;;8;;;;;442;190;86;260;697;462;42;;;;
2015-02-15;;;;4;;;;;166;30;40;132;459;198;20;;;;
2015-02-16;;;;3;;;;;148;13;20;170;125;309;16;;;;
2015-02-17;;;;5;;;;;151;21;13;143;143;278;24;;;;
2015-02-18;;;;2;;;;;171;15;21;166;126;270;15;;;;
2015-02-19;;;;7;;;;;114;18;15;121;81;244;18;;;;
2015-02-20;;;;3;;;;;315;101;47;245;223;348;30;;;;
2015-02-21;;;;9;;;;;338;118;74;223;423;369;42;;;;
2015-02-22;;;;7;;;;;437;149;115;256;673;470;47;;;;
2015-02-23;;;;11;;;;;235;50;46;261;144;419;34;;;;
2015-02-24;;;;6;;;;;241;34;40;243;132;406;32;;;;
2015-02-25;;;;4;;;;;240;44;41;212;139;402;33;;;;
2015-02-26;;;;3;;;;;187;32;38;189;112;349;26;;;;
2015-02-27;;;;4;;;;;271;39;30;251;109;391;41;;;;
2015-02-28;;;;7;;;;;322;112;76;183;376;377;39;;;;
2015-03-01;;;;14;;;;;513;187;139;355;724;581;68;;;;
2015-03-02;;;;2;;;;;200;31;37;200;122;397;37;;;;
2015-03-03;;;;4;;;;;175;16;27;164;107;338;21;;;;
2015-03-04;;;;1;;;;;138;25;26;89;77;237;14;;;;
2015-03-05;;;;6;;;;;171;25;26;180;101;331;16;;;;
2015-03-06;;;;10;;;;;217;35;35;190;120;325;25;;;;
2015-03-07;;;;9;;;;;184;77;49;149;299;296;20;;;;
2015-03-08;;;;30;;;;;639;310;207;451;1053;748;83;;;;
2015-03-09;;;;13;;;;;477;112;97;388;309;779;53;;;;
2015-03-10;;;;29;;;;;637;176;161;503;513;977;77;;;;
2015-03-11;;;;21;;;;;327;41;56;259;199;559;28;;;;
2015-03-12;;;;15;;;;;374;66;60;356;236;625;42;;;;
2015-03-13;;;;9;;;;;148;11;19;158;94;294;20;;;;
2015-03-14;;;;3;;;;;66;10;13;50;186;160;12;;;;
2015-03-15;;;;16;;;;;454;132;137;270;762;508;46;;;;
2015-03-16;;;;22;;;;;485;62;113;415;369;838;58;;;;
2015-03-17;;;;25;;;;;658;128;136;538;508;1100;66;;;;
2015-03-18;;;;22;;;;;587;99;142;476;482;948;66;;;;
2015-03-19;;;;25;;;;;617;160;155;488;410;1041;76;;;;
2015-03-20;;;;28;;;;;604;168;177;465;637;932;73;;;;
2015-03-21;;;;44;;;;;1059;494;407;760;1673;1227;101;;;;
2015-03-22;;;;6;;;;;269;85;86;182;767;416;29;;;;
2015-03-23;;;;18;;;;;426;83;92;344;275;744;56;;;;
2015-03-24;;;;40;;;;;730;183;192;644;563;1176;89;;;;
2015-03-25;;;;44;;;;;866;243;243;744;697;1464;103;;;;
2015-03-26;;;;31;;;;;410;71;89;406;244;788;71;;;;
2015-03-27;;;;18;;;;;498;85;117;425;288;876;65;;;;
2015-03-28;;;;22;;;;;367;103;121;299;530;609;48;;;;
2015-03-29;;;;43;;;;;962;443;364;693;1410;1299;114;;;;
2015-03-30;;;;13;;;;;200;25;33;189;125;414;29;;;;
2015-03-31;;;;15;;;;;194;14;35;194;137;426;23;;;;
2015-04-01;;;;6;;;;;114;12;21;113;60;217;14;;;;
2015-04-02;;;;18;;;;;200;32;49;199;166;417;18;;;;
2015-04-03;;;;11;;;;;152;45;29;120;129;285;21;;;;
2015-04-04;;;;12;;;;;206;56;55;139;307;234;26;;;;
2015-04-05;;;;4;;;;;27;24;13;30;158;74;8;;;;
2015-04-06;;;;19;;;;;221;96;61;128;399;262;41;;;;
2015-04-07;;;;15;;;;;440;113;88;327;407;678;47;;;;
2015-04-08;;;;31;;;;;608;104;131;460;355;987;56;;;;
2015-04-09;;;;49;;;;;872;249;273;673;885;1441;99;;;;
2015-04-10;;;;56;;;;;1172;346;354;895;1137;1761;130;;;;
2015-04-11;;;;123;;;;;2779;1476;1020;1906;3864;3132;239;;;;
2015-04-12;;;;84;;;;;1454;698;542;924;2535;1825;176;;;;
2015-04-13;;;;17;;;;;380;26;93;424;205;859;43;;;;
2015-04-14;;;;28;;;;;550;78;116;491;373;1033;54;;;;
2015-04-15;;;;40;;;;;566;81;120;540;332;912;78;;;;
2015-04-16;;;;61;;;;;996;248;267;812;829;1515;109;;;;
2015-04-17;;;;48;;;;;704;126;145;619;441;1125;80;;;;
2015-04-18;;;;33;;;;;306;104;73;276;496;456;36;;;;
2015-04-19;;;;28;;;;;336;116;124;276;660;482;58;;;;
2015-04-20;;;;40;;;;;586;90;141;488;424;1069;67;;;;
2015-04-21;;;;89;;;;;957;206;278;791;718;1506;129;;;;
2015-04-22;;;;123;;;;;1275;361;382;1017;1137;2010;199;;;;
2015-04-23;;;;120;;;;;1253;345;397;1043;1083;1974;207;;;;
2015-04-24;;;;124;;;;;1462;467;445;1286;1582;2260;210;;;;
2015-04-25;;;;203;;;;;3186;1712;1258;2169;3886;3575;348;;;;
2015-04-26;;;;72;;;;;776;299;163;531;1121;971;121;;;;
2015-04-27;;;;174;;;;;1814;632;494;1436;1239;2449;275;;;;
2015-04-28;;;;99;;;;;794;142;190;713;465;1466;171;;;;
2015-04-29;;;;89;;;;;717;162;204;592;437;1180;141;;;;
2015-04-30;;;;134;;;;;974;187;249;831;698;1585;199;;;;
2015-05-01;;;;78;;;;;865;368;385;536;1030;946;120;;;;
2015-05-02;;;;160;;;;;2120;927;965;1468;2013;2352;251;;;;
2015-05-03;;;;244;;;;;3199;1527;1475;2039;3591;3287;407;;;;
2015-05-04;;;;102;;;;;711;157;205;706;493;1251;169;;;;
2015-05-05;;;;219;;;;;1844;505;462;1446;1082;2509;340;;;;
2015-05-06;;;;56;;;;;318;70;69;345;176;624;76;;;;
2015-05-07;;;;185;;;;;1599;430;514;1297;1018;2365;267;;;;
2015-05-08;;;;210;;;;;1634;424;494;1444;1100;2520;302;;;;
2015-05-09;;;;219;;;;;2479;1347;1120;2163;2665;2922;340;;;;
2015-05-10;;;;65;;;;;477;178;221;362;658;622;77;;;;
2015-05-11;;;;155;;;;;1072;249;267;910;512;1752;225;;;;
2015-05-12;;;;231;;;;;1914;498;554;1496;1093;2822;332;;;;
2015-05-13;;;;147;;;;;1198;282;334;1065;687;1889;200;;;;
2015-05-14;;;;105;;;;;743;130;228;722;405;1253;149;;;;
2015-05-15;;;;120;;;;;885;183;245;914;526;1514;173;;;;
2015-05-16;;;;197;;;;;2611;1254;1307;1962;2425;2678;349;;;;
2015-05-17;;;;71;;;;;796;333;300;472;886;861;111;;;;
2015-05-18;;;;164;;;;;1328;332;476;1102;806;1975;252;;;;
2015-05-19;;;;141;;;;;1201;258;321;1022;615;1941;213;;;;
2015-05-20;;;;148;;;;;851;146;214;682;355;1401;193;;;;
2015-05-21;;;;114;;;;;724;127;172;600;356;1137;167;;;;
2015-05-22;;;;188;;;;;1609;444;450;1203;1057;2245;268;;;;
2015-05-23;;;;114;;;;;963;350;409;750;1459;1233;157;;;;
2015-05-24;;;;305;;;;;3144;1650;1732;2132;3110;3312;463;;;;
2015-05-25;;;;135;;;;;820;142;230;800;314;1604;199;;;;
2015-05-26;;;;94;;;;;611;92;115;597;237;1213;133;;;;
2015-05-27;;;;96;;;;;728;158;203;660;451;1192;166;;;;
2015-05-28;;;;176;;;;;1310;331;412;1179;747;2042;272;;;;
2015-05-29;;;3374;204;;1364;1189;;1645;517;583;1564;1060;2491;312;;;;
2015-05-30;;;2536;230;;1275;1163;;2290;1146;1529;1817;2342;2465;339;;;;
2015-05-31;;;3214;284;;1576;1371;;3450;1730;1636;2491;3112;3358;434;;;;
2015-06-01;;;4120;249;;1599;1330;;1925;575;663;1595;749;2918;376;;;;
2015-06-02;;;4403;290;;1767;1418;;2177;746;878;1857;1114;3165;406;;;;
2015-06-03;;;4161;240;;1784;1349;;1913;616;755;1748;1067;2937;373;;;;
2015-06-04;;;3522;355;;1920;1421;;4640;2564;2162;3346;3946;4280;616;;;;
2015-06-05;;;2846;279;;;1344;;2362;1030;1092;1896;1742;2787;378;;;;
2015-06-06;;;2414;247;;1434;1142;;3023;1461;1370;2398;2503;2859;413;;;;
2015-06-07;;;2514;235;;1547;1154;;2945;1612;1443;2057;2266;3133;418;;;;
2015-06-08;;;3385;211;;1411;1162;;1380;370;433;1267;647;2395;360;;;;
2015-06-09;;;3133;172;;1277;988;;1133;209;287;1137;474;2057;282;;;;
2015-06-10;;;3626;221;;1413;1171;;1779;476;583;1533;679;2654;358;;;;
2015-06-11;;;4407;282;;1829;1423;;2220;696;939;1954;1120;3317;454;;;;
2015-06-12;;;4092;317;;1836;1477;;2141;674;657;1845;1226;3093;420;;;;
2015-06-13;;;3176;278;;1542;1332;;3110;1706;1500;2478;2738;3367;436;;;;
2015-06-14;;;2647;236;;1415;1205;;2910;1684;1467;2154;2537;3087;399;;;;
2015-06-15;;;2609;202;;1081;961;;1176;381;427;980;618;1762;264;;;;
2015-06-16;;;3970;245;;1672;1287;;1818;529;636;1686;889;2816;404;;;;
2015-06-17;;;4080;293;;1727;1331;;1974;527;633;1838;916;3012;452;;;;
2015-06-18;;;3089;212;;;1097;;1368;261;451;1243;563;2170;301;;;;
2015-06-19;;;2189;141;;927;795;;976;299;357;1014;536;1529;225;;;;
2015-06-20;;;1663;176;;959;991;;2047;781;785;1341;1292;2179;293;;;;
2015-06-21;;;2700;249;;1124;1124;;3018;1478;1603;2222;2215;2830;377;;;;
2015-06-22;;;3424;231;;1502;1238;;1421;333;491;1353;594;2490;348;;;;
2015-06-23;;;2129;121;;845;651;;728;125;157;721;367;1381;180;;;;
2015-06-24;;;3730;230;;1497;1169;;1655;546;679;1666;914;2652;362;;;;
2015-06-25;;;4074;284;;1717;1326;;1964;540;785;1827;1023;2990;423;;;;
2015-06-26;;;3088;251;;1513;1109;;1652;499;554;1451;827;2506;334;;;;
2015-06-27;;;2269;249;;1350;1137;;2538;1279;1513;2424;2350;2753;407;;;;
2015-06-28;;;2827;300;;1536;1276;;3667;2017;1996;2637;2749;3517;473;;;;
2015-06-29;;;2760;217;;1146;966;;1153;238;352;1029;502;1875;281;;;;
2015-06-30;;;4268;299;;1780;1375;;2260;687;873;1888;1170;3083;435;;;;
2015-07-01;;;4547;360;;1955;1501;;2617;853;1039;2285;1407;3439;513;;;;
2015-07-02;;;4511;323;;1988;1490;;2638;855;1110;2221;1479;3659;467;;;;
2015-07-03;;;3869;279;;1833;1373;;2338;762;871;2103;1275;3292;451;;;;
2015-07-04;;;2197;230;;1205;1076;;2600;1368;1306;2204;2272;2793;341;;;;
2015-07-05;;;2227;174;;1226;940;;2586;1428;1403;2035;1854;2757;303;;;;
2015-07-06;;;3396;233;;1592;1249;;1626;514;602;1438;637;2620;352;;;;
2015-07-07;;;4565;291;;1901;1398;;2424;856;1069;2257;1244;3366;505;;;;
2015-07-08;;;2114;149;;946;788;;922;200;276;861;382;1484;216;;;;
2015-07-09;;;2686;180;;1253;985;;1206;333;406;1119;448;1993;265;;;;
2015-07-10;;;1999;106;;912;714;;723;128;170;740;294;1239;159;;;;
2015-07-11;;;1237;135;;786;885;;1182;555;635;988;1071;1449;228;;;;
2015-07-12;;;2710;264;;1370;1389;;3275;1840;1890;2652;2452;3191;418;;;;
2015-07-13;;;2355;174;;1020;831;;955;337;376;914;444;1618;231;;;;
2015-07-14;;;3006;216;;1291;1078;;1498;519;580;1390;691;2105;335;;;;
2015-07-15;;;3596;237;;1673;1260;;1962;643;771;1751;961;2609;415;;;;
2015-07-16;;;4042;299;;1829;1313;;2296;828;949;2156;1014;3119;483;;;;
2015-07-17;;;3596;289;;1749;1387;;2092;796;908;2058;1090;2902;389;;;;
2015-07-18;;;1924;212;;1152;1135;;2307;1104;1554;2117;1649;2472;326;;;;
2015-07-19;;;2021;228;;1179;1112;;2477;1438;1266;1963;1745;2334;358;;;;
2015-07-20;;;3141;203;;1262;1091;;1443;534;661;1293;680;2198;299;;;;
2015-07-21;;;3977;275;;1686;1446;;1695;744;804;1925;1050;3025;434;;;;
2015-07-22;;;4148;289;;1828;1452;;2065;876;1085;2312;1163;3269;454;;;;
2015-07-23;;;3339;199;;1534;1227;;1609;579;857;1668;803;2510;327;;;;
2015-07-24;;;3543;263;;1625;1309;;2027;691;804;2283;1123;2757;413;;;;
2015-07-25;;;1441;157;;825;878;;1417;679;864;1346;944;1578;215;;;;
2015-07-26;;;1448;149;;823;788;;1579;741;901;1241;1124;1588;222;;;;
2015-07-27;;;3154;214;;1441;1110;;1419;353;430;1324;606;2182;305;;;;
2015-07-28;;;2912;189;;1336;1036;;1395;290;427;1216;455;2044;262;;;;
2015-07-29;;;3436;245;;1586;1239;;1902;628;778;1677;809;2640;357;;;;
2015-07-30;;;3398;205;;1624;1160;;1692;497;738;1620;751;2513;314;;;;
2015-07-31;;;2873;197;;1460;1164;;1396;396;546;1389;611;2177;283;;;;
2015-08-01;;;2209;246;;1542;1257;;3158;1740;1739;2532;1978;3236;434;;;;
2015-08-02;;;2708;312;;1698;1253;;4775;2961;2082;3433;2251;4027;507;;;;
2015-08-03;;;3803;250;;1851;1344;;2091;1788;1124;2249;1079;3039;397;;;;
2015-08-04;;;;263;;1954;1388;;2255;1682;1216;2572;945;3213;408;;;;
2015-08-05;;;3859;273;;1832;1324;;1949;1407;1043;2280;766;2965;447;;;;
2015-08-06;;;3685;232;;1692;1231;;1779;1297;962;2118;839;2809;348;;;;
2015-08-07;;;3013;255;;1472;1120;;1511;1030;589;1772;707;2402;348;;;;
2015-08-08;;;1478;156;;960;899;;1605;1330;883;1876;1064;2029;224;;;;
2015-08-09;;;1544;177;;972;942;;1830;1620;1123;1674;1133;1899;268;;;;
2015-08-10;;;3598;257;;1663;1286;;1749;1248;862;1825;803;2705;415;;;;
2015-08-11;;;3928;288;;1795;1266;;1874;1332;868;2069;738;2912;402;;;;
2015-08-12;;;3715;255;;1788;1292;;2069;1261;813;2265;849;2920;411;;;;
2015-08-13;;;3411;228;;1687;1311;;1754;1198;830;1883;711;2708;348;;;;
2015-08-14;;;2638;229;;1487;1238;;1731;1251;817;1703;839;2440;318;;;;
2015-08-15;;;2107;213;;1401;944;;2919;2225;1509;2588;1760;2662;330;;;;
2015-08-16;;;1931;244;;1156;1000;;2605;2203;1375;2006;1446;2607;380;;;;
2015-08-17;;;3355;257;;1782;1293;;1987;1254;794;1729;715;2669;410;;;;
2015-08-18;;;3957;325;;1913;1432;;2146;1503;1051;2187;1119;3074;479;;;;
2015-08-19;;;4052;293;;1864;1405;;2259;1398;967;1931;1042;2991;446;;;;
2015-08-20;;;3847;246;;1790;1421;;1961;1374;907;1969;972;2921;406;;;;
2015-08-21;;;3345;234;;1654;1290;;1735;1282;770;1732;768;2525;350;;;;
2015-08-22;;;1867;224;;1184;1179;;2466;1855;1324;1992;1359;2420;357;;;;
2015-08-23;;;2549;257;;1531;1371;;3635;2661;1860;2802;2072;3369;461;;;;
2015-08-24;;;3809;314;;1773;1396;;1760;1289;839;1889;794;2865;404;;;;
2015-08-25;;;2382;143;;1114;862;;770;375;332;920;268;1641;238;;;;
2015-08-26;;;3920;289;;1852;1397;;1949;1398;1065;1996;960;2894;450;;;;
2015-08-27;;;4022;317;;1836;1392;;1911;1308;977;2096;747;3005;436;;;;
2015-08-28;;;3271;263;;1589;1310;;1519;929;667;1630;592;2632;367;;;;
2015-08-29;;;2289;264;;1449;1245;;3066;2366;1680;2535;1729;3147;403;;;;
2015-08-30;;;2573;273;;1630;1395;;3695;2879;1898;2737;2167;3556;501;;;;
2015-08-31;;;3919;260;;1812;1389;;1653;1086;934;1828;631;2868;453;;;;
2015-09-01;;;4072;233;;1910;1396;;1825;1066;978;2075;726;2943;431;;;;
2015-09-02;;;3254;175;;1532;1127;;1063;556;455;1240;382;2120;324;;;;
2015-09-03;;;3558;231;;1680;1281;;1476;923;674;1506;531;2624;420;;;;
2015-09-04;;;1725;114;;870;782;;661;378;263;740;238;1266;196;;;;
2015-09-05;;;2113;178;;1253;1213;;2330;1747;1159;1949;1367;2471;329;;;;
2015-09-06;;;1086;103;;671;613;;1063;809;510;885;790;1186;178;;;;
2015-09-07;;;875;39;;413;361;;214;86;60;270;47;583;58;;;;
2015-09-08;;;1728;95;;693;546;;535;257;175;572;192;1052;134;;;;
2015-09-09;;;2353;112;;1090;952;;1003;564;321;1054;423;1638;242;;;;
2015-09-10;;;2942;184;;1345;1014;;1459;718;464;1318;510;2015;297;;;;
2015-09-11;;;2719;134;;1198;980;;1170;496;351;1151;393;1816;246;;;;
2015-09-12;;;483;43;;368;390;;395;171;155;327;231;474;72;;;;
2015-09-13;;;1514;124;;795;650;;2007;1431;854;1140;1154;1643;265;;;;
2015-09-14;;;2688;153;;1141;917;;1001;552;327;1063;379;1789;254;;;;
2015-09-15;;;3202;233;;1362;1097;;1338;959;603;1404;543;2158;343;;;;
2015-09-16;;;3330;241;;1531;1224;;1503;1054;669;1568;629;2393;355;;;;
2015-09-17;;;3651;295;;1799;1342;;1699;1341;829;1693;788;2828;426;;;;
2015-09-18;;;2666;179;;1243;977;;1048;620;381;1101;461;1906;257;;;;
2015-09-19;;;2079;249;;1256;1458;;2576;1886;1145;1781;1447;2520;351;;;;
2015-09-20;;;1441;119;;832;885;;1428;1106;699;1071;1094;1533;225;;;;
2015-09-21;;;2196;134;;994;811;;740;331;221;818;231;1494;217;;;;
2015-09-22;;;2543;197;;1078;845;;1063;630;348;987;383;1787;315;;;;
2015-09-23;;;2926;218;;1224;1032;;1222;833;474;1249;501;2034;330;;;;
2015-09-24;;;2914;234;;1311;1075;;1323;902;486;1252;418;2125;328;;;;
2015-09-25;;;2263;168;;1073;885;;986;486;294;984;348;1607;262;;;;
2015-09-26;;;370;54;;277;296;;235;150;60;189;192;385;70;;;;
2015-09-27;;;1312;163;;770;748;;1672;1068;615;1096;998;1665;267;;;;
2015-09-28;;;2481;154;;1029;781;;844;462;218;940;251;1469;241;;;;
2015-09-29;;;2548;168;;966;798;;843;396;262;896;332;1536;234;;;;
2015-09-30;;;2467;146;;1068;831;;890;513;321;938;322;1564;229;;;;
2015-10-01;;;2486;174;;1011;814;0;942;481;317;903;323;1577;238;0;0;;
2015-10-02;;;2412;148;;982;818;0;904;470;248;912;376;1495;227;0;0;;
2015-10-03;;;1670;170;;910;899;0;1704;1481;883;1093;1250;1818;281;0;0;;
2015-10-04;;;2098;206;;1096;968;0;2483;1968;1170;1661;1724;2294;335;0;0;;
2015-10-05;;;2972;192;;1169;864;0;1139;718;401;1075;400;1716;286;0;0;;
2015-10-06;;;2516;167;;1008;818;0;831;368;255;770;276;1391;226;0;0;;
2015-10-07;;;2276;119;;761;629;0;682;286;169;709;241;1168;167;0;0;;
2015-10-08;;;2094;109;;728;608;0;659;264;164;626;225;1069;145;0;0;;
2015-10-09;;;1867;80;;667;583;0;576;254;165;537;196;908;146;0;0;;
2015-10-10;;;740;86;;397;399;0;542;443;214;356;484;664;102;0;0;;
2015-10-11;;;577;62;;327;317;0;462;330;167;331;507;496;76;0;0;;
2015-10-12;;;1344;52;;486;398;0;315;110;72;339;103;642;77;0;0;;
2015-10-13;;;1010;39;;344;259;0;210;53;42;253;49;435;54;0;0;;
2015-10-14;;;1525;71;;507;411;0;509;265;140;498;175;743;129;0;0;;
2015-10-15;;;1413;69;;486;389;0;363;154;95;416;129;735;93;0;0;;
2015-10-16;;;1276;61;;404;400;0;419;199;110;384;179;694;104;0;0;;
2015-10-17;;;234;18;;133;157;0;71;39;21;88;85;134;25;0;0;;
2015-10-18;;;149;4;;62;76;0;57;29;13;41;88;75;13;0;0;;
2015-10-19;;;1562;80;;528;429;0;504;260;152;466;187;786;126;0;0;;
2015-10-20;;;1480;75;;547;426;0;497;215;163;429;175;740;107;0;0;;
2015-10-21;;;1094;37;;319;257;0;283;87;63;253;73;459;47;0;0;;
2015-10-22;;;1495;90;;529;431;0;497;248;159;436;151;759;111;0;0;;
2015-10-23;;;1218;65;;450;400;0;383;172;99;368;132;601;91;0;0;;
2015-10-24;;;627;49;;305;370;0;461;328;162;340;485;612;82;0;0;;
2015-10-25;;;593;48;;272;310;0;453;360;194;335;520;536;66;0;0;;
2015-10-26;;;1584;73;;548;447;0;530;246;168;506;195;835;113;0;0;;
2015-10-27;;;1735;85;;570;471;0;583;263;191;527;215;907;135;0;0;;
2015-10-28;;;1694;69;;545;439;0;559;276;202;513;229;896;114;566;641;;
2015-10-29;;;1575;80;;507;412;312;523;197;157;488;166;786;106;1008;831;;
2015-10-30;;;1670;94;;551;488;434;582;342;188;496;218;932;134;1087;866;;
2015-10-31;;;662;64;;340;374;173;612;443;222;411;624;712;105;480;318;;
2015-11-01;;;584;46;;246;298;168;703;547;273;404;706;775;74;493;298;;
2015-11-02;;;1537;63;;532;436;346;503;242;233;386;232;857;148;997;857;;
2015-11-03;;;1776;53;;521;454;444;575;287;424;277;211;881;129;1060;818;;
2015-11-04;;;1562;49;;490;415;454;500;289;408;233;182;756;117;984;836;;
2015-11-05;;;1402;60;;442;379;421;388;179;287;236;97;674;89;893;712;;
2015-11-06;;;1207;72;;377;312;348;360;149;263;201;108;578;94;805;621;;
2015-11-07;;;401;24;;166;166;159;181;104;92;137;230;288;36;352;234;;
2015-11-08;;;467;33;;213;236;172;364;294;212;185;532;420;47;375;268;;
2015-11-09;;;1129;63;;348;290;338;298;130;160;196;58;512;77;710;574;;
2015-11-10;;;903;25;;280;236;293;178;59;93;141;47;331;48;596;436;;
2015-11-11;;;498;24;;176;190;230;403;321;179;176;435;414;49;511;283;;
2015-11-12;;;1149;59;;374;353;420;369;147;197;223;118;574;66;809;596;;
2015-11-13;;;1255;71;;416;341;404;454;224;194;313;156;571;86;838;672;;
2015-11-14;;;392;22;;195;214;140;225;132;82;163;280;305;45;331;214;;
2015-11-15;;;245;17;;121;104;80;201;116;53;118;281;222;22;169;137;;
2015-11-16;;;1281;67;;451;337;345;422;203;183;325;111;645;98;797;628;;
2015-11-17;;;1050;42;;338;256;292;263;82;104;189;78;428;60;591;520;;
2015-11-18;;;742;17;;209;166;209;153;46;63;128;56;250;28;438;358;;
2015-11-19;;;1050;26;;325;266;301;281;110;110;199;133;376;51;636;445;;
2015-11-20;;;973;41;;327;285;344;315;146;123;222;90;424;68;614;520;;
2015-11-21;;;371;28;;161;163;132;234;119;76;136;253;229;38;285;203;;
2015-11-22;;;389;33;;177;180;116;306;222;131;203;393;299;38;256;177;;
2015-11-23;;;1160;53;;391;291;311;312;169;147;258;128;503;72;711;576;;
2015-11-24;;;1113;39;;363;242;290;289;116;147;250;101;460;61;650;513;;
2015-11-25;;;1051;35;;348;234;265;305;146;116;237;129;447;55;674;493;;
2015-11-26;;;998;38;;318;253;273;256;126;134;203;117;398;58;638;437;;
2015-11-27;;;863;47;;281;256;281;248;88;123;195;116;379;60;530;456;;
2015-11-28;;;319;12;;122;135;105;146;106;52;106;242;210;24;261;147;;
2015-11-29;;;300;19;;150;153;95;226;199;118;147;417;268;33;205;174;;
2015-11-30;;;813;36;;251;203;245;209;87;96;155;73;315;48;536;394;;
2015-12-01;;;646;23;;226;145;191;164;53;71;139;79;284;37;388;324;;
2015-12-02;;;890;29;;304;236;251;243;133;139;184;84;372;58;547;438;;
2015-12-03;;;945;39;;329;270;311;314;157;152;203;133;435;66;618;465;;
2015-12-04;;;937;42;;359;297;288;341;178;160;187;148;428;58;617;487;;
2015-12-05;;;496;42;;227;243;196;352;299;195;224;520;423;68;377;263;;
2015-12-06;;;509;32;;218;239;180;566;394;242;240;748;472;52;350;252;;
2015-12-07;;;982;52;;368;291;345;348;166;222;180;141;449;68;643;511;;
2015-12-08;;;964;50;;326;265;317;281;97;243;101;108;434;74;601;478;;
2015-12-09;;;945;44;;325;219;296;315;117;232;88;102;387;47;604;443;;
2015-12-10;;;955;52;281;338;267;328;322;204;276;93;148;417;69;676;471;;
2015-12-11;;;846;47;227;289;236;309;255;121;233;80;133;355;63;561;398;;
2015-12-12;;;307;20;143;158;142;167;134;93;90;59;211;198;28;244;141;;
2015-12-13;;;107;6;39;41;54;50;42;22;25;22;114;81;9;114;59;;
2015-12-14;;;856;33;204;276;214;301;267;112;223;82;120;348;48;551;392;;
2015-12-15;;;765;25;223;261;223;267;204;78;186;74;102;318;39;474;370;;
2015-12-16;;;813;31;228;303;235;281;261;97;243;73;100;345;56;511;395;;
2015-12-17;;;767;36;217;257;206;272;234;102;213;48;97;302;47;467;342;;
2015-12-18;36;14;733;26;208;273;224;259;256;107;197;66;121;324;50;451;414;;
2015-12-19;52;18;425;33;283;212;196;175;287;217;167;133;288;293;41;362;269;;
2015-12-20;40;31;456;43;263;206;186;161;456;315;253;206;559;438;79;356;205;;
2015-12-21;33;12;710;33;234;305;241;271;209;104;197;72;83;324;39;524;411;;
2015-12-22;55;10;721;33;201;293;218;325;223;118;173;68;110;328;37;549;387;;
2015-12-23;59;24;601;38;231;287;222;302;288;167;187;105;152;377;55;538;407;;
2015-12-24;31;12;184;14;111;150;133;107;140;107;114;44;185;192;32;161;113;;
2015-12-25;26;16;164;7;144;72;66;58;202;164;121;75;273;165;22;122;84;;
2015-12-26;40;9;129;13;118;86;85;56;178;129;97;72;248;155;19;123;71;;
2015-12-27;67;29;287;37;209;168;131;118;409;330;237;152;478;384;46;260;142;;
2015-12-28;53;15;561;36;209;282;203;236;260;145;177;80;141;320;40;427;306;;
2015-12-29;52;23;448;20;164;223;164;202;210;82;148;56;193;308;45;391;301;;
2015-12-30;27;17;356;22;157;188;195;178;183;74;110;62;133;223;37;296;260;;
2015-12-31;23;8;244;18;120;160;114;113;139;63;75;46;283;169;27;204;113;;
2016-01-01;18;6;93;8;68;42;43;42;93;36;45;31;339;97;9;79;48;;
2016-01-02;18;4;89;5;31;44;42;36;55;15;19;25;201;65;10;75;50;;
2016-01-03;6;3;63;5;20;;31;23;48;11;13;17;222;45;6;46;21;;
2016-01-04;12;4;269;16;75;111;86;242;80;18;70;36;48;114;11;188;142;;
2016-01-05;18;6;263;8;83;122;83;115;94;26;68;39;81;113;22;216;165;;
2016-01-06;12;2;59;4;22;32;34;27;37;21;17;26;329;51;3;61;42;;
2016-01-07;19;3;400;12;104;110;66;141;93;33;79;52;77;154;14;274;182;;
2016-01-08;16;7;384;10;107;118;61;114;94;38;70;31;84;140;15;248;156;;
2016-01-09;7;4;122;6;41;57;59;63;56;26;24;24;171;68;9;124;84;;
2016-01-10;4;3;85;5;33;43;34;47;85;44;25;19;294;94;6;118;73;;
2016-01-11;6;2;371;15;114;119;87;118;96;17;49;45;35;151;28;262;179;;
2016-01-12;23;5;478;20;155;147;124;150;125;23;55;83;54;172;30;312;232;;
2016-01-13;24;8;444;22;125;142;117;157;112;21;56;67;59;168;27;287;230;;
2016-01-14;18;4;432;7;130;140;94;164;89;24;45;54;72;158;29;214;166;;
2016-01-15;10;7;410;14;114;155;105;132;90;46;85;48;73;135;29;268;167;;
2016-01-16;0;1;41;4;4;50;20;54;12;17;10;4;477;59;0;56;6;;
2016-01-17;0;0;40;1;3;50;12;19;11;13;12;2;561;46;0;49;1;;
2016-01-18;7;0;304;4;22;98;39;103;27;12;35;17;104;133;9;175;27;;
2016-01-19;17;0;335;0;67;96;36;112;27;21;29;38;167;122;12;195;49;;
2016-01-20;18;0;311;2;66;128;35;113;22;17;19;59;83;133;15;155;60;;
2016-01-21;10;0;337;1;76;113;26;122;15;9;23;49;120;124;19;238;147;;
2016-01-22;7;0;285;0;77;102;25;124;34;9;19;55;155;100;15;165;135;;
2016-01-23;2;0;115;0;36;60;12;42;17;22;18;29;563;69;5;72;31;;
2016-01-24;3;0;63;0;31;29;12;21;19;16;8;17;583;59;6;56;23;;
2016-01-25;15;0;286;0;82;110;47;130;59;7;19;58;42;100;16;215;169;;
2016-01-26;19;2;359;16;101;125;95;158;85;16;30;61;21;137;23;225;184;;
2016-01-27;33;9;472;14;148;144;116;173;148;68;78;65;46;182;25;309;221;;
2016-01-28;30;15;505;24;173;221;161;207;195;67;90;78;101;229;35;342;262;;
2016-01-29;33;8;533;27;214;216;183;228;258;105;137;105;160;302;53;366;336;;
2016-01-30;64;34;358;29;184;166;157;140;372;246;225;151;488;346;59;312;172;;
2016-01-31;27;5;150;14;77;94;74;65;148;84;62;68;283;130;18;124;85;;
2016-02-01;21;11;390;19;135;125;132;194;139;73;99;69;107;190;38;289;208;;
2016-02-02;26;9;436;22;148;146;164;181;130;67;105;68;92;179;38;304;245;;
2016-02-03;35;20;529;30;199;195;135;212;211;107;122;107;140;250;42;368;274;;
2016-02-04;22;7;456;27;155;158;126;189;130;70;81;56;123;177;34;302;242;;
2016-02-05;26;8;448;30;182;144;131;156;165;72;123;89;153;200;32;292;223;;
2016-02-06;25;19;218;25;141;138;151;89;192;156;130;88;353;217;39;200;130;;
2016-02-07;91;36;438;30;288;194;190;105;560;424;282;229;1048;446;74;299;186;;
2016-02-08;48;19;610;30;282;253;190;217;263;104;180;138;189;316;73;428;332;;
2016-02-09;37;28;708;30;308;259;87;259;262;145;184;161;184;341;84;463;370;;
2016-02-10;18;2;344;10;124;118;0;121;76;30;52;41;65;140;32;214;173;;
2016-02-11;25;6;291;14;113;112;0;145;84;36;58;42;84;122;25;225;166;;
2016-02-12;32;6;459;21;206;214;0;196;197;123;112;102;159;224;40;360;269;;
2016-02-13;54;18;277;27;152;155;;107;244;177;110;120;444;249;49;208;137;;
2016-02-14;76;37;357;51;249;183;;140;525;346;223;242;823;442;78;333;173;;
2016-02-15;60;24;604;42;224;238;;254;223;141;155;146;119;329;69;403;332;;
2016-02-16;73;15;672;32;258;251;;254;225;111;142;127;137;302;56;454;354;;
2016-02-17;69;21;651;32;286;217;;260;213;122;156;133;181;319;66;444;375;;
2016-02-18;67;22;642;40;304;263;;225;235;109;155;135;171;341;59;428;350;;
2016-02-19;24;7;315;14;109;123;;141;64;26;50;44;40;118;24;217;181;;
2016-02-20;24;18;176;19;142;105;;83;142;93;77;65;342;181;42;165;111;;
2016-02-21;30;9;180;11;110;99;;65;175;106;72;68;387;154;23;128;78;;
2016-02-22;35;3;409;9;144;149;;158;125;58;61;70;70;166;17;251;193;;
2016-02-23;59;26;670;24;264;240;;233;215;112;147;124;146;280;53;455;310;;
2016-02-24;66;27;624;22;234;217;;240;215;131;155;108;163;273;48;445;330;;
2016-02-25;30;37;687;27;247;234;;280;249;152;161;120;197;343;58;463;363;;
2016-02-26;25;22;557;11;222;221;;228;187;82;124;106;115;268;48;342;286;;
2016-02-27;38;18;261;29;188;161;;152;271;169;129;132;463;271;48;274;185;;
2016-02-28;75;21;327;34;165;159;;101;335;266;192;180;710;363;74;218;128;;
2016-02-29;37;30;590;27;160;214;0;208;162;92;108;93;97;251;49;362;273;;
2016-03-01;19;8;415;12;115;111;0;125;68;25;43;54;70;108;21;208;167;;
2016-03-02;28;20;535;23;188;142;0;203;152;64;88;90;127;200;45;318;285;;
2016-03-03;68;45;915;37;364;272;0;299;275;169;185;139;224;379;80;511;376;;
2016-03-04;58;27;775;41;260;226;0;303;222;125;180;107;116;330;54;438;370;;
2016-03-05;51;29;372;30;202;190;0;170;283;185;154;138;451;335;58;307;220;;
2016-03-06;41;12;283;15;135;154;0;142;247;130;90;96;368;271;42;232;163;;
2016-03-07;118;41;980;45;354;304;0;352;283;185;218;172;222;442;69;590;446;;
2016-03-08;71;34;973;41;343;300;0;332;297;163;197;174;205;445;67;584;470;;
2016-03-09;82;51;1110;55;390;315;0;411;361;216;250;197;223;485;83;676;534;;
2016-03-10;72;38;1022;35;374;304;0;362;277;147;172;174;195;458;57;641;476;;
2016-03-11;54;27;739;31;268;218;160;282;197;107;127;122;138;302;60;426;388;;
2016-03-12;61;44;411;33;336;226;218;204;279;207;190;183;493;347;67;344;258;;
2016-03-13;138;115;768;41;437;326;352;278;827;503;490;375;1499;744;80;551;349;;
2016-03-14;82;35;1038;34;342;323;243;342;296;135;201;159;209;429;63;591;463;;
2016-03-15;55;35;738;31;299;211;247;274;189;86;117;103;143;295;39;477;344;;
2016-03-16;87;61;1217;65;521;387;337;465;446;267;306;256;393;565;79;877;632;;
2016-03-17;85;45;1274;60;548;360;354;482;397;249;292;254;278;556;79;824;581;;
2016-03-18;67;49;984;29;348;290;259;398;311;153;197;148;187;407;52;618;499;;
2016-03-19;62;34;391;21;182;194;253;213;228;131;168;178;527;301;44;309;198;;
2016-03-20;49;38;366;26;185;192;200;182;299;202;154;166;610;321;45;301;201;;
2016-03-21;58;58;1217;54;440;367;301;425;384;222;242;194;323;513;83;790;611;;
2016-03-22;122;50;945;28;346;274;238;344;224;105;152;121;164;412;48;569;495;;
2016-03-23;178;78;1343;56;579;430;350;507;442;283;287;248;464;673;94;949;704;;
2016-03-24;190;110;1172;64;456;409;415;461;438;292;301;265;362;620;98;860;631;;
2016-03-25;186;84;805;51;332;382;363;374;361;237;202;211;307;474;77;660;469;;
2016-03-26;38;29;167;16;127;88;110;80;117;93;49;85;182;158;30;165;102;;
2016-03-27;148;117;395;63;376;242;226;229;589;491;374;324;908;552;96;399;231;;
2016-03-28;374;312;1064;117;699;512;456;350;1528;1079;819;632;1775;1248;201;811;424;;
2016-03-29;170;79;1003;66;341;374;318;367;364;195;222;219;220;541;91;671;526;;
2016-03-30;235;140;1508;59;642;521;444;571;507;308;378;251;338;722;112;980;778;;
2016-03-31;253;142;1626;99;661;591;545;620;645;397;407;367;430;898;118;1118;810;;
2016-04-01;179;106;991;39;329;353;334;386;405;238;244;230;277;488;74;691;509;;
2016-04-02;587;379;1748;133;1100;881;746;666;1815;1507;1160;1090;1985;1571;250;1386;847;;
2016-04-03;848;581;2483;210;1683;1083;889;784;2660;1999;1352;1624;2839;2368;352;1673;1039;;
2016-04-04;570;447;2833;198;1312;1197;1032;1020;1448;923;803;909;1043;1904;280;1965;1323;;
2016-04-05;740;514;3639;242;1554;1331;1118;1114;1882;1432;1041;1299;1365;2257;363;2385;1664;;
2016-04-06;365;260;2561;136;1070;947;720;883;884;500;494;629;457;1310;194;1638;1312;;
2016-04-07;523;347;2753;157;1245;1058;902;955;1309;818;626;936;726;1668;251;2067;1438;;
2016-04-08;260;195;1822;94;750;723;628;741;607;363;303;426;349;970;137;1369;1039;;
2016-04-09;244;225;968;85;575;449;490;431;599;388;321;420;744;730;115;844;546;;
2016-04-10;189;162;528;55;328;328;261;275;434;283;226;222;602;490;78;495;287;;
2016-04-11;400;261;2561;118;963;856;746;853;945;523;458;668;515;1260;190;1637;1219;;
2016-04-12;366;276;2106;127;872;771;677;723;870;537;500;546;528;1127;172;1526;1039;;
2016-04-13;530;320;2900;166;1212;1006;829;971;1201;870;708;873;788;1606;251;2004;1373;;
2016-04-14;452;289;2651;146;1057;912;837;884;950;604;475;760;512;1413;200;1816;1238;;
2016-04-15;518;354;2777;164;1248;1040;920;991;1157;830;655;902;791;1546;240;1923;1498;;
2016-04-16;574;468;1901;238;1217;929;976;681;1953;1569;1169;1208;1933;2079;295;1557;1038;;
2016-04-17;1142;733;2800;262;1530;1447;1087;944;3259;2522;1891;1988;3287;2941;439;1977;1386;;
2016-04-18;432;345;2818;185;1195;1072;894;981;1073;707;580;814;559;1554;248;1902;1459;;
2016-04-19;296;190;2271;127;843;811;648;784;719;348;354;532;319;1088;136;1464;1116;;
2016-04-20;316;220;1997;82;757;711;606;732;622;339;290;480;385;1006;126;1442;1062;;
2016-04-21;520;298;2866;38;1206;1073;969;1046;1181;828;741;912;706;1675;238;2018;1439;;
2016-04-22;356;250;2217;0;910;838;818;901;754;480;463;679;584;1250;161;1567;1256;;
2016-04-23;623;362;1681;0;1075;898;856;697;1567;1283;923;1025;1427;1603;255;1475;914;;
2016-04-24;372;263;1252;0;687;589;518;451;836;578;453;594;981;929;121;889;516;;
2016-04-25;370;216;2267;0;814;746;609;802;747;429;343;496;374;1081;171;1504;1133;;
2016-04-26;559;357;2943;0;1228;1159;923;1075;1186;850;632;870;733;1644;4;2021;1424;;
2016-04-27;148;82;1289;0;399;411;349;456;281;147;174;213;128;549;0;843;647;;
2016-04-28;385;230;2223;0;897;768;683;868;763;518;419;597;468;1097;0;1556;1104;;
2016-04-29;503;295;2572;0;1073;965;923;968;1106;746;565;796;708;1524;0;1955;1294;;
2016-04-30;341;266;1038;0;576;586;640;445;878;614;473;584;897;893;0;844;568;;
2016-05-01;667;392;1523;0;1013;753;752;689;2126;1556;1090;1344;2124;1867;0;1336;793;;
2016-05-02;706;390;2034;0;926;1056;839;753;1633;1491;1027;1019;1274;1672;0;1432;994;;
2016-05-03;859;538;2214;0;1288;1005;783;636;2489;1766;1562;1435;2002;2356;0;1396;822;;
2016-05-04;510;288;3037;0;1164;1148;881;1125;1259;836;634;781;575;1806;0;2062;1396;;
2016-05-05;928;585;4055;0;1726;1594;1238;1358;2068;1549;1164;1575;1310;2566;0;2881;2043;256;1227
2016-05-06;841;507;3845;0;1742;1514;1201;1411;1918;1326;1051;1664;1174;2477;0;2887;2075;366;1645
2016-05-07;1218;744;3352;0;2007;1648;1397;1401;4027;3014;2269;2811;2858;3573;0;2644;1874;386;1555
2016-05-08;1119;697;3020;0;1650;1513;1338;1044;3873;2886;1941;2292;2855;3252;0;1974;1398;362;1514
2016-05-09;914;531;4064;0;1629;1635;1268;1408;1778;1257;1066;1463;1056;2552;0;2958;2027;472;1672
2016-05-10;1094;647;4598;0;2078;1910;1483;1547;2353;1773;1295;1890;1236;3132;0;3381;2364;610;1851
2016-05-11;810;458;3939;0;1645;1487;1116;1331;1660;1148;925;1402;850;2387;0;2890;2004;463;1527
2016-05-12;920;607;4426;0;1838;1665;1393;1416;1799;1306;1069;1534;1154;2669;0;3187;2198;513;1758
2016-05-13;622;366;3286;0;1248;1330;1076;1210;1180;711;674;1136;602;1923;0;2478;1818;429;1296
2016-05-14;342;193;973;0;595;596;573;521;696;484;452;604;779;794;0;1037;668;178;507
2016-05-15;555;365;1519;0;983;736;627;678;1495;1204;1063;1084;1322;1382;0;1315;812;264;859
2016-05-16;368;223;2574;0;946;888;727;819;670;346;352;645;261;1232;0;1622;1181;280;1006
2016-05-17;308;181;2150;0;790;696;588;747;471;242;264;514;237;1008;0;1425;1008;262;916
2016-05-18;514;259;2661;0;1065;962;823;1034;1095;694;534;863;511;1502;0;1939;1504;330;1145
2016-05-19;806;468;3903;0;1642;1427;1099;1319;1666;1307;1084;1474;960;2424;0;2915;2008;447;1859
2016-05-20;866;538;4063;0;1655;1601;1291;1489;1894;1413;1105;1691;1199;2586;0;2845;2143;393;1895
2016-05-21;1008;605;3001;0;1702;1581;1400;1063;3173;2680;2119;2626;2518;3092;0;2343;1510;381;1764
2016-05-22;1537;853;3868;0;2175;1996;1641;1228;5285;3916;3443;3859;3670;4512;0;2785;1807;504;2369
2016-05-23;1179;666;4891;;1906;1920;1542;1735;2374;1687;1360;2023;1288;3130;0;3432;2263;638;2370
2016-05-24;1129;656;5123;;2299;1963;1563;1697;2394;1694;1346;2191;1379;3298;0;3530;2582;626;2531
2016-05-25;673;344;3772;;1469;1538;1212;1328;1325;844;627;1299;511;2235;0;2755;1905;491;1853
2016-05-26;1370;837;2977;;1928;1698;1488;1137;4589;3173;2505;3482;3260;;0;2377;1618;460;2100
2016-05-27;588;288;1784;;927;1052;892;722;1219;931;607;909;719;;0;1428;1134;276;982
2016-05-28;1044;612;2679;;1439;1468;1313;1025;3448;2751;2221;2486;2100;;0;2193;1389;324;1582
2016-05-29;1120;695;2894;;1668;1645;1428;1054;4125;2979;2407;2859;2520;;0;2234;1432;480;1922
2016-05-30;802;490;4144;;1683;1765;1381;1363;1762;1144;804;1529;775;1721;274;2938;2118;558;2042
2016-05-31;706;365;3625;;1398;1381;1090;1268;1325;745;623;1206;512;2136;310;2409;1761;441;1754
2016-06-01;634;347;3330;200;1302;1334;1137;1209;1164;658;596;1060;478;1907;314;2420;1778;410;1602
2016-06-02;964;504;4064;253;1784;1756;1451;1500;1974;1382;1145;1649;1070;2711;440;3105;2251;543;2137
2016-06-03;1017;492;4558;327;1936;1973;1597;1636;2311;1588;1288;2174;1147;3056;472;3359;2447;592;2341
2016-06-04;1054;642;2740;320;1685;1507;1399;1383;2901;2178;1701;2496;1792;2900;444;2523;1769;431;1600
2016-06-05;1435;932;3896;409;2260;2025;1638;1217;5195;3595;2780;3791;3111;4379;624;2912;1897;519;2368
2016-06-06;853;485;4382;269;1685;1828;1401;1435;1638;933;800;1522;671;2648;400;3039;2168;532;2053
2016-06-07;1132;632;4729;307;2025;2002;1580;1541;2247;1396;1157;1997;1079;3152;478;3417;2401;665;2567
2016-06-08;1090;673;4968;375;2096;2199;1681;1725;2427;1703;1306;2136;1193;3324;514;3593;2589;616;2694
2016-06-09;901;497;3985;282;1637;1739;1361;1429;1703;1080;891;1625;890;2464;394;2934;2071;520;2105
2016-06-10;557;322;3154;185;1215;1319;1067;1182;949;685;539;1118;487;1843;261;2354;1758;425;1678
2016-06-11;791;432;2364;226;1167;1331;1346;1048;2366;1455;1352;1729;1532;2364;316;1908;1283;315;1459
2016-06-12;999;573;2750;274;1549;1447;1213;986;3220;2271;1809;2545;1989;2940;453;2049;1371;406;1776
2016-06-13;1066;529;4447;324;1874;1955;1487;1535;1878;1364;996;1734;877;2948;484;3240;2170;588;2479
2016-06-14;891;465;4319;315;1850;1802;1407;1461;1627;1013;744;1544;805;2561;397;3056;2225;578;2244
2016-06-15;888;507;4001;267;1646;1660;1271;1490;1821;1210;947;1567;852;2503;394;3017;2043;554;2167
2016-06-16;908;547;4248;290;1710;1853;1476;1571;1727;1242;908;1570;841;2754;405;3107;2142;560;2257
2016-06-17;580;358;3067;164;1227;1291;1104;1119;1000;658;477;1101;361;1798;260;2307;1655;415;1529
2016-06-18;929;590;2890;311;1636;1573;1480;1140;2980;2195;1637;2391;2062;2959;410;2264;1567;350;1761
2016-06-19;1256;735;3715;435;1892;1927;1604;1102;5091;3523;2448;3468;3111;4333;605;2738;1608;454;2275
2016-06-20;233;143;971;60;402;490;457;394;277;183;203;342;163;575;16;774;578;152;493
2016-06-21;891;502;3824;226;1461;1644;1392;1132;1603;965;770;1620;391;2230;304;2684;1905;501;2011
2016-06-22;1165;679;5055;364;2136;2140;1655;1421;2718;1675;1239;2334;929;3458;311;3681;2547;627;2880
2016-06-23;1150;609;4704;317;2015;2134;1732;1461;2275;1510;1120;2322;946;3150;315;3644;2418;618;2659
2016-06-24;958;487;4084;297;1697;1909;1477;1265;2221;1381;974;2234;943;2882;256;3151;2234;544;2377
2016-06-25;658;394;2017;194;1027;1146;1078;746;2776;1406;1017;1972;1101;2273;298;1790;1220;313;1223
2016-06-26;511;343;1484;112;798;804;756;460;1520;1145;785;1211;883;1516;425;1165;809;216;966
2016-06-27;875;527;4261;269;1628;1849;1419;1407;1750;1192;781;1555;940;2654;369;2973;2056;567;2266
2016-06-28;959;567;4093;301;1731;1714;1334;1406;1856;1270;908;1840;814;2666;379;2979;2134;574;2237
2016-06-29;1073;577;4678;326;2006;2061;1590;1554;2138;1476;1068;2184;1032;3157;389;3408;2389;625;2665
2016-06-30;854;459;4141;276;1671;1842;1441;1381;1801;1267;790;1943;747;2821;391;3020;2253;597;2377
2016-07-01;872;523;3604;268;1617;1835;1372;1161;1972;1434;925;1983;961;2696;319;2787;2142;517;2163
2016-07-02;832;471;2421;249;1404;1291;1222;950;2879;2179;1543;2214;1616;2764;371;2020;1278;348;1583
2016-07-03;565;288;1173;175;669;760;644;474;1333;961;866;1057;1079;1293;529;1132;712;240;846
2016-07-04;924;513;4160;265;1717;1795;1457;1428;1875;1359;927;1760;880;2795;398;3054;2217;569;2280
2016-07-05;1102;574;4488;304;2021;2070;1557;1566;2151;1569;1082;2016;957;3041;393;3329;2440;620;2696
2016-07-06;441;214;2609;127;1030;1141;872;904;803;276;297;815;281;1443;406;1851;1382;328;1417
2016-07-07;405;313;2194;123;949;938;996;892;1037;421;482;904;313;1328;382;1565;1267;295;1261
2016-07-08;854;626;3792;285;1544;1749;1576;1512;386;1415;1169;2268;142;2892;281;2746;2041;565;2255
2016-07-09;460;358;1391;146;748;718;904;798;2753;754;924;1102;98;1329;355;1390;940;267;943
2016-07-10;1042;581;2601;260;1712;1421;1338;980;2793;2575;1900;2437;1682;3085;507;2184;1498;346;1744
2016-07-11;734;398;3730;239;1453;1689;1341;1390;1447;1011;671;1463;555;2533;399;2850;2162;474;2074
2016-07-12;641;375;3079;168;1391;1380;1140;1290;1814;650;517;1227;455;1841;372;2426;1813;416;1819
2016-07-13;692;371;2148;204;1037;958;855;867;1869;949;647;1142;556;1379;382;1871;1370;297;1377
2016-07-14;479;278;2010;137;900;851;824;830;1713;540;380;793;395;1344;378;1675;1262;285;1139
2016-07-15;500;269;1978;140;948;813;766;851;1398;670;511;882;494;1320;284;1717;1323;278;1190
2016-07-16;674;362;1781;187;1109;1146;1140;766;2850;1601;1083;1730;1228;1943;362;1636;1119;272;1000
2016-07-17;603;384;1598;191;1036;983;1029;734;2688;1613;1177;1324;1694;1945;520;1502;1119;276;1197
2016-07-18;661;403;3096;183;1312;1309;1054;1117;1338;730;573;1169;640;1906;374;2316;1651;440;1787
2016-07-19;864;512;3497;271;1606;1529;1222;1265;1859;1147;860;1530;658;2366;366;2631;2047;499;2042
2016-07-20;1044;678;4403;304;1999;1867;1520;1548;1885;1560;1159;2211;704;2928;377;3333;2460;556;2559
2016-07-21;1058;582;4283;313;1939;1897;1459;1864;1709;1670;1124;2238;603;3233;372;3400;2499;520;2455
2016-07-22;776;413;3314;236;1468;1509;1203;1351;1498;1104;694;1671;639;2532;287;2593;2043;475;1924
2016-07-23;898;481;2282;240;1511;1343;1336;1083;2818;2344;1503;2567;1018;2799;352;2115;1516;324;1391
2016-07-24;1177;586;2741;316;1718;1489;1471;998;2085;3006;2064;2971;1339;3114;497;2332;1650;360;1741
2016-07-25;962;462;3758;303;1684;1761;1303;1386;1604;1470;824;1764;759;2637;386;2829;2156;551;2384
2016-07-26;973;461;3742;260;1544;1599;1278;1361;1924;1460;856;2121;723;2671;380;2880;2261;478;2232
2016-07-27;837;394;3456;237;1502;1516;1211;1276;1676;1143;644;1548;648;2346;392;2745;2110;464;2063
2016-07-28;950;532;3527;283;1600;1556;1280;1278;1565;1211;814;1714;520;2458;382;2829;2100;459;2075
2016-07-29;647;394;2852;212;1221;1395;1114;1134;1317;890;575;1351;566;1985;293;2407;1779;380;1588
2016-07-30;687;453;1950;178;1230;1159;1125;912;2827;1637;1170;1933;995;2162;362;1891;1328;302;1169
2016-07-31;730;397;2048;183;1297;1128;1008;819;2229;2063;1400;2036;1455;2470;513;1718;1160;253;1344
2016-08-01;556;308;1685;160;942;906;835;1120;1570;715;461;856;713;1290;390;1844;1326;282;1052
2016-08-02;1070;566;4048;298;1757;1779;1375;1483;1938;1540;1068;2101;702;2862;379;3219;2356;507;2397
2016-08-03;966;513;3982;296;1829;1722;1406;1562;1559;1477;934;2004;554;2837;393;3240;2354;501;2327
2016-08-04;850;458;3201;270;1441;1384;1229;1301;1508;1262;836;1791;464;2314;381;2717;1907;479;1858
2016-08-05;811;482;3342;222;1421;1497;1218;1272;1154;1337;803;1758;465;2334;292;2773;2005;350;1791
2016-08-06;353;185;1025;104;604;609;663;597;2813;599;457;797;838;979;360;1322;734;180;591
2016-08-07;923;567;2428;266;1585;1317;1272;1100;2453;2493;1751;2587;1548;2875;511;2220;1479;348;1570
2016-08-08;1026;612;3999;335;1728;1691;1391;1370;1493;1678;1003;1977;671;2906;388;3045;2215;566;2381
2016-08-09;547;284;2700;169;1049;1103;943;944;1888;602;389;1025;642;1578;378;1999;1493;396;1519
2016-08-10;110;64;914;41;311;386;383;374;1745;100;59;250;618;498;391;655;488;115;481
2016-08-11;646;392;3101;223;1432;1209;1107;1228;1627;1030;603;1343;502;2042;381;2426;1705;458;1729
2016-08-12;729;353;2698;206;1327;1221;1158;1180;1344;999;650;1379;545;1996;292;2280;1739;371;1618
2016-08-13;431;233;1233;132;811;711;793;654;2830;927;644;1012;1025;1287;360;1367;830;201;817
2016-08-14;648;372;1555;222;1250;944;942;781;2368;1560;1219;1619;1512;1803;512;1561;886;249;1091
2016-08-15;748;400;2133;196;1000;1027;820;957;1505;1759;1330;1778;703;2001;387;1848;1054;251;1399
2016-08-16;619;382;2869;231;1196;1358;1071;1053;1905;782;534;1246;687;1894;379;2257;1638;407;1621
2016-08-17;758;436;3255;250;1346;1382;1156;1334;1719;1049;645;1382;632;2140;390;2697;1808;457;1787
2016-08-18;810;418;3248;240;1432;1442;1243;1311;1606;1063;687;1503;525;2117;381;2735;1949;452;1970
2016-08-19;770;457;3091;277;1448;1500;1337;1315;1331;1272;772;1632;559;2373;292;2548;2029;440;1898
2016-08-20;963;537;2344;262;1525;1405;1389;1008;2821;2668;1532;2796;975;2905;360;2350;1569;349;1491
2016-08-21;474;258;1093;145;771;687;648;450;2287;998;663;1029;1470;1291;511;904;616;172;737
2016-08-22;322;199;1471;131;567;552;585;626;1546;335;268;555;715;868;389;1257;843;256;812
2016-08-23;934;522;3866;275;1688;1699;1318;1380;1915;1309;895;1743;693;2450;379;2953;2157;522;2140
2016-08-24;940;445;3875;304;1689;1644;1300;1468;1677;1222;900;1841;618;2472;393;2913;2185;525;2185
2016-08-25;1041;591;4127;330;1833;1815;1522;1571;1578;1499;991;2059;509;2855;381;3289;2317;513;2449
2016-08-26;940;502;3629;297;1660;1819;1458;1567;1291;1542;932;2106;541;2723;292;3079;2318;528;2223
2016-08-27;978;541;2268;280;1413;1456;1424;1030;2827;2242;1602;2561;967;2850;360;2291;1544;302;1505
2016-08-28;1063;550;2461;272;1593;1403;1402;951;2337;2472;1801;2430;1502;2929;511;2168;1531;345;1545
2016-08-29;875;434;3551;298;1472;1614;1324;1413;1530;1238;771;1583;705;2328;389;2880;2127;520;2134
2016-08-30;956;495;3908;276;1642;1705;1403;1675;1914;1351;858;1755;685;2647;379;3132;2258;516;2289
2016-08-31;1007;497;4074;313;1701;1851;1507;1570;1676;1499;814;1775;611;2762;393;3290;2341;515;2255
2016-09-01;1105;553;3966;330;1774;1835;1533;1559;2093;1541;911;1825;999;2780;955;3205;2265;494;2319
2016-09-02;896;476;3571;276;1516;1567;1355;1556;1748;1272;783;1731;624;2367;829;2926;2165;451;2046
2016-09-03;1021;546;2527;263;1291;1388;1543;1218;2736;2150;1505;2179;1499;2473;840;2243;1443;343;1603
2016-09-04;857;488;2555;271;1336;1231;1117;844;2935;2255;1660;1915;1599;2585;843;1708;1231;276;1463
2016-09-05;264;135;1494;85;473;602;624;664;407;189;125;471;98;898;288;1077;816;190;782
2016-09-06;974;507;3839;321;1707;1518;1298;1529;1784;1300;899;1681;747;2441;923;2949;2121;491;2189
2016-09-07;1025;599;4255;290;1880;1692;1420;1639;2096;1533;949;1824;772;2693;931;3411;2359;530;2376
2016-09-08;1038;541;4082;301;1785;1742;1433;1507;1913;1524;891;1840;740;2726;896;3332;2370;582;2421
2016-09-09;1028;546;3780;278;1723;1709;1382;1510;1886;1435;889;1794;716;2529;913;3006;2248;481;2233
2016-09-10;990;598;2575;262;1483;1364;1349;996;2961;2337;1629;3043;1997;2561;869;2217;1522;352;1522
2016-09-11;1102;606;2691;297;1475;1548;1314;975;3587;2800;2096;2661;1980;3045;1026;2192;1484;340;1832
2016-09-12;1063;506;4049;277;1709;1777;1329;1291;1792;1377;780;1693;667;2664;890;2909;2198;515;2327
2016-09-13;1050;585;4400;330;1795;1776;1431;1358;1944;1440;914;1826;697;2744;936;3321;2565;574;2564
2016-09-14;1012;484;4198;305;1780;1697;1351;1264;1772;1313;829;1779;678;2626;857;3144;2359;564;2397
2016-09-15;943;554;4027;287;1644;1658;1348;1299;1834;1376;811;1686;669;2579;841;3043;2214;532;2252
2016-09-16;985;506;3608;260;1553;1478;1255;1319;1754;1370;782;1595;745;2438;802;2850;2265;452;2104
2016-09-17;893;514;2231;246;1330;1213;1305;835;2495;1979;1366;1759;1596;2276;844;2031;1320;290;1343
2016-09-18;721;365;1583;177;1078;1032;910;644;1845;1454;1014;1284;1203;1890;687;1420;941;180;1110
2016-09-19;665;294;2982;182;1222;1265;1028;911;1103;666;360;1072;356;1724;571;2204;1707;381;1731
2016-09-20;576;279;2899;170;1124;1084;953;882;946;612;340;1016;375;1539;543;2133;1624;353;1588
2016-09-21;457;243;2665;136;1002;1002;837;896;865;602;346;871;307;1460;425;1846;1438;306;1513
2016-09-22;472;243;2431;146;955;924;772;911;837;605;312;817;307;1334;451;1718;1284;305;1346
2016-09-23;438;230;2352;148;952;923;897;914;774;521;331;760;329;1269;441;1728;1276;272;1304
2016-09-24;547;273;1259;131;699;630;728;761;1252;935;726;825;798;1180;458;1146;780;203;825
2016-09-25;655;393;1672;214;1246;931;830;857;2367;1602;1211;1485;1312;2031;702;1493;988;258;1223
2016-09-26;492;249;2619;163;1008;1016;818;897;864;622;332;903;319;1417;504;1927;1367;332;1512
2016-09-27;520;266;2958;182;1119;1062;911;1041;1096;806;467;1022;419;1640;573;2010;1546;384;1667
2016-09-28;445;218;2414;144;953;854;792;924;748;585;372;791;264;1346;460;1780;1365;356;1346
2016-09-29;624;278;2981;203;1127;1071;899;1155;1171;953;573;1076;422;1637;580;2200;1648;390;1700
2016-09-30;578;334;2823;192;1157;1178;963;1192;1158;842;453;1089;413;1672;593;2251;1805;409;1590
2016-10-01;445;240;1351;180;804;726;737;670;1284;1086;571;837;628;1380;485;1267;889;198;689
2016-10-02;871;413;2020;214;1161;1180;1083;873;2450;2008;1363;1491;1619;2173;894;1707;1173;329;1474
2016-10-03;178;123;1362;58;469;472;384;519;336;193;93;356;98;591;169;848;744;177;725
2016-10-04;267;133;1915;73;637;641;577;719;481;253;211;496;209;815;241;1180;995;312;1018
2016-10-05;87;48;696;23;162;209;190;225;144;42;34;139;51;245;67;390;309;96;325
2016-10-06;179;88;908;46;293;288;320;418;292;143;92;262;113;386;128;610;527;146;421
2016-10-07;211;125;1515;70;495;475;406;507;394;216;136;404;132;605;204;949;767;168;787
2016-10-08;139;73;528;39;200;250;273;237;275;175;87;248;278;336;147;396;283;81;286
2016-10-09;129;79;491;36;251;214;209;209;354;270;155;292;379;363;161;376;250;85;264
2016-10-10;156;82;1250;35;348;366;349;419;256;164;102;279;90;449;110;703;645;196;625
2016-10-11;153;61;1178;38;362;362;345;413;262;133;93;278;109;470;124;700;597;183;604
2016-10-12;114;50;888;41;271;285;241;296;212;112;63;226;56;326;84;482;399;130;444
2016-10-13;253;145;1662;71;620;548;467;602;543;329;187;484;219;729;244;1115;904;236;918
2016-10-14;274;138;1625;85;597;465;531;614;558;391;235;479;275;761;256;1073;914;258;790
2016-10-15;129;71;420;35;187;226;238;225;288;170;102;228;255;333;127;346;284;47;250
2016-10-16;152;85;375;25;198;180;209;158;369;242;120;203;383;369;132;298;269;66;229
2016-10-17;254;122;1589;67;579;497;391;537;539;254;188;470;173;776;215;1011;741;228;855
2016-10-18;230;99;1510;82;504;433;370;517;417;211;138;420;129;678;213;944;747;221;820
2016-10-19;202;110;1381;77;505;426;383;480;422;243;140;396;142;635;191;913;691;168;758
2016-10-20;171;98;1298;66;422;361;354;461;323;210;117;332;116;584;173;789;620;178;675
2016-10-21;106;65;944;36;279;235;249;279;224;92;74;214;44;373;105;517;423;109;457
2016-10-22;65;38;234;22;69;96;124;118;111;80;34;77;112;158;63;176;153;35;105
2016-10-23;164;92;487;61;273;275;285;216;536;466;237;308;573;450;194;443;276;71;372
2016-10-24;180;104;1286;57;396;409;348;426;386;194;108;333;99;531;151;839;631;176;678
2016-10-25;120;71;1044;53;286;292;269;342;227;103;74;248;67;403;112;661;517;150;518
2016-10-26;223;128;1568;87;541;466;411;540;517;282;209;440;174;620;238;1042;829;191;743
2016-10-27;235;134;1522;85;493;480;449;543;528;297;181;438;181;704;226;993;776;202;781
2016-10-28;142;77;1130;50;343;367;332;405;314;145;110;283;115;522;150;732;590;152;583
2016-10-29;98;52;299;28;108;167;201;126;211;109;76;151;224;247;90;286;191;41;165
2016-10-30;92;41;257;15;132;174;196;97;266;169;100;152;306;328;83;240;148;32;142
2016-10-31;130;72;621;44;228;342;313;306;301;181;123;239;167;453;130;517;389;97;322
2016-11-01;39;19;139;15;56;81;82;42;152;91;45;76;198;177;48;97;84;32;103
2016-11-02;130;72;1005;42;309;327;294;366;264;153;88;252;96;149;143;648;534;150;527
2016-11-03;137;75;1024;32;298;272;256;374;270;110;63;221;87;;104;597;539;145;533
2016-11-04;180;103;1252;49;392;394;351;469;384;223;147;318;144;;195;749;561;168;584
2016-11-05;161;83;428;39;222;193;240;200;355;215;111;220;376;;168;359;306;76;263
2016-11-06;71;44;259;22;143;145;126;102;265;187;102;197;343;;86;269;185;53;167
2016-11-07;;;;;;;;;;;;;;;;;;;
