Data;Al. USA - południe Rower;Al. USA - północ Rower;Banacha Rower;Bazyliańska Rower;Belwederska Rower;Dworzec Wilenski (al. Solidarności) Rower;Dworzec Wileński Nowy( Targowa) Rower;Marszałkowska Rower;Most Gdanski - ścieżka rowerowa;Most Gdański - ciąg pieszo-rowerowy;NSR - Solec - ciąg pieszo-rowerowy;NSR-Solec - ścieżka rowerowa;Rowery (Praska ścieżka rekreacyjna);Wybrzeże Helskie Rower;Wysockiego Rower;Świętokrzyska - Emilii Plater, płd Rower;Świętokrzyska - Emilii Plater, płn Rower;Żwirki i Wigury/Trojdena Rower;Żwirki i Wigury/Trojdena Rower
2016-12-03;41;2;133;6;49;77;60;77;92;18;27;52;24;88;24;135;108;46;5
2016-12-11;32;10;84;1;35;44;56;45;39;43;16;31;12;67;20;76;51;42;11
2016-12-04;53;16;118;3;60;75;71;65;118;36;28;77;24;96;27;114;73;46;11
2016-12-10;27;9;104;12;28;69;85;60;37;23;13;36;3;61;24;96;78;51;14
2016-12-18;41;15;122;8;90;59;46;60;79;55;21;51;30;83;26;103;71;52;16
2016-12-17;48;21;212;16;155;109;111;114;113;79;46;99;38;156;43;192;159;97;25
2016-11-27;40;23;193;16;93;98;72;88;105;86;56;92;42;148;41;152;120;137;26
2016-12-02;55;18;358;13;60;95;40;124;39;14;6;43;2;130;44;209;108;94;28
2016-11-01;39;19;139;15;56;81;82;42;152;91;45;76;40;177;48;97;84;103;32
2016-10-30;92;41;257;15;132;174;196;97;266;169;100;152;108;328;83;240;148;142;32
2016-10-22;65;38;234;22;69;96;124;118;111;80;34;77;19;158;63;176;153;105;35
2016-11-13;68;42;211;15;86;117;126;99;149;122;60;106;67;385;60;166;127;136;38
2016-11-19;87;33;272;28;79;120;125;104;125;88;39;94;28;163;73;198;124;134;38
2016-10-29;98;52;299;28;108;167;201;126;211;109;76;151;67;247;90;286;191;165;41
2016-11-11;29;15;192;15;80;79;86;115;148;66;35;68;49;563;46;176;132;120;43
2016-11-12;80;45;278;20;119;151;176;131;210;159;81;137;92;259;72;240;163;134;43
2016-10-15;129;71;420;35;187;226;238;225;288;170;102;228;109;333;127;346;284;250;47
2016-11-06;71;44;259;22;143;145;126;102;265;187;102;197;111;384;86;269;185;167;53
2016-12-06;80;43;532;10;153;163;138;219;168;23;27;138;8;222;87;361;290;269;55
2016-11-26;123;66;449;38;186;192;196;199;332;326;166;242;161;389;125;347;256;239;62
2016-10-16;152;85;375;25;198;180;209;158;369;242;120;203;135;369;132;298;269;229;66
2016-12-05;99;48;659;7;212;215;160;222;184;33;29;160;15;259;77;403;341;299;70
2016-10-23;164;92;487;61;273;275;285;216;536;466;237;308;237;450;194;443;276;372;71
2016-12-01;73;35;634;23;201;215;215;207;150;74;47;148;17;274;86;417;326;348;74
2016-12-15;75;43;550;35;169;145;121;223;133;83;45;142;10;211;68;353;329;271;75
2016-11-05;161;83;428;39;222;193;240;200;355;215;111;220;151;273;168;359;306;263;76
2016-11-20;214;92;509;56;327;240;213;254;563;537;233;336;193;540;192;392;261;301;77
2016-12-07;109;47;610;18;181;224;158;197;209;51;34;157;15;278;92;438;317;310;79
2016-12-14;62;17;525;22;156;161;119;209;122;51;35;129;10;189;70;313;298;238;79
2016-12-12;89;39;555;16;182;163;184;208;124;68;33;166;18;203;75;335;280;272;80
2016-10-08;139;73;528;39;200;250;273;237;275;175;87;248;79;336;147;396;283;286;81
2016-12-19;80;35;576;;175;184;141;211;142;68;37;145;22;243;77;417;325;276;84
2016-10-09;129;79;491;36;251;214;209;209;354;270;155;292;151;363;161;376;250;264;85
2016-12-09;84;41;628;17;191;207;153;249;186;84;68;174;5;224;74;435;332;293;86
2016-12-16;74;29;617;22;186;195;126;244;169;106;62;178;22;280;87;368;323;273;88
2016-10-05;87;48;696;23;162;209;190;225;144;42;34;139;3;245;67;390;309;325;96
2016-10-31;130;72;621;44;228;342;313;306;301;181;123;239;54;453;130;517;389;322;97
2016-11-29;105;45;781;21;230;222;168;278;156;89;59;173;15;299;80;503;423;367;99
2016-11-28;103;57;716;27;222;222;186;266;148;86;45;186;18;306;82;451;377;363;99
2016-12-08;116;45;635;22;194;187;210;228;181;63;49;168;4;253;63;377;338;320;103
2016-11-30;97;47;725;31;215;226;201;244;166;67;44;186;15;292;81;434;361;348;104
2016-10-21;106;65;944;36;279;235;249;279;224;92;74;214;9;373;105;517;423;457;109
2016-12-13;97;32;665;23;187;176;165;213;158;80;40;165;8;242;77;411;351;288;112
2016-08-10;110;64;914;41;311;386;383;374;1745;100;59;250;428;498;391;655;488;481;115
2016-11-16;90;62;885;30;252;206;237;304;187;99;79;203;13;575;89;519;456;473;122
2016-10-12;114;50;888;41;271;285;241;296;212;112;63;226;4;326;84;482;399;444;130
2016-11-25;144;88;1030;43;303;309;279;415;269;165;101;297;52;468;129;656;542;509;130
2016-11-07;132;75;997;30;294;303;262;363;275;149;92;240;27;557;135;570;506;506;134
2016-11-09;87;41;876;46;235;219;196;280;199;76;58;208;7;514;103;474;400;431;135
2016-11-10;130;85;1037;46;333;325;313;398;315;175;112;279;37;662;129;681;526;508;145
2016-11-03;137;75;1024;32;298;272;256;374;270;110;63;221;12;606;104;597;539;533;145
2016-10-06;179;88;908;46;293;288;320;418;292;143;92;262;24;386;128;610;527;421;146
2016-11-17;117;82;1010;36;311;308;253;353;289;122;97;261;22;418;111;603;519;506;148
2016-10-25;120;71;1044;53;286;292;269;342;227;103;74;248;13;403;112;661;517;518;150
2016-11-02;130;72;1005;42;309;327;294;366;264;153;88;252;34;149;143;648;534;527;150
2016-06-20;233;143;971;60;402;490;457;394;277;183;203;342;58;575;398;774;578;493;152
2016-10-28;142;77;1130;50;343;367;332;405;314;145;110;283;34;522;150;732;590;583;152
2016-11-24;184;87;1202;49;368;361;294;417;368;177;135;346;46;528;162;729;591;638;153
2016-11-18;169;67;1243;60;434;330;317;421;412;235;138;392;46;516;167;728;610;588;159
2016-11-23;196;81;1426;78;402;362;302;448;399;207;143;437;56;587;196;760;646;716;166
2016-10-07;211;125;1515;70;495;475;406;507;394;216;136;404;35;605;204;949;767;787;168
2016-11-04;180;103;1252;49;392;394;351;469;384;223;147;318;53;570;195;749;561;584;168
2016-10-19;202;110;1381;77;505;426;383;480;422;243;140;396;56;635;191;913;691;758;168
2016-11-15;151;73;1055;51;358;342;270;349;300;149;88;308;35;430;159;668;591;578;170
2016-11-14;158;68;1143;43;359;354;340;392;312;179;139;350;48;585;138;701;527;608;172
2016-08-21;474;258;1093;145;771;687;648;450;2287;998;663;1029;1044;1291;511;904;616;737;172
2016-10-24;180;104;1286;57;396;409;348;426;386;194;108;333;23;531;151;839;631;678;176
2016-10-03;178;123;1362;58;469;472;384;519;336;193;93;356;28;591;169;848;744;725;177
2016-05-14;342;193;973;165;595;596;573;521;696;484;452;604;304;794;300;1037;668;507;178
2016-10-20;171;98;1298;66;422;361;354;461;323;210;117;332;23;584;173;789;620;675;178
2016-09-18;721;365;1583;177;1078;1032;910;644;1845;1454;1014;1284;730;1890;687;1420;941;1110;180
2016-08-06;353;185;1025;104;604;609;663;597;2813;599;457;797;554;979;360;1322;734;591;180
2016-10-11;153;61;1178;38;362;362;345;413;262;133;93;278;20;470;124;700;597;604;183
2016-11-22;197;94;1454;71;479;419;328;444;497;219;150;416;61;625;188;838;664;742;184
2016-09-05;264;135;1494;85;473;602;624;664;407;189;125;471;24;898;288;1077;816;782;190
2016-10-26;223;128;1568;87;541;466;411;540;517;282;209;440;66;620;238;1042;829;743;191
2016-11-08;161;92;1246;44;438;351;324;441;431;229;143;365;53;439;170;817;660;604;193
2016-11-21;235;133;1495;67;451;398;315;492;477;293;189;448;76;658;241;904;713;743;195
2016-10-10;156;82;1250;35;348;366;349;419;256;164;102;279;26;449;110;703;645;625;196
2016-10-01;445;240;1351;180;804;726;737;670;1284;1086;571;837;375;1380;485;1267;889;689;198
2016-08-13;431;233;1233;132;811;711;793;654;2830;927;644;1012;688;1287;360;1367;830;817;201
2016-10-27;235;134;1522;85;493;480;449;543;528;297;181;438;94;704;226;993;776;781;202
2016-09-24;547;273;1259;131;699;630;728;761;1252;935;726;825;441;1180;458;1146;780;825;203
2016-06-26;511;343;1484;112;798;804;756;460;1520;1145;785;1211;584;1516;425;1165;809;966;216
2016-10-18;230;99;1510;82;504;433;370;517;417;211;138;420;24;678;213;944;747;820;221
2016-10-17;254;122;1589;67;579;497;391;537;539;254;188;470;62;776;215;1011;741;855;228
2016-10-13;253;145;1662;71;620;548;467;602;543;329;187;484;77;729;244;1115;904;918;236
2016-07-03;565;288;1173;175;669;760;644;474;1333;961;866;1057;621;1293;529;1132;712;846;240
2016-08-14;648;372;1555;222;1250;944;942;781;2368;1560;1219;1619;1075;1803;512;1561;886;1091;249
2016-08-15;748;400;2133;196;1000;1027;820;957;1505;1759;1330;1778;462;2001;387;1848;1054;1399;251
2016-07-31;730;397;2048;183;1297;1128;1008;819;2229;2063;1400;2036;1023;2470;513;1718;1160;1344;253
2016-05-05;928;585;4055;143;1726;1594;1238;1358;2068;1549;1164;1575;813;2566;243;2881;2043;1227;256
2016-08-22;322;199;1471;131;567;552;585;626;1546;335;268;555;472;868;389;1257;843;812;256
2016-10-14;274;138;1625;85;597;465;531;614;558;391;235;479;105;761;256;1073;914;790;258
2016-09-25;655;393;1672;214;1246;931;830;857;2367;1602;1211;1485;890;2031;702;1493;988;1223;258
2016-05-17;308;181;2150;143;790;696;588;747;471;242;264;514;79;1008;255;1425;1008;916;262
2016-05-15;555;365;1519;192;983;736;627;678;1495;1204;1063;1084;771;1382;345;1315;812;859;264
2016-07-09;460;358;1391;146;748;718;904;798;2753;754;924;1102;23;1329;355;1390;940;943;267
2016-09-23;438;230;2352;148;952;923;897;914;774;521;331;760;170;1269;441;1728;1276;1304;272
2016-07-16;674;362;1781;187;1109;1146;1140;766;2850;1601;1083;1730;805;1943;362;1636;1119;1000;272
2016-07-17;603;384;1598;191;1036;983;1029;734;2688;1613;1177;1324;1208;1945;520;1502;1119;1197;276
2016-09-04;857;488;2555;271;1336;1231;1117;844;2935;2255;1660;1915;1108;2585;843;1708;1231;1463;276
2016-05-27;588;288;1784;112;927;1052;892;722;1219;931;607;909;459;2133;230;1428;1134;982;276
2016-07-15;500;269;1978;140;948;813;766;851;1398;670;511;882;278;1320;284;1717;1323;1190;278
2016-05-16;368;223;2574;175;946;888;727;819;670;346;352;645;110;1232;297;1622;1181;1006;280
2016-08-01;556;308;1685;160;942;906;835;1120;1570;715;461;856;478;1290;390;1844;1326;1052;282
2016-07-14;479;278;2010;137;900;851;824;830;1713;540;380;793;204;1344;378;1675;1262;1139;285
2016-09-17;893;514;2231;246;1330;1213;1305;835;2495;1979;1366;1759;1048;2276;844;2031;1320;1343;290
2016-07-07;405;313;2194;123;949;938;996;892;1037;421;482;904;211;1328;382;1565;1267;1261;295
2016-07-13;692;371;2148;204;1037;958;855;867;1869;949;647;1142;373;1379;382;1871;1370;1377;297
2016-08-27;978;541;2268;280;1413;1456;1424;1030;2827;2242;1602;2561;653;2850;360;2291;1544;1505;302
2016-07-30;687;453;1950;178;1230;1159;1125;912;2827;1637;1170;1933;693;2162;362;1891;1328;1169;302
2016-09-22;472;243;2431;146;955;924;772;911;837;605;312;817;140;1334;451;1718;1284;1346;305
2016-09-21;457;243;2665;136;1002;1002;837;896;865;602;346;871;143;1460;425;1846;1438;1513;306
2016-10-04;267;133;1915;73;637;641;577;719;481;253;211;496;89;815;241;1180;995;1018;312
2016-06-25;658;394;2017;194;1027;1146;1078;746;2776;1406;1017;1972;667;2273;298;1790;1220;1223;313
2016-06-11;791;432;2364;226;1167;1331;1346;1048;2366;1455;1352;1729;869;2364;316;1908;1283;1459;315
2016-05-28;1044;612;2679;155;1439;1468;1313;1025;3448;2751;2221;2486;1653;2094;277;2193;1389;1582;324
2016-07-23;898;481;2282;240;1511;1343;1336;1083;2818;2344;1503;2567;687;2799;352;2115;1516;1391;324
2016-07-06;441;214;2609;127;1030;1141;872;904;803;276;297;815;131;1443;406;1851;1382;1417;328
2016-10-02;871;413;2020;214;1161;1180;1083;873;2450;2008;1363;1491;1061;2173;894;1707;1173;1474;329
2016-05-18;514;259;2661;122;1065;962;823;1034;1095;694;534;863;254;1502;191;1939;1504;1145;330
2016-09-26;492;249;2619;163;1008;1016;818;897;864;622;332;903;157;1417;504;1927;1367;1512;332
2016-09-11;1102;606;2691;297;1475;1548;1314;975;3587;2800;2096;2661;1385;3045;1026;2192;1484;1832;340
2016-09-03;1021;546;2527;263;1291;1388;1543;1218;2736;2150;1505;2179;1025;2473;840;2243;1443;1603;343
2016-08-28;1063;550;2461;272;1593;1403;1402;951;2337;2472;1801;2430;1068;2929;511;2168;1531;1545;345
2016-07-10;1042;581;2601;260;1712;1421;1338;980;2793;2575;1900;2437;1318;3085;507;2184;1498;1744;346
2016-08-07;923;567;2428;266;1585;1317;1272;1100;2453;2493;1751;2587;1123;2875;511;2220;1479;1570;348
2016-07-02;832;471;2421;249;1404;1291;1222;950;2879;2179;1543;2214;1249;2764;371;2020;1278;1583;348
2016-08-20;963;537;2344;262;1525;1405;1389;1008;2821;2668;1532;2796;659;2905;360;2350;1569;1491;349
2016-08-05;811;482;3342;222;1421;1497;1218;1272;1154;1337;803;1758;281;2334;292;2773;2005;1791;350
2016-06-18;929;590;2890;311;1636;1573;1480;1140;2980;2195;1637;2391;1263;2959;410;2264;1567;1761;350
2016-09-10;990;598;2575;262;1483;1364;1349;996;2961;2337;1629;3043;998;2561;869;2217;1522;1522;352
2016-09-20;576;279;2899;170;1124;1084;953;882;946;612;340;1016;156;1539;543;2133;1624;1588;353
2016-09-28;445;218;2414;144;953;854;792;924;748;585;372;791;117;1346;460;1780;1365;1346;356
2016-07-24;1177;586;2741;316;1718;1489;1471;998;2085;3006;2064;2971;936;3114;497;2332;1650;1741;360
2016-05-08;1119;697;3020;166;1650;1513;1338;1044;3873;2886;1941;2292;1942;3252;264;1974;1398;1514;362
2016-05-06;841;507;3845;114;1742;1514;1201;1411;1918;1326;1051;1664;693;2477;216;2887;2075;1645;366
2016-08-12;729;353;2698;206;1327;1221;1158;1180;1344;999;650;1379;333;1996;292;2280;1739;1618;371
2016-07-29;647;394;2852;212;1221;1395;1114;1134;1317;890;575;1351;355;1985;293;2407;1779;1588;380
2016-05-21;1008;605;3001;148;1702;1581;1400;1063;3173;2680;2119;2626;1662;3092;280;2343;1510;1764;381
2016-09-19;665;294;2982;182;1222;1265;1028;911;1103;666;360;1072;188;1724;571;2204;1707;1731;381
2016-09-27;520;266;2958;182;1119;1062;911;1041;1096;806;467;1022;197;1640;573;2010;1546;1667;384
2016-05-07;1218;744;3352;150;2007;1648;1397;1401;4027;3014;2269;2811;1789;3573;229;2644;1874;1555;386
2016-09-29;624;278;2981;203;1127;1071;899;1155;1171;953;573;1076;210;1637;580;2200;1648;1700;390
2016-05-20;866;538;4063;110;1655;1601;1291;1489;1894;1413;1105;1691;693;2586;231;2845;2143;1895;393
2016-08-09;547;284;2700;169;1049;1103;943;944;1888;602;389;1025;407;1578;378;1999;1493;1519;396
2016-06-12;999;573;2750;274;1549;1447;1213;986;3220;2271;1809;2545;1343;2940;453;2049;1371;1776;406
2016-08-16;619;382;2869;231;1196;1358;1071;1053;1905;782;534;1246;449;1894;379;2257;1638;1621;407
2016-09-30;578;334;2823;192;1157;1178;963;1192;1158;842;453;1089;255;1672;593;2251;1805;1590;409
2016-06-01;634;347;3330;200;1302;1334;1137;1209;1164;658;596;1060;255;1907;314;2420;1778;1602;410
2016-06-17;580;358;3067;164;1227;1291;1104;1119;1000;658;477;1101;161;1798;260;2307;1655;1529;415
2016-07-12;641;375;3079;168;1391;1380;1140;1290;1814;650;517;1227;238;1841;372;2426;1813;1819;416
2016-06-10;557;322;3154;185;1215;1319;1067;1182;949;685;539;1118;207;1843;261;2354;1758;1678;425
2016-05-13;622;366;3286;119;1248;1330;1076;1210;1180;711;674;1136;322;1923;222;2478;1818;1296;429
2016-06-04;1054;642;2740;320;1685;1507;1399;1383;2901;2178;1701;2496;1168;2900;444;2523;1769;1600;431
2016-07-18;661;403;3096;183;1312;1309;1054;1117;1338;730;573;1169;410;1906;374;2316;1651;1787;440
2016-08-19;770;457;3091;277;1448;1500;1337;1315;1331;1272;772;1632;347;2373;292;2548;2029;1898;440
2016-05-31;706;365;3625;148;1398;1381;1090;1268;1325;745;623;1206;232;2136;310;2409;1761;1754;441
2016-05-19;806;468;3903;141;1642;1427;1099;1319;1666;1307;1084;1474;596;2424;303;2915;2008;1859;447
2016-09-02;896;476;3571;276;1516;1567;1355;1556;1748;1272;783;1731;371;2367;829;2926;2165;2046;451
2016-08-18;810;418;3248;240;1432;1442;1243;1311;1606;1063;687;1503;339;2117;381;2735;1949;1970;452
2016-09-16;985;506;3608;260;1553;1478;1255;1319;1754;1370;782;1595;426;2438;802;2850;2265;2104;452
2016-06-19;1256;735;3715;435;1892;1927;1604;1102;5091;3523;2448;3468;2291;4333;605;2738;1608;2275;454
2016-08-17;758;436;3255;250;1346;1382;1156;1334;1719;1049;645;1382;439;2140;390;2697;1808;1787;457
2016-08-11;646;392;3101;223;1432;1209;1107;1228;1627;1030;603;1343;314;2042;381;2426;1705;1729;458
2016-07-28;950;532;3527;283;1600;1556;1280;1278;1565;1211;814;1714;334;2458;382;2829;2100;2075;459
2016-05-26;1370;837;2977;141;1928;1698;1488;1137;4589;3173;2505;3482;2235;2195;279;2377;1618;2100;460
2016-05-11;810;458;3939;125;1645;1487;1116;1331;1660;1148;925;1402;485;2387;238;2890;2004;1527;463
2016-07-27;837;394;3456;237;1502;1516;1211;1276;1676;1143;644;1548;437;2346;392;2745;2110;2063;464
2016-05-09;914;531;4064;164;1629;1635;1268;1408;1778;1257;1066;1463;639;2552;259;2958;2027;1672;472
2016-07-11;734;398;3730;239;1453;1689;1341;1390;1447;1011;671;1463;425;2533;399;2850;2162;2074;474
2016-07-22;776;413;3314;236;1468;1509;1203;1351;1498;1104;694;1671;412;2532;287;2593;2043;1924;475
2016-07-26;973;461;3742;260;1544;1599;1278;1361;1924;1460;856;2121;472;2671;380;2880;2261;2232;478
2016-08-04;850;458;3201;270;1441;1384;1229;1301;1508;1262;836;1791;293;2314;381;2717;1907;1858;479
2016-05-29;1120;695;2894;176;1668;1645;1428;1054;4125;2979;2407;2859;1815;2763;282;2234;1432;1922;480
2016-09-09;1028;546;3780;278;1723;1709;1382;1510;1886;1435;889;1794;434;2529;913;3006;2248;2233;481
2016-05-25;673;344;3772;125;1469;1538;1212;1328;1325;844;627;1299;292;2235;246;2755;1905;1853;491
2016-09-06;974;507;3839;321;1707;1518;1298;1529;1784;1300;899;1681;421;2441;923;2949;2121;2189;491
2016-09-01;1105;553;3966;330;1774;1835;1533;1559;2093;1541;911;1825;599;2780;955;3205;2265;2319;494
2016-07-19;864;512;3497;271;1606;1529;1222;1265;1859;1147;860;1530;446;2366;366;2631;2047;2042;499
2016-08-03;966;513;3982;296;1829;1722;1406;1562;1559;1477;934;2004;370;2837;393;3240;2354;2327;501
2016-06-21;891;502;3824;226;1461;1644;1392;1132;1603;965;770;1620;333;2230;304;2684;1905;2011;501
2016-05-22;1537;853;3868;171;2175;1996;1641;1228;5285;3916;3443;3859;2644;4512;258;2785;1807;2369;504
2016-08-02;1070;566;4048;298;1757;1779;1375;1483;1938;1540;1068;2101;457;2862;379;3219;2356;2397;507
2016-05-12;920;607;4426;142;1838;1665;1393;1416;1799;1306;1069;1534;695;2669;273;3187;2198;1758;513
2016-08-25;1041;591;4127;330;1833;1815;1522;1571;1578;1499;991;2059;323;2855;381;3289;2317;2449;513
2016-09-12;1063;506;4049;277;1709;1777;1329;1291;1792;1377;780;1693;443;2664;890;2909;2198;2327;515
2016-08-31;1007;497;4074;313;1701;1851;1507;1570;1676;1499;814;1775;418;2762;393;3290;2341;2255;515
2016-08-30;956;495;3908;276;1642;1705;1403;1675;1914;1351;858;1755;442;2647;379;3132;2258;2289;516
2016-07-01;872;523;3604;268;1617;1835;1372;1161;1972;1434;925;1983;653;2696;319;2787;2142;2163;517
2016-06-05;1435;932;3896;409;2260;2025;1638;1217;5195;3595;2780;3791;2169;4379;624;2912;1897;2368;519
2016-06-09;901;497;3985;282;1637;1739;1361;1429;1703;1080;891;1625;551;2464;394;2934;2071;2105;520
2016-08-29;875;434;3551;298;1472;1614;1324;1413;1530;1238;771;1583;468;2328;389;2880;2127;2134;520
2016-07-21;1058;582;4283;313;1939;1897;1459;1864;1709;1670;1124;2238;408;3233;372;3400;2499;2455;520
2016-08-23;934;522;3866;275;1688;1699;1318;1380;1915;1309;895;1743;448;2450;379;2953;2157;2140;522
2016-08-24;940;445;3875;304;1689;1644;1300;1468;1677;1222;900;1841;422;2472;393;2913;2185;2185;525
2016-08-26;940;502;3629;297;1660;1819;1458;1567;1291;1542;932;2106;334;2723;292;3079;2318;2223;528
2016-09-07;1025;599;4255;290;1880;1692;1420;1639;2096;1533;949;1824;459;2693;931;3411;2359;2376;530
2016-09-15;943;554;4027;287;1644;1658;1348;1299;1834;1376;811;1686;389;2579;841;3043;2214;2252;532
2016-06-06;853;485;4382;269;1685;1828;1401;1435;1638;933;800;1522;420;2648;400;3039;2168;2053;532
2016-06-02;964;504;4064;250;1784;1756;1451;1500;1974;1382;1145;1649;670;2711;440;3105;2251;2137;543
2016-06-24;958;487;4084;297;1697;1909;1477;1265;2221;1381;974;2234;643;2882;256;3151;2234;2377;544
2016-07-25;962;462;3758;303;1684;1761;1303;1386;1604;1470;824;1764;494;2637;386;2829;2156;2384;551
2016-06-15;888;507;4001;267;1646;1660;1271;1490;1821;1210;947;1567;523;2503;394;3017;2043;2167;554
2016-07-20;1044;678;4403;304;1999;1867;1520;1548;1885;1560;1159;2211;524;2928;377;3333;2460;2559;556
2016-05-30;802;490;4144;173;1683;1765;1381;1363;1762;1144;804;1529;494;1721;265;2938;2118;2042;558
2016-06-16;908;547;4248;290;1710;1853;1476;1571;1727;1242;908;1570;519;2754;405;3107;2142;2257;560
2016-09-14;1012;484;4198;305;1780;1697;1351;1264;1772;1313;829;1779;402;2626;857;3144;2359;2397;564
2016-07-08;854;626;3792;285;1544;1749;1576;1512;386;1415;1169;2268;67;2892;281;2746;2041;2255;565
2016-08-08;1026;612;3999;335;1728;1691;1391;1370;1493;1678;1003;1977;453;2906;388;3045;2215;2381;566
2016-06-27;875;527;4261;269;1628;1849;1419;1407;1750;1192;781;1555;558;2654;369;2973;2056;2266;567
2016-07-04;924;513;4160;265;1717;1795;1457;1428;1875;1359;927;1760;580;2795;398;3054;2217;2280;569
2016-09-13;1050;585;4400;330;1795;1776;1431;1358;1944;1440;914;1826;434;2744;936;3321;2565;2564;574
2016-06-28;959;567;4093;301;1731;1714;1334;1406;1856;1270;908;1840;536;2666;379;2979;2134;2237;574
2016-06-14;891;465;4319;315;1850;1802;1407;1461;1627;1013;744;1544;463;2561;397;3056;2225;2244;578
2016-09-08;1038;541;4082;301;1785;1742;1433;1507;1913;1524;891;1840;470;2726;896;3332;2370;2421;582
2016-06-13;1066;529;4447;324;1874;1955;1487;1535;1878;1364;996;1734;598;2948;484;3240;2170;2479;588
2016-06-03;1017;492;4558;327;1936;1973;1597;1636;2311;1588;1288;2174;691;3056;472;3359;2447;2341;592
2016-06-30;854;459;4141;276;1671;1842;1441;1381;1801;1267;790;1943;509;2821;391;3020;2253;2377;597
2016-05-10;1094;647;4598;143;2078;1910;1483;1547;2353;1773;1295;1890;802;3132;224;3381;2364;1851;610
2016-06-08;1090;673;4968;375;2096;2199;1681;1725;2427;1703;1306;2136;791;3324;514;3593;2589;2694;616
2016-06-23;1150;609;4704;317;2015;2134;1732;1461;2275;1510;1120;2322;706;3150;315;3644;2418;2659;618
2016-07-05;1102;574;4488;304;2021;2070;1557;1566;2151;1569;1082;2016;667;3041;393;3329;2440;2696;620
2016-06-29;1073;577;4678;326;2006;2061;1590;1554;2138;1476;1068;2184;705;3157;389;3408;2389;2665;625
2016-05-24;1129;656;5123;148;2299;1963;1563;1697;2394;1694;1346;2191;869;3298;268;3530;2582;2531;626
2016-06-22;1165;679;5055;364;2136;2140;1655;1421;2718;1675;1239;2334;873;3458;311;3681;2547;2880;627
2016-05-23;1179;666;4891;173;1906;1920;1542;1735;2374;1687;1360;2023;854;3130;275;3432;2263;2370;638
2016-06-07;1132;632;4729;307;2025;2002;1580;1541;2247;1396;1157;1997;662;3152;478;3417;2401;2567;665
2016-04-14;452;289;2651;146;1057;912;837;884;950;604;475;760;252;1413;200;1816;1238;;
2016-03-23;178;78;1343;56;579;430;350;507;442;283;287;248;151;673;94;949;704;;
2016-04-13;530;320;2900;166;1212;1006;829;971;1201;870;708;873;449;1606;251;2004;1373;;
2016-03-25;186;84;805;51;332;382;363;374;361;237;202;211;116;474;77;660;469;;
2016-03-20;49;38;366;26;185;192;200;182;299;202;154;166;168;321;45;301;201;;
2016-01-01;18;6;93;8;68;42;43;42;93;36;45;31;52;97;9;79;48;;
2016-03-22;122;50;945;28;346;274;238;344;224;105;152;121;38;412;48;569;495;;
2016-04-15;518;354;2777;164;1248;1040;920;991;1157;830;655;902;458;1546;240;1923;1498;;
2016-04-16;574;468;1901;238;1217;929;976;681;1953;1569;1169;1208;1230;2079;295;1557;1038;;
2016-04-17;1142;733;2800;262;1530;1447;1087;944;3259;2522;1891;1988;2165;2941;439;1977;1386;;
2016-04-11;400;261;2561;118;963;856;746;853;945;523;458;668;243;1260;190;1637;1219;;
2016-04-10;189;162;528;55;328;328;261;275;434;283;226;222;223;490;78;495;287;;
2016-04-28;385;230;2223;136;897;768;683;868;763;518;419;597;202;1097;205;1556;1104;;
2016-04-30;341;266;1038;145;576;586;640;445;878;614;473;584;484;893;226;844;568;;
2016-04-12;366;276;2106;127;872;771;677;723;870;537;500;546;253;1127;172;1526;1039;;
2016-03-21;58;58;1217;54;440;367;301;425;384;222;242;194;104;513;83;790;611;;
2016-04-27;148;82;1289;114;399;411;349;456;281;147;174;213;39;549;175;843;647;;
2016-04-09;244;225;968;85;575;449;490;431;599;388;321;420;370;730;115;844;546;;
2016-04-08;260;195;1822;94;750;723;628;741;607;363;303;426;155;970;137;1369;1039;;
2016-03-18;67;49;984;29;348;290;259;398;311;153;197;148;41;407;52;618;499;;
2016-04-26;559;357;2943;144;1228;1159;923;1075;1186;850;632;870;418;1644;194;2021;1424;;
2016-04-18;432;345;2818;185;1195;1072;894;981;1073;707;580;814;325;1554;248;1902;1459;;
2016-04-25;370;216;2267;160;814;746;609;802;747;429;343;496;173;1081;171;1504;1133;;
2016-04-24;372;263;1252;152;687;589;518;451;836;578;453;594;491;929;121;889;516;;
2016-04-19;296;190;2271;127;843;811;648;784;719;348;354;532;136;1088;136;1464;1116;;
2016-04-07;523;347;2753;157;1245;1058;902;955;1309;818;626;936;403;1668;251;2067;1438;;
2016-05-01;667;392;1523;173;1013;753;752;689;2126;1556;1090;1344;1165;1867;181;1336;793;;
2016-04-20;316;220;1997;82;757;711;606;732;622;339;290;480;149;1006;126;1442;1062;;
2016-04-21;520;298;2866;123;1206;1073;969;1046;1181;828;741;912;358;1675;238;2018;1439;;
2016-04-22;356;250;2217;90;910;838;818;901;754;480;463;679;248;1250;161;1567;1256;;
2016-05-02;706;390;2034;173;926;1056;839;753;1633;1491;1027;1019;799;1672;214;1432;994;;
2016-04-06;365;260;2561;136;1070;947;720;883;884;500;494;629;198;1310;194;1638;1312;;
2016-03-17;85;45;1274;60;548;360;354;482;397;249;292;254;99;556;79;824;581;;
2016-04-29;503;295;2572;97;1073;965;923;968;1106;746;565;796;385;1524;161;1955;1294;;
2016-03-19;62;34;391;21;182;194;253;213;228;131;168;178;150;301;44;309;198;;
2016-04-05;740;514;3639;242;1554;1331;1118;1114;1882;1432;1041;1299;856;2257;363;2385;1664;;
2016-04-04;570;447;2833;198;1312;1197;1032;1020;1448;923;803;909;567;1904;280;1965;1323;;
2016-04-03;848;581;2483;210;1683;1083;889;784;2660;1999;1352;1624;1804;2368;352;1673;1039;;
2016-03-16;87;61;1217;65;521;387;337;465;446;267;306;256;141;565;79;877;632;;
2016-04-02;587;379;1748;133;1100;881;746;666;1815;1507;1160;1090;1171;1571;250;1386;847;;
2016-04-01;179;106;991;39;329;353;334;386;405;238;244;230;83;488;74;691;509;;
2016-05-03;859;538;2214;162;1288;1005;783;636;2489;1766;1562;1435;1308;2356;260;1396;822;;
2016-05-04;510;288;3037;128;1164;1148;881;1125;1259;836;634;781;273;1806;212;2062;1396;;
2016-03-24;190;110;1172;64;456;409;415;461;438;292;301;265;135;620;98;860;631;;
2016-03-15;55;35;738;31;299;211;247;274;189;86;117;103;28;295;39;477;344;;
2016-04-23;623;362;1681;119;1075;898;856;697;1567;1283;923;1025;884;1603;255;1475;914;;
2016-03-31;253;142;1626;99;661;591;545;620;645;397;407;367;198;898;118;1118;810;;
2016-03-14;82;35;1038;34;342;323;243;342;296;135;201;159;49;429;63;591;463;;
2016-03-30;235;140;1508;59;642;521;444;571;507;308;378;251;150;722;112;980;778;;
2016-03-13;138;115;768;41;437;326;352;278;827;503;490;375;477;744;80;551;349;;
2016-03-12;61;44;411;33;336;226;218;204;279;207;190;183;141;347;67;344;258;;
2016-03-11;54;27;739;31;268;218;160;282;197;107;127;122;19;302;60;426;388;;
2016-03-10;72;38;1022;35;374;304;0;362;277;147;172;174;66;458;57;641;476;;
2016-03-09;82;51;1110;55;390;315;0;411;361;216;250;197;75;485;83;676;534;;
2016-03-08;71;34;973;41;343;300;0;332;297;163;197;174;51;445;67;584;470;;
2016-03-07;118;41;980;45;354;304;0;352;283;185;218;172;74;442;69;590;446;;
2016-03-06;41;12;283;15;135;154;0;142;247;130;90;96;74;271;42;232;163;;
2016-03-29;170;79;1003;66;341;374;318;367;364;195;222;219;74;541;91;671;526;;
2016-03-28;374;312;1064;117;699;512;456;350;1528;1079;819;632;936;1248;201;811;424;;
2016-03-05;51;29;372;30;202;190;0;170;283;185;154;138;126;335;58;307;220;;
2016-03-04;58;27;775;41;260;226;0;303;222;125;180;107;30;330;54;438;370;;
2016-03-27;148;117;395;63;376;242;226;229;589;491;374;324;319;552;96;399;231;;
2016-03-26;38;29;167;16;127;88;110;80;117;93;49;85;19;158;30;165;102;;
2016-03-03;68;45;915;37;364;272;0;299;275;169;185;139;54;379;80;511;376;;
2016-03-02;28;20;535;23;188;142;0;203;152;64;88;90;18;200;45;318;285;;
2016-03-01;19;8;415;12;115;111;0;125;68;25;43;54;6;108;21;208;167;;
2016-02-29;37;30;590;27;160;214;0;208;162;92;108;93;15;251;49;362;273;;
2016-02-28;75;21;327;34;165;159;;101;335;266;192;180;167;363;74;218;128;;
2016-02-27;38;18;261;29;188;161;;152;271;169;129;132;117;271;48;274;185;;
2016-02-26;25;22;557;11;222;221;;228;187;82;124;106;20;268;48;342;286;;
2016-02-25;30;37;687;27;247;234;;280;249;152;161;120;47;343;58;463;363;;
2016-02-24;66;27;624;22;234;217;;240;215;131;155;108;38;273;48;445;330;;
2016-02-23;59;26;670;24;264;240;;233;215;112;147;124;41;280;53;455;310;;
2016-02-22;35;3;409;9;144;149;;158;125;58;61;70;14;166;17;251;193;;
2016-02-21;30;9;180;11;110;99;;65;175;106;72;68;59;154;23;128;78;;
2016-02-20;24;18;176;19;142;105;;83;142;93;77;65;54;181;42;165;111;;
2016-02-19;24;7;315;14;109;123;;141;64;26;50;44;3;118;24;217;181;;
2016-02-18;67;22;642;40;304;263;;225;235;109;155;135;37;341;59;428;350;;
2016-02-17;69;21;651;32;286;217;;260;213;122;156;133;44;319;66;444;375;;
2016-02-16;73;15;672;32;258;251;;254;225;111;142;127;28;302;56;454;354;;
2016-02-15;60;24;604;42;224;238;;254;223;141;155;146;38;329;69;403;332;;
2016-02-14;76;37;357;51;249;183;;140;525;346;223;242;218;442;78;333;173;;
2016-02-13;54;18;277;27;152;155;;107;244;177;110;120;120;249;49;208;137;;
2016-02-12;32;6;459;21;206;214;0;196;197;123;112;102;27;224;40;360;269;;
2016-02-11;25;6;291;14;113;112;0;145;84;36;58;42;12;122;25;225;166;;
2016-02-10;18;2;344;10;124;118;0;121;76;30;52;41;6;140;32;214;173;;
2016-02-09;37;28;708;30;308;259;87;259;262;145;184;161;49;341;84;463;370;;
2016-02-08;48;19;610;30;282;253;190;217;263;104;180;138;40;316;73;428;332;;
2016-02-07;91;36;438;30;288;194;190;105;560;424;282;229;302;446;74;299;186;;
2016-02-06;25;19;218;25;141;138;151;89;192;156;130;88;80;217;39;200;130;;
2016-02-05;26;8;448;30;182;144;131;156;165;72;123;89;29;200;32;292;223;;
2016-02-04;22;7;456;27;155;158;126;189;130;70;81;56;12;177;34;302;242;;
2016-02-03;35;20;529;30;199;195;135;212;211;107;122;107;39;250;42;368;274;;
2016-02-02;26;9;436;22;148;146;164;181;130;67;105;68;8;179;38;304;245;;
2016-02-01;21;11;390;19;135;125;132;194;139;73;99;69;21;190;38;289;208;;
2016-01-31;27;5;150;14;77;94;74;65;148;84;62;68;61;130;18;124;85;;
2016-01-30;64;34;358;29;184;166;157;140;372;246;225;151;174;346;59;312;172;;
2016-01-29;33;8;533;27;214;216;183;228;258;105;137;105;40;302;53;366;336;;
2016-01-28;30;15;505;24;173;221;161;207;195;67;90;78;11;229;35;342;262;;
2016-01-27;33;9;472;14;148;144;116;173;148;68;78;65;3;182;25;309;221;;
2016-01-26;19;2;359;16;101;125;95;158;85;16;30;61;0;137;23;225;184;;
2016-01-25;15;0;286;0;82;110;47;130;59;7;19;58;4;100;16;215;169;;
2016-01-24;3;0;63;0;31;29;12;21;19;16;8;17;26;59;6;56;23;;
2016-01-23;2;0;115;0;36;60;12;42;17;22;18;29;24;69;5;72;31;;
2016-01-22;7;0;285;0;77;102;25;124;34;9;19;55;14;100;15;165;135;;
2016-01-21;10;0;337;1;76;113;26;122;15;9;23;49;9;124;19;238;147;;
2016-01-20;18;0;311;2;66;128;35;113;22;17;19;59;9;133;15;155;60;;
2016-01-19;17;0;335;0;67;96;36;112;27;21;29;38;8;122;12;195;49;;
2016-01-18;7;0;304;4;22;98;39;103;27;12;35;17;15;133;9;175;27;;
2016-01-17;0;0;40;1;3;50;12;19;11;13;12;2;16;46;0;49;1;;
2016-01-16;0;1;41;4;4;50;20;54;12;17;10;4;24;59;0;56;6;;
2016-01-15;10;7;410;14;114;155;105;132;90;46;85;48;8;135;29;268;167;;
2016-01-14;18;4;432;7;130;140;94;164;89;24;45;54;4;158;29;214;166;;
2016-01-13;24;8;444;22;125;142;117;157;112;21;56;67;4;168;27;287;230;;
2016-01-12;23;5;478;20;155;147;124;150;125;23;55;83;8;172;30;312;232;;
2016-01-11;6;2;371;15;114;119;87;118;96;17;49;45;3;151;28;262;179;;
2016-01-10;4;3;85;5;33;43;34;47;85;44;25;19;28;94;6;118;73;;
2016-01-09;7;4;122;6;41;57;59;63;56;26;24;24;15;68;9;124;84;;
2016-01-08;16;7;384;10;107;118;61;114;94;38;70;31;6;140;15;248;156;;
2016-01-07;19;3;400;12;104;110;66;141;93;33;79;52;7;154;14;274;182;;
2016-01-06;12;2;59;4;22;32;34;27;37;21;17;26;38;51;3;61;42;;
2016-01-05;18;6;263;8;83;122;83;115;94;26;68;39;2;113;22;216;165;;
2016-01-04;12;4;269;16;75;111;86;242;80;18;70;36;3;114;11;188;142;;
2016-01-03;6;3;63;5;20;;31;23;48;11;13;17;21;45;6;46;21;;
2016-01-02;18;4;89;5;31;44;42;36;55;15;19;25;31;65;10;75;50;;
2016-12-20;;;;;;;;;;;;;;;;;;;
