"Data","temp_min","temp_avg","temp_max","deszcz","snieg"
2014-07-28,18.9,23.6,30.1,1.4,0
2014-07-29,18.7,24,29.9,0,0
2014-07-30,18.3,23.3,27.9,0,0
2014-07-31,19.3,24.1,28.8,0,0
2014-08-01,19.9,21.1,24.3,3.8,0
2014-08-02,19.2,24.8,31.6,0,0
2014-08-03,18.5,25.4,31,0,0
2014-08-04,19.9,24.3,32.8,10.2,0
2014-08-05,17.4,21.7,25.9,0,0
2014-08-06,16.9,20.1,24.2,0,0
2014-08-07,17.5,21.4,26,6.2,0
2014-08-08,17.3,19.1,22.2,1.8,0
2014-08-09,15.2,21,27.3,0,0
2014-08-10,17.3,23.5,29.1,0,0
2014-08-11,18.8,22.9,29.8,4.6,0
2014-08-12,17.4,19.1,22.8,0,0
2014-08-13,13,18.8,23.3,19.8,0
2014-08-14,17.6,18.7,20.7,0,0
2014-08-15,13.3,18.6,23.5,0,0
2014-08-16,13.1,15.4,19.7,2,0
2014-08-17,12.4,15.1,18.7,0,0
2014-08-18,13.4,18.6,23.4,0,0
2014-08-19,11.9,16.2,20.6,0,0
2014-08-20,11.6,15.7,20.8,0,0
2014-08-21,9.1,12.6,17.1,0.4,0
2014-08-22,6.5,14.6,21.3,0,0
2014-08-23,11.3,17,23.3,0,0
2014-08-24,12.2,13.7,18.2,5.2,0
2014-08-25,9,12.8,18.6,0.4,0
2014-08-26,9.9,12.2,14.4,3.4,0
2014-08-27,6.5,12.6,17.6,5.2,0
2014-08-28,9.8,13.9,20.6,4,0
2014-08-29,8.8,16.2,22.3,1,0
2014-08-30,14.4,18,22.4,0,0
2014-08-31,14.3,18.5,23.4,0,0
2014-09-01,13.4,14.9,18.7,0,0
2014-09-02,12.8,15.1,19,0,0
2014-09-03,11.1,15.7,21,0,0
2014-09-04,9.9,15.9,21.8,0,0
2014-09-05,9,15,21.2,0,0
2014-09-06,9.6,16.2,23.2,0,0
2014-09-07,10.8,18,24.6,0,0
2014-09-08,12.7,18.7,26,1.6,0
2014-09-09,13.5,17.3,21.8,0,0
2014-09-10,9.3,14.6,18.5,0,0
2014-09-11,11.3,15.4,17.6,0.4,0
2014-09-12,15.4,20.4,26.3,0,0
2014-09-13,14.3,20.4,26.8,0,0
2014-09-14,16.4,20.5,26.6,0,0
2014-09-15,13.9,17.7,23.4,0,0
2014-09-16,9.5,14.5,19.9,0,0
2014-09-17,8.8,14.6,20.7,0,0
2014-09-18,8.8,15.9,23,0,0
2014-09-19,9.9,15.8,21.8,0.6,0
2014-09-20,13.5,16.4,20.8,0,0
2014-09-21,11.3,14.7,18.3,1,0
2014-09-22,11.8,13.5,16.2,1.4,0
2014-09-23,8,9.4,13.6,1.2,0
2014-09-24,2.8,8.1,14,0,0
2014-09-25,6,10.8,16.9,0.8,0
2014-09-26,8.3,11.1,15.2,0.6,0
2014-09-27,8.5,13.2,17.7,0,0
2014-09-28,5,12,18.4,0,0
2014-09-29,5.1,13.1,21.1,0,0
2014-09-30,9.8,15,19.2,0,0
2014-10-01,11.7,13.2,15.6,0.8,0
2014-10-02,8.3,12.6,17.9,0,0
2014-10-03,4.7,10.7,17.1,0,0
2014-10-04,3.5,9.5,16.2,0,0
2014-10-05,2.5,9.2,16.7,0,0
2014-10-06,3.1,9.5,16.5,0,0
2014-10-07,6.7,11.9,16.8,0,0
2014-10-08,9.1,13.4,17.5,0,0
2014-10-09,9.6,16.6,24,0,0
2014-10-10,11.5,16.2,23.4,0,0
2014-10-11,8.2,15.9,22.4,0,0
2014-10-12,10,14.1,17.7,0,0
2014-10-13,6.3,13.7,21,0,0
2014-10-14,12.9,15.4,20.2,0.2,0
2014-10-15,11,13.9,16.7,0.6,0
2014-10-16,8.5,11.1,13.6,0.2,0
2014-10-17,8.5,11,12.9,0.2,0
2014-10-18,7.8,8.8,10.9,0,0
2014-10-19,6,12.5,19.4,0,0
2014-10-20,13.3,14.8,17.4,1.5,0
2014-10-21,10.5,11.2,14,1.5,0
2014-10-22,9.1,10.8,13.7,0.8,0
2014-10-23,2.7,3.8,10.9,0,0
2014-10-24,-2.6,0.8,5.2,0,0
2014-10-25,-2.9,0.5,3.9,0,0
2014-10-26,-2.5,1.8,8.2,0,0
2014-10-27,-0.2,3,9.8,0,0
2014-10-28,-1.6,3.8,11.4,0,0
2014-10-29,-1.3,3.5,10.7,0,0
2014-10-30,-4.1,3.4,9,0,0
2014-10-31,5,5.3,7.4,0,0
2014-11-01,-0.1,4.4,9.2,0,0
2014-11-02,0.8,5.8,10.8,0,0
2014-11-03,3.5,8,14.3,0,0
2014-11-04,2.9,8.4,15.3,0,0
2014-11-05,7.3,12.1,18.5,0,0
2014-11-06,9.4,13.8,18.6,0.5,0
2014-11-07,8.9,10.6,15.3,1.7,0
2014-11-08,8.1,8.5,9.4,4.7,0
2014-11-09,7.8,9,9.8,0.1,0
2014-11-10,9.2,10.6,11.4,0,0
2014-11-11,6.8,10.1,13.7,0,0
2014-11-12,6.6,7.5,11.3,0,0
2014-11-13,7,8.7,10,0,0
2014-11-14,6.6,7.5,9.7,0,0
2014-11-15,4.3,5.5,6.7,0,0
2014-11-16,3.8,4.6,4.9,0.6,0
2014-11-17,4.5,5.2,5.7,1.2,0
2014-11-18,2.2,2.6,5,2.1,0
2014-11-19,1.2,1.7,2.4,0,0.3
2014-11-20,0.5,1.4,2,0,0
2014-11-21,0.9,1.7,2.4,0,0
2014-11-22,1.8,3,4,0,0
2014-11-23,-0.4,2.1,5.2,0,0
2014-11-24,-0.3,1.4,4.4,0,4.3
2014-11-25,0,2.3,4.3,0.1,0
2014-11-26,1.3,2.3,3.5,0,0
2014-11-27,-1.7,-0.7,1.4,0,0
2014-11-28,-5.5,-3,-1.6,0,0
2014-11-29,-6.5,-5,-1.7,0,0
2014-11-30,-8.5,-6.8,-4.1,0,0
2014-12-01,-6.4,-4,-3,0,0
2014-12-02,-7.2,-3.8,0.1,0,0
2014-12-03,-3.8,-2,-0.7,0,0
2014-12-04,-0.9,0,1.4,0,0
2014-12-05,-3,-2.3,0.7,0,0
2014-12-06,-2.4,-0.6,0.6,0,0
2014-12-07,0.3,1.2,2.2,0.1,0
2014-12-08,0.9,1.9,3.3,0,0.1
2014-12-09,-4.2,-0.6,3.3,0,0
2014-12-10,-6.5,-3.1,-2.1,0,0
2014-12-11,-2.3,0.3,1.9,0.6,0
2014-12-12,0.1,3.9,5.6,0,0
2014-12-13,4,7,9.9,0.6,0
2014-12-14,1.8,3.5,5.4,4.9,0
2014-12-15,1.5,5,8,0,0
2014-12-16,2.9,4.8,7.3,4.8,0
2014-12-17,-0.4,2.7,5.6,0,0
2014-12-18,-0.8,4,6.7,3.2,0
2014-12-19,5.5,10.2,11.9,4.2,0
2014-12-20,3.9,5.5,10.3,1.3,0
2014-12-21,2.4,3.8,4.7,6.9,0
2014-12-22,3,6.5,8.6,23.2,0
2014-12-23,7,8.7,10.3,19.4,0
2014-12-24,6.2,7.7,9.5,4.2,0
2014-12-25,3.3,4.2,8,0,8.1
2014-12-26,-6.5,-4.2,3.7,0,0
2014-12-27,-8.1,-7.5,-6.5,0,0
2014-12-28,-9.8,-7.5,-6.4,0,0
2014-12-29,-8,-6.2,-4.9,0,0
2014-12-30,-11,-8.6,-6.8,0,0
2014-12-31,-9.8,-3.7,-1.2,0,0.2
2015-01-01,-1.2,1.5,2.7,0,0
2015-01-02,1,3.8,6.6,0.9,0
2015-01-03,1.4,3.5,5.6,0,1.2
2015-01-04,0.7,1.9,3.6,0,0.3
2015-01-05,-1.8,0,1.8,0,0.8
2015-01-06,-9.8,-7,0.8,0,0
2015-01-07,-12.5,-8.5,-5.6,0,0.5
2015-01-08,-6.4,-1.4,1.5,0,4.5
2015-01-09,0.3,3.5,5.8,4.1,0
2015-01-10,3.7,5.8,11.1,5,0
2015-01-11,3.1,3.8,11.5,0,0
2015-01-12,2.7,4,4.8,0.9,0
2015-01-13,4.7,7.3,9.7,0.4,0
2015-01-14,5.3,6.7,10,1,0
2015-01-15,-0.2,2.2,5.7,0.1,0
2015-01-16,0.9,5.2,10.1,0,0
2015-01-17,1,3.9,8.2,1.1,0
2015-01-18,1.6,2.4,4,0,0
2015-01-19,-4.8,-1.2,2.1,0,0.6
2015-01-20,-0.4,0.3,0.8,0,0.3
2015-01-21,0.6,2.4,4.1,0,0
2015-01-22,0.6,1.7,3.3,0,5.3
2015-01-23,0.5,0.8,1.1,0,0.3
2015-01-24,-0.3,0,0.7,0,1.7
2015-01-25,-1.5,-0.8,0.3,0,1.2
2015-01-26,-2,-0.9,0.3,0,0
2015-01-27,-3.4,-0.7,0.7,0,2.6
2015-01-28,0.5,1,1.8,0,0.2
2015-01-29,-1,0.3,2.1,0,0
2015-01-30,-2.5,0.7,3.7,0,5.3
2015-01-31,-0.7,0.3,2.8,0,0.1
2015-02-01,-1.8,-0.1,3.8,0,0
2015-02-02,-5.8,-1.8,2.6,0,0
2015-02-03,-2.5,-0.5,3.2,0,0
2015-02-04,-5.3,-1.1,2.6,0,1
2015-02-05,-2.2,-1.5,0,0,0.1
2015-02-06,-3.8,-2.5,-0.2,0,0
2015-02-07,-5.6,-1.9,0.5,0,0.7
2015-02-08,-2.5,-0.8,1.4,0,0.2
2015-02-09,-4.4,-1,1.7,0,2
2015-02-10,1,1.6,2.5,0.1,0
2015-02-11,1.1,2,3.1,0,0
2015-02-12,0.8,1.8,4.6,0,0
2015-02-13,-4.5,0.9,7.8,0,0
2015-02-14,-3.1,1.6,8.9,0,0
2015-02-15,-3,-1.3,2.5,0,0
2015-02-16,-2.2,-1,0.9,0,0
2015-02-17,-6,-2.3,2.3,0,0
2015-02-18,-7.8,-1.3,2.1,0.6,0
2015-02-19,-0.2,2.6,4.5,0.3,0
2015-02-20,0.9,3.3,9.4,0,0
2015-02-21,-2.2,2,7.2,0,0
2015-02-22,-3.9,2.7,7.9,0,0
2015-02-23,-0.8,4.1,9,0,0
2015-02-24,3.6,5.3,7.5,0,0
2015-02-25,2.2,5.4,8,1.3,0
2015-02-26,4.2,5.6,7.2,0,0
2015-02-27,4.6,5.4,6.9,0,0
2015-02-28,2.9,4.7,8.2,0,0
2015-03-01,-3.8,3.4,9.7,0,0
2015-03-02,2.8,5.3,9.2,1.9,0
2015-03-03,1.1,2.2,4.6,0,1.7
2015-03-04,-1.9,1.7,5.6,0,1.2
2015-03-05,-0.5,1.3,3.6,0,0.9
2015-03-06,-2.5,-0.2,2.6,0.3,0
2015-03-07,-0.3,4.2,7.3,0.1,0
2015-03-08,3.2,8.1,12.7,0,0
2015-03-09,5.4,8.3,14.1,0,0
2015-03-10,-2.1,6.4,14.9,0,0
2015-03-11,-0.2,4.5,9.8,0,0
2015-03-12,-0.4,4.9,10,0,0
2015-03-13,2.2,3.3,5.5,2.8,0
2015-03-14,2.2,4.3,5.3,2.1,0
2015-03-15,3.9,6.4,8.6,0,0
2015-03-16,4.3,7.3,11.9,0,0
2015-03-17,1.8,7,13,0,0
2015-03-18,-0.2,5.7,11.7,0,0
2015-03-19,-1.3,4.5,10.9,0,0
2015-03-20,-3,4.5,11.1,0,0
2015-03-21,1.5,7.3,13,0,0.5
2015-03-22,-2.4,0.3,8.7,0,0
2015-03-23,-5.6,1.9,8.4,0,0
2015-03-24,-3.5,7.2,16,0,0
2015-03-25,1.4,10.2,18.1,0,0
2015-03-26,8.6,12.3,17.3,0.3,0
2015-03-27,6.7,10.9,19.7,3.2,0
2015-03-28,4.2,6.3,9.6,0.3,0
2015-03-29,3.1,8.4,12.8,3.7,0
2015-03-30,5.1,7.6,11.5,1,0
2015-03-31,1.9,4.4,6.4,0,10.2
2015-04-01,2.4,4,6.5,0,3.1
2015-04-02,0.9,2.2,4.6,0,0.6
2015-04-03,-0.6,1.9,8.3,0,3.6
2015-04-04,-0.1,2,7.8,0,0.7
2015-04-05,-0.1,2.1,5.7,0,4.7
2015-04-06,0.5,3,5.6,0,0
2015-04-07,-0.1,4.4,7.9,0.1,0
2015-04-08,5,7.8,13.1,0,0
2015-04-09,0.3,7.2,14.1,0,0
2015-04-10,0.2,10.1,17.9,0,0
2015-04-11,3.9,13.5,20.7,0,0
2015-04-12,7.7,11.4,16.8,0,0
2015-04-13,3,7.9,14.9,1.3,0
2015-04-14,1.9,6.5,10.2,0.8,0
2015-04-15,7.1,11.2,14.6,0,0
2015-04-16,9.5,11.9,15.7,0,0
2015-04-17,3.2,7.4,12.5,0,0
2015-04-18,0.4,4.6,9.1,0,0
2015-04-19,1.4,5,9.2,0,0
2015-04-20,4.6,8.6,14.1,0,0
2015-04-21,0.4,8.5,16,0,0
2015-04-22,3.1,10.3,16.2,0,0
2015-04-23,1.5,11.8,18.5,0,0
2015-04-24,7.9,14.3,19.9,0,0
2015-04-25,5.1,15.3,22.9,0,0
2015-04-26,12.6,14.2,18.2,6.8,0
2015-04-27,6.4,16,23.3,0,0
2015-04-28,12.8,15.8,23.5,13.5,0
2015-04-29,4.2,8.1,14.4,0,0
2015-04-30,2.3,9.8,14.9,0,0
2015-05-01,6.6,10.5,15.9,0.2,0
2015-05-02,1.7,9.3,15,0,0
2015-05-03,4,11.5,16.8,0,0
2015-05-04,7.5,12.7,17.1,0.2,0
2015-05-05,7.4,17,23.6,0.3,0
2015-05-06,15.1,15.9,20.5,16.7,0
2015-05-07,8,14.4,19.5,0,0
2015-05-08,6.9,12.7,17.6,0,0
2015-05-09,9.5,15,20.2,0.5,0
2015-05-10,11.3,13,16.2,2.2,0
2015-05-11,8.5,11,15.2,0,0
2015-05-12,4.7,14.6,21.8,0.8,0
2015-05-13,10.9,14,19.1,0.3,0
2015-05-14,9.1,11.9,16.7,2.2,0
2015-05-15,6.7,11.1,16.3,0.1,0
2015-05-16,2.2,12,17.5,0.1,0
2015-05-17,9.6,11.9,16.1,0,0
2015-05-18,7.2,12.7,18.1,0,0
2015-05-19,8.9,16.6,25.6,3.6,0
2015-05-20,13.7,16.9,22.4,1.5,0
2015-05-21,9.8,12.5,17.4,0,0
2015-05-22,10.9,13.6,17.5,0,0
2015-05-23,9,12.4,15.3,0,0
2015-05-24,10.3,14.6,19.1,0,0
2015-05-25,11.3,15.2,20,1.3,0
2015-05-26,11.5,14.1,17.1,8.3,0
2015-05-27,8.1,10.8,14.2,0,0
2015-05-28,7.2,11.5,15.9,0,0
2015-05-29,4.7,14.2,20.6,0,0
2015-05-30,12,17.2,23.4,0.3,0
2015-05-31,10.8,14.9,19.3,0,0
2015-06-01,9.6,19.3,26.2,0,0
2015-06-02,15.1,21.7,28.1,0,0
2015-06-03,15.4,23.3,30,0,0
2015-06-04,12.6,17.1,26.3,0,0
2015-06-05,10,17.5,24,0,0
2015-06-06,12,20.8,27.7,0,0
2015-06-07,15.2,20.5,27.8,0,0
2015-06-08,13.4,17.3,20.8,0,0
2015-06-09,13,15,19.4,0.5,0
2015-06-10,12.7,16.7,21.2,0,0
2015-06-11,11.5,18.2,24.1,0,0
2015-06-12,9.6,20.2,27.1,5.1,0
2015-06-13,16.9,22.7,28.3,4.1,0
2015-06-14,18.1,21.8,26.6,0.8,0
2015-06-15,15.6,17.9,24,0,0
2015-06-16,8.4,13.6,19.5,0,0
2015-06-17,10.1,15.6,20.4,0,0
2015-06-18,8.7,15.1,19.8,1.8,0
2015-06-19,12.7,14.8,18.4,0,0
2015-06-20,6.6,13.6,19.5,0.7,0
2015-06-21,10.9,15.2,19.8,0,0
2015-06-22,8.8,16.1,21.1,0.7,0
2015-06-23,12.9,14.1,18.2,3.2,0
2015-06-24,8.3,15.2,20,0,0
2015-06-25,9.6,16.2,21.6,0,0
2015-06-26,10.9,17.7,23.9,1.5,0
2015-06-27,12,17.4,21.3,0,0
2015-06-28,12,19.7,25.9,0.1,0
2015-06-29,16.3,17.6,22,0.6,0
2015-06-30,11.2,19.3,26.2,0.1,0
2015-07-01,14,20.6,26.4,0,0
2015-07-02,15.4,21.5,26.9,0,0
2015-07-03,16.2,23.3,29.2,0,0
2015-07-04,14.3,23.9,31.6,0,0
2015-07-05,15.5,26.7,34.5,0,0
2015-07-06,17.5,24.6,31.9,1,0
2015-07-07,13.5,23.1,30.3,6.9,0
2015-07-08,18.1,20.6,28,15.3,0
2015-07-09,14.2,17,23.3,5.2,0
2015-07-10,11.7,13.3,15.8,0.3,0
2015-07-11,11.9,15.7,18.7,0,0
2015-07-12,11.6,18,23.7,0,0
2015-07-13,15.4,17.7,22,2.5,0
2015-07-14,15.2,18.1,22.5,0,0
2015-07-15,13.8,18.5,23.4,0,0
2015-07-16,12.2,19.5,25.4,0,0
2015-07-17,13.1,21.7,27.8,0,0
2015-07-18,15.9,24.2,35.7,1.9,0
2015-07-19,17.7,22.1,30,14.5,0
2015-07-20,16.8,19.7,23.9,0,0
2015-07-21,10.9,19.1,24.7,0,0
2015-07-22,17.6,23.4,29,0,0
2015-07-23,20.3,23.5,29.2,0,0
2015-07-24,16.7,22.5,27.1,0,0
2015-07-25,18.8,23.7,32.9,10,0
2015-07-26,15.9,17.7,20.2,0,0
2015-07-27,10,16.8,21.6,0,0
2015-07-28,14.9,18,21.7,0.2,0
2015-07-29,13,17.8,22.3,1.2,0
2015-07-30,12.3,16.4,21.6,0,0
2015-07-31,10.5,15.6,19.9,0,0
2015-08-01,7.1,16.2,22.9,0,0
2015-08-02,12.4,21.2,28.6,0,0
2015-08-03,17.3,24.9,31.4,0,0
2015-08-04,19,27,33.4,0,0
2015-08-05,19.4,26.8,34.1,0,0
2015-08-06,17.5,25.8,33.7,0,0
2015-08-07,21.1,28.6,35.1,0,0
2015-08-08,21.6,29.3,36.6,0,0
2015-08-09,22.8,27.4,33.9,0,0
2015-08-10,19.6,25.2,31.1,0,0
2015-08-11,19.6,26.8,33.9,0,0
2015-08-12,19.4,27.9,34.5,0,0
2015-08-13,20.8,25.1,30.4,0,0
2015-08-14,18,24,29.8,0,0
2015-08-15,16.8,24.9,31.9,1.6,0
2015-08-16,17.2,23.9,30.4,0,0
2015-08-17,17.9,23.3,29.3,0,0
2015-08-18,15.3,20.6,26.2,0,0
2015-08-19,11.9,18.2,23.9,0,0
2015-08-20,11.2,18.2,24,0,0
2015-08-21,11.6,19.1,24.7,0.4,0
2015-08-22,13.9,19,24.4,0,0
2015-08-23,13.9,21.2,27.1,0,0
2015-08-24,14.8,22.4,29,0,0
2015-08-25,14.7,18.9,27.3,6.4,0
2015-08-26,11,18.3,24.4,0,0
2015-08-27,13,21.1,29.2,0,0
2015-08-28,17.1,21.9,29.4,0,0
2015-08-29,15.6,19.2,24.2,0,0
2015-08-30,11,21.7,30.3,0,0
2015-08-31,18.6,26.5,34.7,0,0
2015-09-01,17.8,27.2,34.5,0,0
2015-09-02,16.7,18.8,29.6,0,0
2015-09-03,11.3,16.8,22,0.5,0
2015-09-04,12.4,14.5,18.3,4.5,0
2015-09-05,10.3,16.3,22.5,0,0
2015-09-06,9.7,12.8,17.4,11,0
2015-09-07,9.8,11.6,12.7,6.8,0
2015-09-08,9.5,12.1,15.9,1.8,0
2015-09-09,8.2,12.3,18.1,0,0
2015-09-10,9.6,15.2,20.3,0,0
2015-09-11,11.6,15.6,20.1,2.1,0
2015-09-12,12.1,13.6,16.6,1,0
2015-09-13,10.5,14.2,18.1,0,0
2015-09-14,10.4,16.5,22.1,2.4,0
2015-09-15,14.6,19.2,23.1,10.9,0
2015-09-16,16.4,21.3,26.3,0,0
2015-09-17,17.4,23.6,29.9,0,0
2015-09-18,15.7,18.3,25,0.4,0
2015-09-19,13.7,17.3,22.4,0,0
2015-09-20,11.9,14.7,19.8,0,0
2015-09-21,8.3,10.9,15.1,0,0
2015-09-22,5.7,12,18.6,0,0
2015-09-23,10.1,16.3,23.3,0,0
2015-09-24,12.7,18.1,23.4,2.3,0
2015-09-25,13.7,16.5,19.3,11.7,0
2015-09-26,12.5,13.2,17.4,3,0
2015-09-27,7.4,11.3,16.1,0,0
2015-09-28,5.3,10.6,16.7,0,0
2015-09-29,7.6,11.2,14.7,0,0
2015-09-30,8.8,10.5,15,0,0
2015-10-01,1.3,9,16,0,0
2015-10-02,2.5,10.2,17.7,0,0
2015-10-03,1.6,11.6,19.8,0,0
2015-10-04,8.8,14.6,22.1,0,0
2015-10-05,9.8,13.7,19.8,0,0
2015-10-06,9.5,12.3,14.9,0,0
2015-10-07,3.3,6.7,13.1,0,0
2015-10-08,0.5,5.2,11,0,0
2015-10-09,-1.6,3.4,8.8,0,0
2015-10-10,-1.8,3,8.9,0,0
2015-10-11,-2.5,2.6,7.8,0,0
2015-10-12,0.2,3,6.4,4.3,0
2015-10-13,2.8,4.2,4.9,0.4,0
2015-10-14,4.7,6.7,10.2,0,0
2015-10-15,5.1,8.2,10.4,2.3,0
2015-10-16,6.6,9.8,13.4,2.4,0
2015-10-17,8.5,9.5,11.4,17.7,0
2015-10-18,8.3,9.1,10.3,9.9,0
2015-10-19,6.4,8.2,10.4,0,0
2015-10-20,6.8,8.2,10.1,0.3,0
2015-10-21,7,7.8,8.8,1.5,0
2015-10-22,7.1,8.3,10.4,0.7,0
2015-10-23,6.3,9.6,12.3,0,0
2015-10-24,7.7,8.9,10.8,0,0
2015-10-25,1.4,6.8,10.9,0.3,0
2015-10-26,4.5,6.4,11.1,0,0
2015-10-27,-1.8,3.2,9.8,0,0
2015-10-28,-0.9,5.2,11.9,0,0
2015-10-29,2.5,5.8,9.9,0,0
2015-10-30,3.4,7.2,12.5,0,0
2015-10-31,1.7,5.8,12.1,0,0
2015-11-01,0,6.9,15.4,0,0
2015-11-02,1.9,6.7,12.6,0,0
2015-11-03,-1.2,4.5,11.4,0,0
2015-11-04,-3.2,2.2,9,0,0
2015-11-05,0.9,2.8,4.6,0,0
2015-11-06,0.5,1.1,3.1,1.3,0
2015-11-07,1,4.6,7.5,3.2,0
2015-11-08,7.1,12.3,15.8,0,0
2015-11-09,3.9,8.6,11.8,6.3,0
2015-11-10,9.7,12,14,1.9,0
2015-11-11,13.1,13.8,15,1.6,0
2015-11-12,10.4,11.4,13.5,0,0
2015-11-13,5.9,7.6,10.7,3.9,0
2015-11-14,6.2,7.9,10.4,0,0
2015-11-15,5,5.9,7.3,4.2,0
2015-11-16,4.4,5.9,7.5,0.4,0
2015-11-17,5.5,9.3,10.2,4.8,0
2015-11-18,9.1,10.6,12.6,9.8,0
2015-11-19,7.4,10.1,12.8,5.8,0
2015-11-20,3.8,7.4,10,1.4,0
2015-11-21,3.4,4.5,5.7,2.3,0
2015-11-22,1.1,2.7,3.9,0,0
2015-11-23,-1.8,0.9,4.1,0,0
2015-11-24,-2,-0.5,1.4,0,0
2015-11-25,-4.9,-1.9,1.7,0,0
2015-11-26,-3.5,-1.9,-0.7,0,0
2015-11-27,-5.9,-2.8,-0.3,0,0
2015-11-28,-3.9,-1.1,-0.1,0,0.1
2015-11-29,-0.4,3.1,5.1,1.2,0
2015-11-30,3.9,5.3,7.2,0,4.5
2015-12-01,0.1,2.6,5.5,0,2.5
2015-12-02,1.1,3.4,5.4,0.5,0
2015-12-03,4.2,7.5,9,0,0
2015-12-04,4.4,6.9,9.5,0.1,0
2015-12-05,5.4,7.5,9.5,0,0
2015-12-06,6.9,8.4,10.6,0,0
2015-12-07,6.5,8.5,10.7,0,0
2015-12-08,-2.7,0.5,6.6,0,0
2015-12-09,1.6,3.1,4.4,0.2,0
2015-12-10,0,3.5,5.9,0,0
2015-12-11,-3,1.8,5.2,0.7,0
2015-12-12,4.2,4.8,5.5,0.3,0
2015-12-13,2.2,4.1,8.6,5.4,0
2015-12-14,-1.2,1.3,3.9,0,0
2015-12-15,-1.9,-0.1,1.4,0,1.7
2015-12-16,0.3,1.2,1.7,0,0
2015-12-17,1.7,4.4,6.1,0.9,0
2015-12-18,6.1,9.3,10.9,0,0
2015-12-19,8.2,9.6,11.3,0,0
2015-12-20,4.4,6.6,9.9,0,0
2015-12-21,0.6,5.4,8.1,2.3,0
2015-12-22,6.1,8.8,9.9,0,0
2015-12-23,9.1,11.7,14.4,0,0
2015-12-24,3.2,5.5,10.8,0,0
2015-12-25,-0.4,5.4,10,0,0
2015-12-26,2.5,11,13.8,0,0
2015-12-27,6.4,9.6,13.9,2.2,0
2015-12-28,3.1,6.5,10.4,0,0.5
2015-12-29,-4,-1.9,4.6,0,0
2015-12-30,-6.4,-4.1,-1.8,0,0
2015-12-31,-8.3,-5.6,-1,0,0
2016-01-01,-11.1,-9.1,-4.9,0,0
2016-01-02,-12.6,-10.7,-8.3,0,0
2016-01-03,-16.5,-15,-12.6,0,0
2016-01-04,-16.4,-14.1,-10.6,0,0
2016-01-05,-17.1,-13.6,-10.8,0,0.4
2016-01-06,-11.7,-6.8,-5.3,0,0
2016-01-07,-5.9,-5.4,-4.9,0,0
2016-01-08,-5.9,-3.2,1.9,0,3.3
2016-01-09,-1.5,0.5,2.1,0,0
2016-01-10,-5,-1.7,0.4,0,0
2016-01-11,-0.5,1,2.7,1.4,0
2016-01-12,-1.4,0.2,2.2,0,0.3
2016-01-13,-1.5,1,2.8,0,1.2
2016-01-14,-1.9,-0.8,1.7,0,0
2016-01-15,-3.1,-1.1,0.1,0,7.9
2016-01-16,-6.3,-3.9,-0.9,0,0
2016-01-17,-9.8,-4.8,-2,0,0
2016-01-18,-8,-6.1,-2.9,0,0.3
2016-01-19,-9.6,-5.5,-3.2,0,0
2016-01-20,-10,-6.5,-4.1,0,0.3
2016-01-21,-5.3,-3.3,-2,0,0.1
2016-01-22,-6.3,-4.5,-1.9,0,0
2016-01-23,-14.6,-9.6,-3.6,0,0
2016-01-24,-12,-3.2,0.6,0,0.4
2016-01-25,0.6,1.6,2.7,1,0
2016-01-26,0.4,3.3,6.2,1.5,0
2016-01-27,3.3,7.1,8.3,0.1,0
2016-01-28,5.2,7.7,11.2,0,0
2016-01-29,0.4,4.2,7.4,0,0
2016-01-30,5.4,7.7,9.6,2,0
2016-01-31,2.9,4.4,8.4,0,0.4
2016-02-01,1.5,3.5,5.5,1.8,0
2016-02-02,3.4,9.7,11.1,3.9,0
2016-02-03,5,5.9,10.1,0,0
2016-02-04,1.1,2.3,5,0,0.7
2016-02-05,0.2,1.4,2.5,0,0
2016-02-06,-1.5,2.5,6.2,0,0
2016-02-07,0,4.3,9.5,0,0
2016-02-08,1.3,6.3,10.2,0,0
2016-02-09,6.5,8.5,10.3,0.4,0
2016-02-10,1,5.5,9.4,0,16.2
2016-02-11,0.2,1.7,3.4,0,5.6
2016-02-12,1.3,3.1,6.7,0.1,0
2016-02-13,1.1,3,5.1,0.2,0
2016-02-14,2.6,5,8.6,0,0
2016-02-15,1.5,4.9,7.8,0,0
2016-02-16,1.5,3.6,6.3,0,0
2016-02-17,-3.2,1.3,3.9,0.7,0
2016-02-18,2.9,6.4,8.3,5.1,0
2016-02-19,1.9,3.4,7,0,10.4
2016-02-20,-0.1,1.4,3.2,0,3.1
2016-02-21,1.4,4.6,8.5,4.6,0
2016-02-22,4.1,8,12.5,6.2,0
2016-02-23,2,3.5,5.4,0,0
2016-02-24,0.3,2.8,5.3,0,0.8
2016-02-25,-1.8,1.3,5.5,0,0
2016-02-26,-3,-0.5,2.7,0,1.2
2016-02-27,-5.6,-1.8,2.2,0,0
2016-02-28,-2.2,1.4,5.4,0,0.2
2016-02-29,-0.4,0.8,2.1,0,5.8
2016-03-01,0.3,0.7,1.2,0,7.7
2016-03-02,0.1,1.3,3.4,0,0
2016-03-03,0.8,4,8.5,0,0
2016-03-04,1.3,2.3,4.9,0,0
2016-03-05,1.2,2.8,5.8,0,0
2016-03-06,1.4,5.8,9.4,1.2,0
2016-03-07,-1.8,3.8,8.2,0,0
2016-03-08,2.6,4.8,6.9,0,0
2016-03-09,-2.9,3.8,7.4,0,0
2016-03-10,3.5,4.8,6.9,1.4,0
2016-03-11,4.5,5.2,6.1,0.8,0
2016-03-12,3.3,4.1,5.6,0,0
2016-03-13,1.3,4.1,7.3,0,0
2016-03-14,-2,1.6,6.7,0,4.9
2016-03-15,0.1,2.3,4.2,0,0
2016-03-16,0.2,3.7,8.3,0,0
2016-03-17,-0.3,4.7,10.7,0,0
2016-03-18,2.6,4.7,7.8,0,0
2016-03-19,-3.2,1.5,5.1,0,0
2016-03-20,3.4,4.3,6.3,0,0
2016-03-21,2.6,5.7,10.4,1.5,0
2016-03-22,2.5,4.2,7,1.2,0
2016-03-23,-3.5,1.9,7.1,0,0
2016-03-24,-3.1,1.6,7.2,0,0
2016-03-25,-3.4,3.5,8.1,0.3,0
2016-03-26,2.3,5,7.1,5,0
2016-03-27,-2.6,5.2,11.6,0,0
2016-03-28,1,8.1,15.1,0,0
2016-03-29,4.2,7.7,12.7,2,0
2016-03-30,4,8.3,13,1.1,0
2016-03-31,5.1,8.9,13.1,5.7,0
2016-04-01,3.1,5.5,9.5,2.1,0
2016-04-02,-0.9,6.2,12.3,0,0
2016-04-03,0.7,9.2,16.4,0,0
2016-04-04,5.9,13.5,21.1,0,0
2016-04-05,8.7,16.2,23.7,0,0
2016-04-06,9.8,12.4,19,0.3,0
2016-04-07,3.6,12.6,18.4,0,0
2016-04-08,7.6,10.4,16.2,0.9,0
2016-04-09,7,9.8,12.1,5.6,0
2016-04-10,7.1,8.6,10.8,0.5,0
2016-04-11,7.2,10.8,14.6,2.1,0
2016-04-12,8.7,11.9,16.4,0,0
2016-04-13,11,12.7,16.8,0,0
2016-04-14,6.7,10,13.3,0,0
2016-04-15,2.3,9.1,14.1,0.3,0
2016-04-16,6.5,12.4,18.2,0.5,0
2016-04-17,6.5,13.5,22.3,0,0
2016-04-18,7.8,10.1,13.1,0,0
2016-04-19,5.2,8.6,12.2,0,0
2016-04-20,4.1,7,12.7,2.4,0
2016-04-21,0.4,9.1,14.9,0,0
2016-04-22,5.2,8.8,13.1,0,0
2016-04-23,2.6,9,14.1,0.9,0
2016-04-24,3.6,7.1,11.7,0,0
2016-04-25,2.1,6.1,9.8,0,0
2016-04-26,1,8.3,13.4,0.3,0
2016-04-27,5.4,6.4,11.4,15.3,0
2016-04-28,3.2,7.5,12.8,0.2,0
2016-04-29,4.2,9,14.7,0,0
2016-04-30,4.3,8.7,12.1,0,0
2016-05-01,8.4,10.4,14.6,0,0
2016-05-02,6.3,12.4,19,2.2,0
2016-05-03,8.2,13.9,19.9,0.4,0
2016-05-04,9,14.9,20.6,0.9,0
2016-05-05,7.6,15.6,21.5,0,0
2016-05-06,9.1,16,21.4,0,0
2016-05-07,9.2,15.5,20.8,0.2,0
2016-05-08,10.3,15.6,23.7,0.1,0
2016-05-09,8.3,16.4,21.7,0,0
2016-05-10,10.1,17.1,22.9,0,0
2016-05-11,11.1,17.2,23,0.3,0
2016-05-12,10.3,17.9,24.1,0,0
2016-05-13,12.2,17.3,23.4,0.1,0
2016-05-14,12.4,13.7,17.7,1.1,0
2016-05-15,9.6,10.4,13.1,0,0
2016-05-16,4.8,8.2,11.8,0.3,0
2016-05-17,4.7,8,11.9,2.1,0
2016-05-18,6.5,10,15.7,0,0
2016-05-19,3.9,12.5,18.6,0,0
2016-05-20,6.2,15.2,22,0,0
2016-05-21,12.1,17.7,22.9,0,0
2016-05-22,10.3,19.2,25.2,0,0
2016-05-23,14.3,21.3,27.3,0,0
2016-05-24,14.2,21,25.9,0,0
2016-05-25,13.6,17.9,23.6,0.4,0
2016-05-26,11.7,17.4,24.1,0,0
2016-05-27,12.6,18.3,25.8,16.4,0
2016-05-28,14.4,21.5,27.3,0,0
2016-05-29,15.1,22.3,27.9,0,0
2016-05-30,17.2,22.6,29.3,0.6,0
2016-05-31,16.6,20.1,24.6,3.1,0
2016-06-01,17.1,19.4,24.5,1.5,0
2016-06-02,15.8,20.3,25.2,0,0
2016-06-03,14.2,19.3,23.9,0,0
2016-06-04,11.7,18.8,26.2,0.4,0
2016-06-05,12.8,18.4,23.6,0,0
2016-06-06,9.7,14.5,19,0,0
2016-06-07,6.7,15.4,20.8,0,0
2016-06-08,6.6,18.3,25.2,0,0
2016-06-09,12.9,16.1,22.1,0,0
2016-06-10,5.5,15.5,21.1,5.4,0
2016-06-11,8.2,13.5,18.7,0,0
2016-06-12,8.6,15.2,21,0,0
2016-06-13,9.5,17.7,23.6,0,0
2016-06-14,13.9,18.3,23.6,0,0
2016-06-15,14.1,18.4,24.2,3.1,0
2016-06-16,14.7,20.2,25.8,0,0
2016-06-17,18.4,21.5,30,3.9,0
2016-06-18,13.4,19,24.4,0,0
2016-06-19,12.2,21.6,28,10.5,0
2016-06-20,16.4,18.4,25.1,6.6,0
2016-06-21,14.3,18.9,24.7,0,0
2016-06-22,14.2,21.6,26.5,0,0
2016-06-23,18.2,23.1,28.6,0,0
2016-06-24,18.3,26.2,32.2,0,0
2016-06-25,22.3,27.5,33.4,0,0
2016-06-26,18.6,24.1,33.5,21.5,0
2016-06-27,15.8,19.9,24.4,0.3,0
2016-06-28,16.9,19.4,23.2,0,0
2016-06-29,13,21.6,28,0,0
2016-06-30,17,24.1,30.6,2.5,0
2016-07-01,17.8,22.7,28.2,0,0
2016-07-02,18.2,25.1,31.5,0.2,0
2016-07-03,14.7,17.7,29.8,4.4,0
2016-07-04,11.4,17.2,22.5,0,0
2016-07-05,8.9,18.7,24.4,0,0
2016-07-06,13.2,16.5,21.8,4.8,0
2016-07-07,12.4,15.6,19.6,0.2,0
2016-07-08,8.3,18.3,24.2,0,0
2016-07-09,15.6,18.3,22.2,1.1,0
2016-07-10,14.4,20.3,26,0,0
2016-07-11,17.2,24.4,32.1,0,0
2016-07-12,19.1,21.8,25.4,35.4,0
2016-07-13,18.4,20.1,23.3,1.6,0
2016-07-14,16.4,18.2,22.2,0.4,0
2016-07-15,12.3,16.4,20.7,0,0
2016-07-16,12,17.1,21.3,0.5,0
2016-07-17,15.3,18.4,21.6,0,0
2016-07-18,15.8,17.3,20.5,0,0
2016-07-19,14.2,17.3,22.4,0,0
2016-07-20,11.6,18.2,23.8,0,0
2016-07-21,11.8,18.9,25.2,0,0
2016-07-22,11.5,18.2,22.4,0,0
2016-07-23,17.8,20.9,25.9,0,0
2016-07-24,17.5,23,28.2,0,0
2016-07-25,19.9,24.3,29.2,0.3,0
2016-07-26,20.1,24.8,30.5,0,0
2016-07-27,19.5,23,28.5,1.9,0
2016-07-28,18.4,22.5,27.4,0.3,0
2016-07-29,17.4,20.8,27.3,14.3,0
2016-07-30,15.9,21.2,26.7,0,0
2016-07-31,17.1,22,28.6,5.4,0
2016-08-01,18.4,20,24.4,2.1,0
2016-08-02,14.5,19.5,24,0.2,0
2016-08-03,14.2,18.9,23.5,1.1,0
2016-08-04,17.4,22.1,27.6,0.3,0
2016-08-05,18,24.6,30.9,7.7,0
2016-08-06,16.4,17.4,27.5,1.5,0
2016-08-07,12.8,17.3,22.9,0,0
2016-08-08,10,20.5,28.1,0,0
2016-08-09,15.3,18.3,24.3,21.7,0
2016-08-10,12.4,13.7,17.9,6.6,0
2016-08-11,9.9,14.1,18.7,0,0
2016-08-12,6.1,14.8,21,0,0
2016-08-13,12.3,16.9,21.8,0.3,0
2016-08-14,16.8,19.5,23.2,0,0
2016-08-15,13.7,17.2,21.5,0.3,0
2016-08-16,12.4,15.9,20.9,0,0
2016-08-17,12,16,20.9,0,0
2016-08-18,10.3,17.5,22.3,0,0
2016-08-19,13.5,19.8,26.3,0,0
2016-08-20,14.9,22.1,28.1,0,0
2016-08-21,18,20.3,28.6,17.7,0
2016-08-22,16.7,18.1,20.7,1.4,0
2016-08-23,13.5,19.1,24.2,0,0
2016-08-24,15.8,18.4,21.3,0,0
2016-08-25,12.4,19.5,25.3,0,0
2016-08-26,12.9,20.2,26.7,0,0
2016-08-27,13,21.3,29.4,0,0
2016-08-28,15.5,22.7,29.6,0,0
2016-08-29,16.1,22.7,29.6,0,0
2016-08-30,14.2,17.5,22.9,0,0
2016-08-31,9.9,16.8,23.3,0,0
2016-09-01,11.6,18.5,25.4,0,0
2016-09-02,13.3,19,25.1,0,0
2016-09-03,10,18.2,24.4,0,0
2016-09-04,11.8,19.6,28.6,8.7,0
2016-09-05,14.7,16,20.7,1.1,0
2016-09-06,13.8,18.1,23,0,0
2016-09-07,10.5,18.6,25.1,0,0
2016-09-08,12.4,20.2,27.1,0,0
2016-09-09,13.5,21.3,29.2,0,0
2016-09-10,15.9,21.7,29.6,0,0
2016-09-11,13.5,21.9,29.7,0,0
2016-09-12,15.3,22.4,29,0,0
2016-09-13,15.6,21.6,27.7,0,0
2016-09-14,12.5,17.9,23.4,0,0
2016-09-15,10.4,16.6,23.4,0,0
2016-09-16,9.4,17.3,24.9,0,0
2016-09-17,11.2,17,23.6,0,0
2016-09-18,9.2,13.5,18.4,0,0
2016-09-19,7.5,12.2,18,0,0
2016-09-20,4.5,11.2,15.6,0,0
2016-09-21,6.6,11,15.6,1.1,0
2016-09-22,7.2,11.3,17.4,0,0
2016-09-23,6.7,12.1,16.7,0.4,0
2016-09-24,8,13.3,19.5,0,0
2016-09-25,5.8,12,18.5,0,0
2016-09-26,6.9,10.5,15.3,0,0
2016-09-27,4.6,10.1,16.2,0,0
2016-09-28,2.5,11.1,16.8,0,0
2016-09-29,14.8,18.6,23.5,0,0
2016-09-30,15.5,18.2,21.6,0.1,0
2016-10-01,12.3,15.2,17.3,0.3,0
2016-10-02,9.5,16.9,22.8,0.1,0
2016-10-03,13.6,14.7,17.9,22.6,0
2016-10-04,9,11.3,15,2.8,0
2016-10-05,5,6.5,9.1,20.9,0
2016-10-06,4.7,6.9,10.7,3.6,0
2016-10-07,0.9,5.6,10.1,2.1,0
2016-10-08,5.3,6.8,9.6,1.7,0
2016-10-09,7.1,8.3,9.7,0.6,0
2016-10-10,6.3,7.7,8.9,2.5,0
2016-10-11,5.3,6.1,7.9,1.9,0
2016-10-12,6,6.8,7.8,5.9,0
2016-10-13,4.2,5.9,10.8,0,0
2016-10-14,-0.4,5.2,11.6,0,0
2016-10-15,1.9,4,6.2,5.8,0
2016-10-16,2.7,5.1,8.2,0,0
2016-10-17,1.9,6,10.2,0,0
2016-10-18,3.5,7.1,9.4,0.6,0
2016-10-19,6.2,8,10.6,1.6,0
2016-10-20,7,7.9,9.7,5.8,0
2016-10-21,5.8,6.5,7.2,13.1,0
2016-10-22,5.7,6.3,6.7,1.8,0
2016-10-23,3.4,6.1,8.8,0,0
2016-10-24,7.3,9.2,10.2,3.1,0
2016-10-25,9.1,10.4,12.7,7,0
2016-10-26,3.8,5.8,10,0,0
2016-10-27,4.2,5.4,9.1,0,0
2016-10-28,1.8,7.1,10.3,1.2,0
2016-10-29,3.6,6,10.7,0,2.2
2016-10-30,3.4,5.3,7.9,2.3,0
2016-10-31,3.6,5.8,8.6,0.4,0
2016-11-01,0.4,5.3,8.5,13.5,0
2016-11-02,5.1,6.9,9.9,3,0
2016-11-03,2.8,3.7,5.7,0,0
2016-11-04,1.5,3.9,6.9,0,0
2016-11-05,1.4,4.1,6.3,3.3,0
2016-11-06,4.6,6.3,7.8,4.7,0
2016-11-07,2.5,4.5,6.6,0,1.8
2016-11-08,-0.7,1.3,4.5,0,0
2016-11-09,-0.7,0.7,1.9,0,1.4
2016-11-10,-0.1,1.1,3.6,0,0.7
2016-11-11,-0.3,0.2,1,0,0.7
2016-11-12,-2.9,-1.3,0.6,0,0
2016-11-13,-3.8,0.3,2.3,0,0
2016-11-14,-0.1,2.3,5.6,0,0
2016-11-15,-1.7,0.8,3.2,0,1.5
2016-11-16,0.6,3.4,5.2,0.7,0
2016-11-17,4.4,6.3,7.8,0.3,0
2016-11-18,4.4,7,10.1,0,0
2016-11-19,6.2,8.2,10.8,6.8,0
2016-11-20,5.3,8,10.9,0,0
2016-11-21,6.5,8.8,13,0,0
2016-11-22,3.5,5.2,9,0,0
2016-11-23,1.9,4.2,7.7,0,0
2016-11-24,0.7,3.2,6.3,0,0
2016-11-25,-0.9,0.7,4.6,0,0
2016-11-26,-1.1,1.5,6.7,0.1,0
2016-11-27,0.2,1.6,4.5,0,1.7
2016-11-28,-3.4,-1.5,0.3,0,0
2016-11-29,-4.7,-0.2,1.4,0,0.3
2016-11-30,-0.6,0.3,1.1,0,0.8
2016-12-01,0.2,1.5,2.8,0,18.5
2016-12-02,-0.5,0.7,1.8,0,0.7
2016-12-03,-0.5,0.9,1.8,0,2.2
2016-12-04,-0.4,0.2,1.1,0,0
2016-12-05,-1.7,-0.4,2.3,0,0.4
2016-12-06,-0.8,0.4,1.9,0,1
2016-12-07,-5.2,-1.7,0.3,1.4,0
2016-12-08,-2.3,5.7,8.5,0,0
2016-12-09,5.3,6.6,8.3,1.2,0
2016-12-10,7,8.2,9.3,7.2,0
2016-12-11,4.1,6.6,9.1,0,15.7
2016-12-12,-4.8,-0.6,5.6,0,0
2016-12-13,-6.7,-4,-0.9,0,0.1
2016-12-14,-4.8,1.5,2.3,0,2.3
2016-12-15,0.4,0.8,2.4,0,0
2016-12-16,-6.2,-2.9,1.4,0,0
2016-12-17,-6.1,-2.3,-1.4,0,0
2016-12-18,-3.2,-1.4,0,0,0.3
2016-12-19,-0.3,0.6,1.6,0,0
2016-12-20,0.6,1.3,2.3,0,0
2016-12-21,-1.7,-0.1,1.5,0,0
2016-12-22,-5.6,-2.4,0.5,0,0.6
2016-12-23,-4.8,-0.3,1.5,0,0.5
2016-12-24,0.2,1.4,2.1,0,3.5
2016-12-25,2.1,3.5,4.1,2.3,0
2016-12-26,3.2,7.7,9.9,1.8,0
2016-12-27,2.8,3.7,6.9,0,3.6
2016-12-28,0.2,1.8,3.9,0,0
2016-12-29,-2.7,-0.6,2.2,0,0
2016-12-30,-1.4,0.9,3.1,0,0
2016-12-31,-1.4,0.8,3.8,0,0
2017-01-01,-0.3,1.5,3.9,0,0
2017-01-02,-1,0.9,2.9,0,0.8
2017-01-03,-2.5,-0.7,0.8,0,7.1
2017-01-04,0.4,1.2,2.5,0,5.4
2017-01-05,-10.2,-7.1,1.1,0,0
2017-01-06,-15.4,-13.6,-9.8,0,0
2017-01-07,-19.3,-15.6,-10.7,0,0
2017-01-08,-18.4,-12.9,-6.6,0,0
2017-01-09,-12,-9.5,-4.1,0,0
2017-01-10,-12.3,-8.3,-5.8,0,0
2017-01-11,-14.3,-9.1,-3.3,0,1.6
2017-01-12,-8.4,-0.6,2.5,0,1.6
2017-01-13,-3.2,0.2,2.5,0,0.8
2017-01-14,0.1,0.6,2.3,0,0
2017-01-15,-2.7,-1,1.2,0,1.2
2017-01-16,-3.4,-1,-0.1,0,0.2
2017-01-17,-6.8,-2.4,-0.4,0,0
2017-01-18,-11.1,-6.9,-3.8,0,0
2017-01-19,-7.5,-5.8,-4.6,0,0.1
2017-01-20,-4.6,-1.7,0.2,0.2,0
2017-01-21,0.1,1,1.4,0,0
2017-01-22,-0.1,0.2,1,0,0
2017-01-23,-2.2,-0.7,3,0,0
2017-01-24,-4,-2.6,-1.2,0,0.1
2017-01-25,-1.4,0.3,1.5,0,0
2017-01-26,-7.8,-4,0.5,0,0
2017-01-27,-9.1,-4.4,1.5,0,0
2017-01-28,-7.1,-3,1.8,0,0
2017-01-29,-2.8,-1.7,0.5,0,0
2017-01-30,-5.8,-2.9,1.7,0,0
2017-01-31,-6.4,-3.6,0.3,0,0
2017-02-01,-7.3,-3.5,-0.1,0,0
2017-02-02,-5.4,-1,0.9,0,0.9
2017-02-03,-1.4,-0.2,1.1,0,0
2017-02-04,-3.5,-2.8,0,0,0
2017-02-05,-4.2,-3.7,-3,0,0
2017-02-06,-3.7,-2.8,-1.9,0,0
2017-02-07,-8.3,-6.4,-2.8,0,0.6
2017-02-08,-9.6,-8.9,-8,0,0
2017-02-09,-9.4,-7.2,-6.2,0,0
2017-02-10,-8.8,-6,-1.3,0,0
2017-02-11,-10.9,-7.7,-4.3,0,0
2017-02-12,-7.8,-6.2,-4.8,0,0
2017-02-13,-8,-7,-4.2,0,0
2017-02-14,-9.2,-5.2,-1.4,0,0
2017-02-15,-7,-2.7,2.9,0,0
2017-02-16,-6.4,0.6,9.1,0,0
2017-02-17,-2.9,1.2,3.1,4.7,0
2017-02-18,1.4,1.9,2.4,0,0
2017-02-19,1.4,1.9,3.7,0,0
2017-02-20,-0.4,3.3,5.8,5.6,0
2017-02-21,4.1,6,7.5,0,0
2017-02-22,1.9,5.1,8.8,8.5,0
2017-02-23,2.7,5.1,8.3,3.7,0
2017-02-24,-1,4.6,9.3,0,5.6
2017-02-25,-2.1,0.2,2.4,0,1.8
2017-02-26,-0.6,4.1,7.4,0,0.2
2017-02-27,6,8.4,13.7,0,0
2017-02-28,4,7.8,12.9,7.5,0
2017-03-01,4.5,6.1,8.5,0.2,0
2017-03-02,0.2,4.1,10.6,6.8,0
2017-03-03,1.9,4.1,7.9,0.4,0
2017-03-04,0.6,6.7,14.3,0,0
2017-03-05,7,10.5,15.8,10.5,0
2017-03-06,5.3,6.5,9.6,2.6,0
2017-03-07,3.3,4.8,6.7,0.6,0
2017-03-08,0.6,2.5,5.4,0,0
2017-03-09,-1.2,2.9,6.5,0.6,0
2017-03-10,2.5,4.5,6.2,0,0
2017-03-11,0.9,3.7,5.5,0,0
2017-03-12,3,4.3,6.4,0,0
2017-03-13,2.7,4.1,6.1,0,0
2017-03-14,2.6,4.6,8.7,0,0
2017-03-15,0.5,6.5,12,0,0
2017-03-16,3.1,5.1,9.9,0,0
2017-03-17,-2.3,5,11.7,2.6,0
2017-03-18,1.5,4,7.7,6.3,0
2017-03-19,2.1,3.7,6.4,0,2.1
2017-03-20,0.2,5.1,10.5,0.3,0
2017-03-21,7.9,10.6,13.3,0.8,0
2017-03-22,4.5,6.6,10.8,1.2,0
2017-03-23,0.8,5.9,10.9,2.4,0
2017-03-24,4.1,7.1,12.2,0,0
2017-03-25,-0.8,4.3,9.1,0,0
2017-03-26,1.1,4.6,9.6,0,0
2017-03-27,4.3,10.1,16.4,0,0
2017-03-28,6.7,10.7,16,0,0
2017-03-29,2.9,10,17.3,1.5,0
2017-03-30,5.8,7.7,10.2,0.1,0
2017-03-31,7.7,14.2,20.6,0,0
2017-04-01,7.7,14.2,22.6,0,0
2017-04-02,7.2,15.5,24.3,0,0
2017-04-03,6.8,16.2,18.8,0,0
2017-04-04,7.1,11.8,19.4,0,0
2017-04-05,6.3,13.4,20.4,2.3,0
2017-04-06,3.5,13.3,12.5,5,0
2017-04-07,2.1,5.8,8,0,0
2017-04-08,5.3,5.5,13.9,0,0
2017-04-09,1.2,9.3,11.6,0,0
2017-04-10,1.8,8.2,21.1,0,0
2017-04-11,5.6,13,17.3,0.3,0
2017-04-12,2.2,7.1,8,6.2,0
2017-04-13,5.8,6,11.1,1.6,0
2017-04-14,4.4,7.7,9.7,0.6,0
2017-04-15,5.3,6.7,11.4,1.9,0
2017-04-16,2.6,8.3,9,0.4,0
2017-04-17,-2.7,3.3,8.4,0,1.8
2017-04-18,0.1,3.1,5.4,0,0.1
2017-04-19,0.7,4.1,8.2,0,0
2017-04-20,1.7,3.5,6.9,0,0
2017-04-21,-2.6,6,10.1,1.5,0
2017-04-22,5.4,7,10.1,0,0
2017-04-23,1.6,4.8,10.2,0,0.6
2017-04-24,1.5,5.8,9.9,0,0
2017-04-25,4.8,11.1,18.6,3.5,0
2017-04-26,4.7,5.5,11.1,5.7,0
2017-04-27,3,4.9,6.8,6.2,0
2017-04-28,4.6,5.2,6.6,10.6,0
2017-04-29,3.7,7,12,0,0
2017-04-30,4,7,10.1,0,0
2017-05-01,5.4,7,13.9,0,0
2017-05-02,4.4,9.7,12.3,2.8,0
2017-05-03,5.8,8.4,11.1,11.6,0
2017-05-04,9.8,8.5,17.1,7.3,0
2017-05-05,11.1,12.5,20.8,0,0
2017-05-06,14.2,15.9,24.3,1.9,0
2017-05-07,9.6,17.5,16.8,9.7,0
2017-05-08,6,12.2,10.2,0.1,0
2017-05-09,0.9,7.1,8.5,0,0
2017-05-10,-2.2,4.2,11.3,1.2,0
2017-05-11,5.8,5.6,12.1,0.5,0
2017-05-12,4.1,7.9,18.6,0,0
2017-05-13,8.6,12.1,21,0,0
2017-05-14,8,15,21.8,0,0
2017-05-15,8.9,15.4,20.2,0,0
2017-05-16,12,16.4,21.1,0,0
2017-05-17,8.5,16.2,22.1,0,0
2017-05-18,10.8,18.3,24.2,0,0
2017-05-19,12,19.5,25.4,0,0
2017-05-20,12.7,20.4,27.1,0,0
2017-05-21,13.6,16.9,22.9,0,0
2017-05-22,9.5,16.6,21.8,0,0
2017-05-23,12.8,18.1,23.5,0,0
2017-05-24,10.4,13.7,19.2,10.8,0
2017-05-25,10.1,15.5,21,0,0
2017-05-26,10.2,15.5,21.2,2.6,0
2017-05-27,10.7,16.8,21.9,0,0
2017-05-28,9.4,19.4,26.4,0,0
2017-05-29,13.9,21.5,27,0.1,0
2017-05-30,14.1,20.6,26.1,0,0
2017-05-31,18.7,20.1,22.7,0,0
2017-06-01,11,14.0333333333333,20.4,0,0
2017-06-02,9.5,16.2,21.6,0,0
2017-06-03,7.9,14.8,20.6,0,0
2017-06-04,11.1,19.3,27.2,2.7,0
2017-06-05,14.3,17.4,21.8,0,0
2017-06-06,12.1,19.3,25,0.8,0
2017-06-07,14,18,21.4,0,0
2017-06-08,7.8,16.3,21.4,0,0
2017-06-09,10.4,18.9,25.1,0,0
2017-06-10,12.8,19.3,26.8,0,0
2017-06-11,14.8,19.1,23.7,0,0
2017-06-12,13.9,18.1,26.2,10.2,0
2017-06-13,14.5,16.3,19,0,0
2017-06-14,12.8,15.7,20.6,0,0
2017-06-15,10.1,17.5,22.8,0,0
2017-06-16,10.4,17.8,23.9,0.9,0
2017-06-17,12.4,16.5,20.7,0,0
2017-06-18,11.9,18.9,24.1,0,0
2017-06-19,14.9,22.4,28.5,0,0
2017-06-20,16.5,23.9,30.5,0,0
2017-06-21,11.8,17.1,24.2,0,0
2017-06-22,11.6,18.8,24.9,0.9,0
2017-06-23,15.9,19.1,23,6.2,0
2017-06-24,16,19.1,22.6,0,0
2017-06-25,17.1,22,26.8,0,0
2017-06-26,16.9,18.6,25.7,3,0
2017-06-27,9.6,18.6,25,28.9,0
2017-06-28,16.3,20.8,27.9,19,0
2017-06-29,17.7,22.4,28.8,10.7,0
2017-06-30,16,18.6,23.9,2.2,0
2017-07-01,13.1,18.4,24.1,2.6,0
2017-07-02,14.1,17.2,22.5,0.9,0
2017-07-03,13.9,16.4,20,0,0
2017-07-04,9.7,15.2,20.2,1,0
2017-07-05,10.3,14.2,19.5,1.1,0
2017-07-06,8.6,16,21.6,0,0
2017-07-07,9.7,18.6,23.7,0.9,0
2017-07-08,15,19,23.3,0,0
2017-07-09,14,19.3,24.7,0.3,0
2017-07-10,14.5,22,30.2,0.1,0
2017-07-11,17.9,20.5,26.5,9.1,0
2017-07-12,15.1,20.3,26,10,0
2017-07-13,14.1,17.1,22.2,7,0
2017-07-14,9.8,16,20.7,0,0
2017-07-15,12.8,17.1,21.3,0,0
2017-07-16,11.6,18.1,23.2,1,0
2017-07-17,14.6,17.7,22.4,0.3,0
2017-07-18,13,18.1,23.1,0,0
2017-07-19,12.5,20.8,26.5,0,0
2017-07-20,17.1,20.5,24.8,1.6,0
2017-07-21,15,19.7,24.2,1.3,0
2017-07-22,16.8,21.4,25.8,0,0
2017-07-23,16.4,20.4,27.7,7.9,0
2017-07-24,17.2,22.1,26.6,2,0
2017-07-25,17,18.8,24.3,7.2,0
2017-07-26,14.3,17.3,21.1,0.2,0
2017-07-27,12.6,18.9,25.3,0.9,0
2017-07-28,15.3,18.2,23.7,34.1,0
2017-07-29,12.8,18.6,24.3,0,0
2017-07-30,14.4,23.6,29.9,0,0
2017-07-31,18.4,25.3,31.6,0,0
2017-08-01,20.1,27.4,34.3,0,0
2017-08-02,21.7,24.4,30.3,2,0
2017-08-03,18.5,24.2,30.4,1,0
2017-08-04,20.6,24.2,28.9,0,0
2017-08-05,18.3,22.2,26.9,2.7,0
2017-08-06,17.5,20,23.4,0,0
2017-08-07,14.3,17.9,23,0,0
2017-08-08,11.6,19.1,24.9,0,0
2017-08-09,15.2,22.7,29.8,7.6,0
2017-08-10,19.1,24.3,30.8,1.6,0
2017-08-11,20.2,26.6,32.8,0,0
2017-08-12,17.1,20.1,29.3,1.1,0
2017-08-13,13.1,17.1,22.5,0,0
2017-08-14,12.7,17.5,22.3,0,0
2017-08-15,12.4,18.7,24.1,0,0
2017-08-16,13.7,21.3,28.3,0.6,0
2017-08-17,16.4,19.4,24.3,0,0
2017-08-18,15.8,23.1,29.7,0,0
2017-08-19,16.6,19.7,26.8,7.4,0
2017-08-20,15,15.9,16.9,14.6,0
2017-08-21,12,15,18.6,5.3,0
2017-08-22,12.4,14.2,18.3,0.9,0
2017-08-23,11.1,13.8,18.9,1.8,0
2017-08-24,10.1,15.5,20.9,0,0
2017-08-25,11.2,17.8,23.6,0.1,0
2017-08-26,11.9,18.6,24.1,0,0
2017-08-27,14.4,19.3,25.6,1.3,0
2017-08-28,12.5,15.4,20.9,0,0
2017-08-29,9.7,15.9,21.3,0,0
2017-08-30,10.1,17.9,24.8,0,0
2017-08-31,13.1,20.8,28.5,0.2,0
2017-09-01,16.1,17.5,23.7,9.3,0
2017-09-02,13.1,13.6,16.3,1.4,0
2017-09-03,11,13.1,15.5,4.3,0
2017-09-04,12.3,13.4,15.4,7.5,0
2017-09-05,12.4,14.9,17.9,1.4,0
2017-09-06,14.3,14.9,17.2,9.4,0
2017-09-07,12.2,13.4,15.1,4.4,0
2017-09-08,11.1,14.8,19.4,0,0
2017-09-09,12,17.5,23.7,0,0
2017-09-10,12.8,18.7,25,11.2,0
2017-09-11,14.9,18.6,23.2,13.8,0
2017-09-12,13.1,15,20.8,2.7,0
2017-09-13,12.1,15.8,18.8,0,0
2017-09-14,14.1,15.9,19,2.6,0
2017-09-15,10.4,12.4,15.2,0,0
2017-09-16,8.9,12.8,17.1,0.3,0
2017-09-17,12.2,13.2,15,41.4,0
2017-09-18,10.5,12.3,15.8,0.1,0
2017-09-19,4.9,12.2,17.5,0.4,0
2017-09-20,11.4,11.9,14.3,4.3,0
2017-09-21,10.5,11.5,12.1,5.5,0
2017-09-22,11.6,13.3,15.3,4.9,0
2017-09-23,13,14.7,18.4,0.4,0
2017-09-24,13.2,14.3,17.3,1.9,0
2017-09-25,12.1,13.3,15.9,0,0
2017-09-26,10.6,15,21,0,0
2017-09-27,9.2,13.4,19.1,0,0
2017-09-28,7.8,12.1,17.5,0,0
2017-09-29,4.5,10.4,16,0,0
2017-09-30,4.8,10.3,15.8,0,0
2017-10-01,3.5,9.1,15,0,0
2017-10-02,2.9,9.9,16.9,8.8,0
2017-10-03,9.4,10.9,12.3,5.5,0
2017-10-04,9.8,11.5,14.1,4.3,0
2017-10-05,7.1,9.3,12,15.2,0
2017-10-06,7.6,9.2,11.8,0,0
2017-10-07,7.4,9.5,12.1,0.4,0
2017-10-08,7.3,9.2,12.9,2.2,0
2017-10-09,4.6,8.1,11.6,4,0
2017-10-10,5.7,8.3,11.6,3.3,0
2017-10-11,5.5,12.8,14.6,1.9,0
2017-10-12,12.8,13.8,17.6,0,0
2017-10-13,9.8,11,14,0,0
2017-10-14,6.6,12.3,16.2,0,0
2017-10-15,14.3,14.9,17.3,0,0
2017-10-16,6.1,14,21.8,0,0
2017-10-17,7.7,14.9,22.3,0,0
2017-10-18,7.2,13.5,19.9,0,0
2017-10-19,9.3,12.9,16.9,0,0
2017-10-20,7.7,11.9,16,0,0
2017-10-21,10.6,11.6,13,5.8,0
2017-10-22,7.6,8.8,11.6,1.7,0
2017-10-23,6.5,7.6,8.9,1,0
2017-10-24,4.9,5.7,6.5,0.1,0
2017-10-25,4.8,6.9,8.8,4.9,0
2017-10-26,8.8,11.4,13.5,0,0
2017-10-27,8.3,9.7,11.5,1.5,0
2017-10-28,5.6,7.5,9.1,9.8,0
2017-10-29,4.2,6.6,8.9,12,0
2017-10-30,3.1,4,6.2,0,0
2017-10-31,0.2,3.1,6.1,0.1,0
2017-11-01,3.3,7,8.3,4.3,0
2017-11-02,7.6,9.6,10.1,7.4,0
2017-11-03,8.2,9,10.8,0.1,0
2017-11-04,7.5,8.6,11.6,0,0
2017-11-05,4.6,7.8,12.6,0,0
2017-11-06,6.1,9.4,13.3,0,0
2017-11-07,7.4,8.3,9.7,0,0
2017-11-08,4.1,5.1,7.7,0,0
2017-11-09,4.6,5.7,6.6,0,0
2017-11-10,5.3,7.1,9.1,4.3,0
2017-11-11,2.7,5.2,7.1,1.5,0
2017-11-12,1.4,3.6,5.3,0.6,0
2017-11-13,1.5,2.7,3.1,1.5,0
2017-11-14,2.2,3.7,4.6,0,0
2017-11-15,2.9,5.5,7.5,0,0
2017-11-16,3.4,5.3,6.9,0,0
2017-11-17,2.2,4.8,7,0.1,0
2017-11-18,2,3.3,5.9,0.5,0
2017-11-19,2.5,3.8,5.5,0,0.9
2017-11-20,0.3,2.2,3.9,0,4
2017-11-21,-1.9,0.6,3.4,0,0
2017-11-22,-0.3,1.8,2.5,0,1.3
2017-11-23,2.5,5.4,9.3,0,0
2017-11-24,1.2,6.2,10.4,0.3,0
2017-11-25,5.4,8.2,10.5,0.6,0
2017-11-26,3.2,4.1,8.9,0,0
2017-11-27,-2.6,1,4,0,0
2017-11-28,-1,1.6,3.8,0,0
2017-11-29,0.3,1.3,2.9,0,5.3
2017-11-30,0,0.4,0.9,0,12.4
2017-12-01,0,0.9,1.4,0,0.1
2017-12-02,1.1,1.4,2.4,0,0
2017-12-03,0.2,0.5,1.4,0,0.5
2017-12-04,-2.2,0.3,1.7,0,0.5
2017-12-05,0.2,2.4,4.1,0,2.9
2017-12-06,4.1,5.6,6.3,3.3,0
2017-12-07,2,4.5,6.2,0,0
2017-12-08,0.9,3.8,5.7,0,0
2017-12-09,-1.1,0.5,4.8,0,0
2017-12-10,-1.2,0.8,2.7,0,0.4
2017-12-11,-1.1,3.4,5.9,0.4,0
2017-12-12,3.3,7.4,11,0,0
2017-12-13,-0.6,1.5,5.4,0,0
2017-12-14,-2,1.4,5.2,0,0.9
2017-12-15,-0.5,2,3,0,2.3
2017-12-16,0.6,1.2,3.8,0,0
2017-12-17,-1,0.9,3.1,0,0
2017-12-18,-1.8,-0.8,0.6,0,0
2017-12-19,-3.3,-2.2,-1.2,0,0.2
2017-12-20,-3.5,-0.6,0.6,0,0.7
2017-12-21,-1.7,0.1,1.9,0,0.7
2017-12-22,1.8,3.3,4.3,0,0
2017-12-23,0.8,3.4,5.6,0,8.5
2017-12-24,5.6,8.4,9.3,3.7,0
2017-12-25,7.8,8.4,9.1,0.1,0
2017-12-26,0.8,4.6,8,0,0
2017-12-27,-2.2,2.9,5.7,0,0
2017-12-28,4.4,6.8,8.9,0.2,0
2017-12-29,0.4,1.9,7.6,0,3.8
2017-12-30,-2.9,-0.1,2.6,0,3.7
2017-12-31,-0.6,3.6,5.3,0.1,0
2018-01-01,2.8,7.5,9.6,0,0
2018-01-02,-1.4,1.2,6.9,0,0
2018-01-03,2,3.3,5.4,2.4,0
2018-01-04,2.1,5.7,8,0.2,0
2018-01-05,3.2,6.1,8.9,0.2,0
2018-01-06,3.3,5.4,9.1,0,0
2018-01-07,-0.1,1.8,4.2,0,0
2018-01-08,-6.7,-3,0.7,0,0
2018-01-09,-6.9,-2.1,1.7,0,0
2018-01-10,-0.3,0.1,1.5,0,0
2018-01-11,-1.5,0.3,1.7,0,0.2
2018-01-12,-2.4,-1.6,0.1,0,0
2018-01-13,-3.6,-2.5,-0.8,0,0
2018-01-14,-6.5,-5.5,-3.2,0,0
2018-01-15,-6.7,-6.2,-5,0,0
2018-01-16,-8.7,-5.2,-2.5,0,3.9
2018-01-17,-3.2,0.3,2.3,0,0.8
2018-01-18,-0.1,1,2.8,0,9.2
2018-01-19,-0.2,0.8,1.7,0,0.8
2018-01-20,-0.3,0.2,1.3,0,1
2018-01-21,-2.8,-1.4,0.5,0,0
2018-01-22,-5,-4,-1.1,0,0
2018-01-23,-7,-4.9,-3.4,0,0
2018-01-24,-5.7,-0.5,3,0.8,0
2018-01-25,1.7,4.1,6.6,0,0
2018-01-26,-0.6,1.1,5.1,0,0
2018-01-27,-2.8,1.3,2.9,0.5,0
2018-01-28,1.5,4.1,6.3,2,0
2018-01-29,6,8.1,10.1,6.7,0
2018-01-30,3.1,4.8,9.5,0,0
2018-01-31,0.5,3.6,6.1,1.1,0
2018-02-01,2.8,4.2,5.3,0,5.1
2018-02-02,0.8,1.6,4.7,0,0
2018-02-03,-2.6,-0.5,1.9,0,0
2018-02-04,-2.6,-0.8,0.9,0,0.2
2018-02-05,-6.6,-3.5,-0.2,0,0.1
2018-02-06,-6.3,-4.9,-2.1,0,0
2018-02-07,-9.4,-4.5,0.5,0,0.9
2018-02-08,-2.5,-1.6,-0.4,0,0
2018-02-09,-3.7,-3,-1.4,0,0
2018-02-10,-4.7,-3.6,-2,0,0
2018-02-11,-5,-2.1,0,0,0
2018-02-12,-1.7,-0.2,2.1,0,0
2018-02-13,-4.9,-0.3,3.1,0,0
2018-02-14,-0.9,-0.3,1.2,0,0.4
2018-02-15,-4.2,-2.9,-0.6,0,0
2018-02-16,-2.7,-0.2,2,0,0.1
2018-02-17,-0.6,0.8,2.1,0,0
2018-02-18,-1.7,0.1,2.2,0,0
2018-02-19,-1.6,0.3,2.1,0,0
2018-02-20,-5.6,-1,2.8,0,0
2018-02-21,-5.3,-2.7,0.6,0,0
2018-02-22,-8.4,-5.8,-2.3,0,0
2018-02-23,-8.2,-6.1,-2.2,0,0.3
2018-02-24,-10.2,-7.6,-5.4,0,0.1
2018-02-25,-15.2,-10.9,-7.6,0,0
2018-02-26,-11.7,-11,-9.7,0,0
2018-02-27,-15.3,-11.8,-8.5,0,0
2018-02-28,-13.5,-11,-6.8,0,0
2018-01-01,2.8,7.5,9.6,0,0
2018-01-02,-1.4,1.2,6.9,0,0
2018-01-03,2,3.3,5.4,2.4,0
2018-01-04,2.1,5.7,8,0.2,0
2018-01-05,3.2,6.1,8.9,0.2,0
2018-01-06,3.3,5.4,9.1,0,0
2018-01-07,-0.1,1.8,4.2,0,0
2018-01-08,-6.7,-3,0.7,0,0
2018-01-09,-6.9,-2.1,1.7,0,0
2018-01-10,-0.3,0.1,1.5,0,0
2018-01-11,-1.5,0.3,1.7,0,0.2
2018-01-12,-2.4,-1.6,0.1,0,0
2018-01-13,-3.6,-2.5,-0.8,0,0
2018-01-14,-6.5,-5.5,-3.2,0,0
2018-01-15,-6.7,-6.2,-5,0,0
2018-01-16,-8.7,-5.2,-2.5,0,3.9
2018-01-17,-3.2,0.3,2.3,0,0.8
2018-01-18,-0.1,1,2.8,0,9.2
2018-01-19,-0.2,0.8,1.7,0,0.8
2018-01-20,-0.3,0.2,1.3,0,1
2018-01-21,-2.8,-1.4,0.5,0,0
2018-01-22,-5,-4,-1.1,0,0
2018-01-23,-7,-4.9,-3.4,0,0
2018-01-24,-5.7,-0.5,3,0.8,0
2018-01-25,1.7,4.1,6.6,0,0
2018-01-26,-0.6,1.1,5.1,0,0
2018-01-27,-2.8,1.3,2.9,0.5,0
2018-01-28,1.5,4.1,6.3,2,0
2018-01-29,6,8.1,10.1,6.7,0
2018-01-30,3.1,4.8,9.5,0,0
2018-01-31,0.5,3.6,6.1,1.1,0
2018-02-01,2.8,4.2,5.3,0,5.1
2018-02-02,0.8,1.6,4.7,0,0
2018-02-03,-2.6,-0.5,1.9,0,0
2018-02-04,-2.6,-0.8,0.9,0,0.2
2018-02-05,-6.6,-3.5,-0.2,0,0.1
2018-02-06,-6.3,-4.9,-2.1,0,0
2018-02-07,-9.4,-4.5,0.5,0,0.9
2018-02-08,-2.5,-1.6,-0.4,0,0
2018-02-09,-3.7,-3,-1.4,0,0
2018-02-10,-4.7,-3.6,-2,0,0
2018-02-11,-5,-2.1,0,0,0
2018-02-12,-1.7,-0.2,2.1,0,0
2018-02-13,-4.9,-0.3,3.1,0,0
2018-02-14,-0.9,-0.3,1.2,0,0.4
2018-02-15,-4.2,-2.9,-0.6,0,0
2018-02-16,-2.7,-0.2,2,0,0.1
2018-02-17,-0.6,0.8,2.1,0,0
2018-02-18,-1.7,0.1,2.2,0,0
2018-02-19,-1.6,0.3,2.1,0,0
2018-02-20,-5.6,-1,2.8,0,0
2018-02-21,-5.3,-2.7,0.6,0,0
2018-02-22,-8.4,-5.8,-2.3,0,0
2018-02-23,-8.2,-6.1,-2.2,0,0.3
2018-02-24,-10.2,-7.6,-5.4,0,0.1
2018-02-25,-15.2,-10.9,-7.6,0,0
2018-02-26,-11.7,-11,-9.7,0,0
2018-02-27,-15.3,-11.8,-8.5,0,0
2018-02-28,-13.5,-11,-6.8,0,0
2018-03-01,-14.7,-11.5,-8.5,0,0
2018-03-02,-15.2,-11.6,-7.2,0,0.1
2018-03-03,-12.8,-9.6,-6.3,0,0.1
2018-03-04,-13.3,-7.2,-0.2,0,0
2018-03-05,-9.6,-2.3,4,0,0
2018-03-06,-2,1.4,6.5,0,0.8
2018-03-07,0.6,2.1,4,0.2,0
2018-03-08,0.3,4.5,9.3,0,0
2018-03-09,-0.2,3.7,8.7,0,0.8
2018-03-10,-2.6,4.6,9.5,0,0
2018-03-11,4.6,9.3,15.4,0,0
2018-03-12,4.8,10.3,15.4,0,0
2018-03-13,8.5,10.6,13.8,0,0
2018-03-14,3.8,6.3,10.5,0.3,0
2018-03-15,0.2,0.8,3.8,0,0
2018-03-16,-3.4,-1.8,0.2,0,1.8
2018-03-17,-6.8,-5.1,-2.8,0,0
2018-03-18,-8.2,-5.1,-1,0,0
2018-03-19,-7.1,-3.4,0.8,0,0
2018-03-20,-5.3,-1.4,1.9,0,0
2018-03-21,-4.8,-0.8,3.4,0,0
2018-03-22,-3.1,1.3,6.4,0,0
2018-03-23,-1.6,1.6,3.8,0,0.1
2018-03-24,0.6,3.4,7.5,0,0
2018-03-25,-2.2,3.9,11.4,0,0
2018-03-26,-3,4.1,9.8,0.1,0
2018-03-27,0.4,1.8,7,0,0
2018-03-28,-0.4,1.8,4.5,0,1.6
2018-03-29,0.3,2.4,5.7,0,5
2018-03-30,1.2,6.4,11.4,0,0
2018-03-31,0.4,6.5,11.2,8.4,0
