"","Data","deszcz","snieg"
"1","2014-07-28",1.4,0
"2","2014-07-29",0,0
"3","2014-07-30",0,0
"4","2014-07-31",0,0
"5","2014-08-01",3.8,0
"6","2014-08-02",0,0
"7","2014-08-03",0,0
"8","2014-08-04",10.2,0
"9","2014-08-05",0,0
"10","2014-08-06",0,0
"11","2014-08-07",6.2,0
"12","2014-08-08",1.8,0
"13","2014-08-09",0,0
"14","2014-08-10",0,0
"15","2014-08-11",4.6,0
"16","2014-08-12",0,0
"17","2014-08-13",19.8,0
"18","2014-08-14",0,0
"19","2014-08-15",0,0
"20","2014-08-16",2,0
"21","2014-08-17",0,0
"22","2014-08-18",0,0
"23","2014-08-19",0,0
"24","2014-08-20",0,0
"25","2014-08-21",0.4,0
"26","2014-08-22",0,0
"27","2014-08-23",0,0
"28","2014-08-24",5.2,0
"29","2014-08-25",0.4,0
"30","2014-08-26",3.4,0
"31","2014-08-27",5.2,0
"32","2014-08-28",4,0
"33","2014-08-29",1,0
"34","2014-08-30",0,0
"35","2014-08-31",0,0
"36","2014-09-01",0,0
"37","2014-09-02",0,0
"38","2014-09-03",0,0
"39","2014-09-04",0,0
"40","2014-09-05",0,0
"41","2014-09-06",0,0
"42","2014-09-07",0,0
"43","2014-09-08",1.6,0
"44","2014-09-09",0,0
"45","2014-09-10",0,0
"46","2014-09-11",0.4,0
"47","2014-09-12",0,0
"48","2014-09-13",0,0
"49","2014-09-14",0,0
"50","2014-09-15",0,0
"51","2014-09-16",0,0
"52","2014-09-17",0,0
"53","2014-09-18",0,0
"54","2014-09-19",0.6,0
"55","2014-09-20",0,0
"56","2014-09-21",1,0
"57","2014-09-22",1.4,0
"58","2014-09-23",1.2,0
"59","2014-09-24",0,0
"60","2014-09-25",0.8,0
"61","2014-09-26",0.6,0
"62","2014-09-27",0,0
"63","2014-09-28",0,0
"64","2014-09-29",0,0
"65","2014-09-30",0,0
"66","2014-10-01",0.8,0
"67","2014-10-02",0,0
"68","2014-10-03",0,0
"69","2014-10-04",0,0
"70","2014-10-05",0,0
"71","2014-10-06",0,0
"72","2014-10-07",0,0
"73","2014-10-08",0,0
"74","2014-10-09",0,0
"75","2014-10-10",0,0
"76","2014-10-11",0,0
"77","2014-10-12",0,0
"78","2014-10-13",0,0
"79","2014-10-14",0.2,0
"80","2014-10-15",0.6,0
"81","2014-10-16",0.2,0
"82","2014-10-17",0.2,0
"83","2014-10-18",0,0
"84","2014-10-19",0,0
"85","2014-10-20",1.5,0
"86","2014-10-21",1.5,0
"87","2014-10-22",0.8,0
"88","2014-10-23",0,0
"89","2014-10-24",0,0
"90","2014-10-25",0,0
"91","2014-10-26",0,0
"92","2014-10-27",0,0
"93","2014-10-28",0,0
"94","2014-10-29",0,0
"95","2014-10-30",0,0
"96","2014-10-31",0,0
"97","2014-11-01",0,0
"98","2014-11-02",0,0
"99","2014-11-03",0,0
"100","2014-11-04",0,0
"101","2014-11-05",0,0
"102","2014-11-06",0.5,0
"103","2014-11-07",1.7,0
"104","2014-11-08",4.7,0
"105","2014-11-09",0.1,0
"106","2014-11-10",0,0
"107","2014-11-11",0,0
"108","2014-11-12",0,0
"109","2014-11-13",0,0
"110","2014-11-14",0,0
"111","2014-11-15",0,0
"112","2014-11-16",0.6,0
"113","2014-11-17",1.2,0
"114","2014-11-18",2.1,0
"115","2014-11-19",0,0.3
"116","2014-11-20",0,0
"117","2014-11-21",0,0
"118","2014-11-22",0,0
"119","2014-11-23",0,0
"120","2014-11-24",0,4.3
"121","2014-11-25",0.1,0
"122","2014-11-26",0,0
"123","2014-11-27",0,0
"124","2014-11-28",0,0
"125","2014-11-29",0,0
"126","2014-11-30",0,0
"127","2014-12-01",0,0
"128","2014-12-02",0,0
"129","2014-12-03",0,0
"130","2014-12-04",0,0
"131","2014-12-05",0,0
"132","2014-12-06",0,0
"133","2014-12-07",0.1,0
"134","2014-12-08",0,0.1
"135","2014-12-09",0,0
"136","2014-12-10",0,0
"137","2014-12-11",0.6,0
"138","2014-12-12",0,0
"139","2014-12-13",0.6,0
"140","2014-12-14",4.9,0
"141","2014-12-15",0,0
"142","2014-12-16",4.8,0
"143","2014-12-17",0,0
"144","2014-12-18",3.2,0
"145","2014-12-19",4.2,0
"146","2014-12-20",1.3,0
"147","2014-12-21",6.9,0
"148","2014-12-22",23.2,0
"149","2014-12-23",19.4,0
"150","2014-12-24",4.2,0
"151","2014-12-25",0,8.1
"152","2014-12-26",0,0
"153","2014-12-27",0,0
"154","2014-12-28",0,0
"155","2014-12-29",0,0
"156","2014-12-30",0,0
"157","2014-12-31",0,0.2
"158","2015-01-01",0,0
"159","2015-01-02",0.9,0
"160","2015-01-03",0,1.2
"161","2015-01-04",0,0.3
"162","2015-01-05",0,0.8
"163","2015-01-06",0,0
"164","2015-01-07",0,0.5
"165","2015-01-08",0,4.5
"166","2015-01-09",4.1,0
"167","2015-01-10",5,0
"168","2015-01-11",0,0
"169","2015-01-12",0.9,0
"170","2015-01-13",0.4,0
"171","2015-01-14",1,0
"172","2015-01-15",0.1,0
"173","2015-01-16",0,0
"174","2015-01-17",1.1,0
"175","2015-01-18",0,0
"176","2015-01-19",0,0.6
"177","2015-01-20",0,0.3
"178","2015-01-21",0,0
"179","2015-01-22",0,5.3
"180","2015-01-23",0,0.3
"181","2015-01-24",0,1.7
"182","2015-01-25",0,1.2
"183","2015-01-26",0,0
"184","2015-01-27",0,2.6
"185","2015-01-28",0,0.2
"186","2015-01-29",0,0
"187","2015-01-30",0,5.3
"188","2015-01-31",0,0.1
"189","2015-02-01",0,0
"190","2015-02-02",0,0
"191","2015-02-03",0,0
"192","2015-02-04",0,1
"193","2015-02-05",0,0.1
"194","2015-02-06",0,0
"195","2015-02-07",0,0.7
"196","2015-02-08",0,0.2
"197","2015-02-09",0,2
"198","2015-02-10",0.1,0
"199","2015-02-11",0,0
"200","2015-02-12",0,0
"201","2015-02-13",0,0
"202","2015-02-14",0,0
"203","2015-02-15",0,0
"204","2015-02-16",0,0
"205","2015-02-17",0,0
"206","2015-02-18",0.6,0
"207","2015-02-19",0.3,0
"208","2015-02-20",0,0
"209","2015-02-21",0,0
"210","2015-02-22",0,0
"211","2015-02-23",0,0
"212","2015-02-24",0,0
"213","2015-02-25",1.3,0
"214","2015-02-26",0,0
"215","2015-02-27",0,0
"216","2015-02-28",0,0
"217","2015-03-01",0,0
"218","2015-03-02",1.9,0
"219","2015-03-03",0,1.7
"220","2015-03-04",0,1.2
"221","2015-03-05",0,0.9
"222","2015-03-06",0.3,0
"223","2015-03-07",0.1,0
"224","2015-03-08",0,0
"225","2015-03-09",0,0
"226","2015-03-10",0,0
"227","2015-03-11",0,0
"228","2015-03-12",0,0
"229","2015-03-13",2.8,0
"230","2015-03-14",2.1,0
"231","2015-03-15",0,0
"232","2015-03-16",0,0
"233","2015-03-17",0,0
"234","2015-03-18",0,0
"235","2015-03-19",0,0
"236","2015-03-20",0,0
"237","2015-03-21",0,0.5
"238","2015-03-22",0,0
"239","2015-03-23",0,0
"240","2015-03-24",0,0
"241","2015-03-25",0,0
"242","2015-03-26",0.3,0
"243","2015-03-27",3.2,0
"244","2015-03-28",0.3,0
"245","2015-03-29",3.7,0
"246","2015-03-30",1,0
"247","2015-03-31",0,10.2
"248","2015-04-01",0,3.1
"249","2015-04-02",0,0.6
"250","2015-04-03",0,3.6
"251","2015-04-04",0,0.7
"252","2015-04-05",0,4.7
"253","2015-04-06",0,0
"254","2015-04-07",0.1,0
"255","2015-04-08",0,0
"256","2015-04-09",0,0
"257","2015-04-10",0,0
"258","2015-04-11",0,0
"259","2015-04-12",0,0
"260","2015-04-13",1.3,0
"261","2015-04-14",0.8,0
"262","2015-04-15",0,0
"263","2015-04-16",0,0
"264","2015-04-17",0,0
"265","2015-04-18",0,0
"266","2015-04-19",0,0
"267","2015-04-20",0,0
"268","2015-04-21",0,0
"269","2015-04-22",0,0
"270","2015-04-23",0,0
"271","2015-04-24",0,0
"272","2015-04-25",0,0
"273","2015-04-26",6.8,0
"274","2015-04-27",0,0
"275","2015-04-28",13.5,0
"276","2015-04-29",0,0
"277","2015-04-30",0,0
"278","2015-05-01",0.2,0
"279","2015-05-02",0,0
"280","2015-05-03",0,0
"281","2015-05-04",0.2,0
"282","2015-05-05",0.3,0
"283","2015-05-06",16.7,0
"284","2015-05-07",0,0
"285","2015-05-08",0,0
"286","2015-05-09",0.5,0
"287","2015-05-10",2.2,0
"288","2015-05-11",0,0
"289","2015-05-12",0.8,0
"290","2015-05-13",0.3,0
"291","2015-05-14",2.2,0
"292","2015-05-15",0.1,0
"293","2015-05-16",0.1,0
"294","2015-05-17",0,0
"295","2015-05-18",0,0
"296","2015-05-19",3.6,0
"297","2015-05-20",1.5,0
"298","2015-05-21",0,0
"299","2015-05-22",0,0
"300","2015-05-23",0,0
"301","2015-05-24",0,0
"302","2015-05-25",1.3,0
"303","2015-05-26",8.3,0
"304","2015-05-27",0,0
"305","2015-05-28",0,0
"306","2015-05-29",0,0
"307","2015-05-30",0.3,0
"308","2015-05-31",0,0
"309","2015-06-01",0,0
"310","2015-06-02",0,0
"311","2015-06-03",0,0
"312","2015-06-04",0,0
"313","2015-06-05",0,0
"314","2015-06-06",0,0
"315","2015-06-07",0,0
"316","2015-06-08",0,0
"317","2015-06-09",0.5,0
"318","2015-06-10",0,0
"319","2015-06-11",0,0
"320","2015-06-12",5.1,0
"321","2015-06-13",4.1,0
"322","2015-06-14",0.8,0
"323","2015-06-15",0,0
"324","2015-06-16",0,0
"325","2015-06-17",0,0
"326","2015-06-18",1.8,0
"327","2015-06-19",0,0
"328","2015-06-20",0.7,0
"329","2015-06-21",0,0
"330","2015-06-22",0.7,0
"331","2015-06-23",3.2,0
"332","2015-06-24",0,0
"333","2015-06-25",0,0
"334","2015-06-26",1.5,0
"335","2015-06-27",0,0
"336","2015-06-28",0.1,0
"337","2015-06-29",0.6,0
"338","2015-06-30",0.1,0
"339","2015-07-01",0,0
"340","2015-07-02",0,0
"341","2015-07-03",0,0
"342","2015-07-04",0,0
"343","2015-07-05",0,0
"344","2015-07-06",1,0
"345","2015-07-07",6.9,0
"346","2015-07-08",15.3,0
"347","2015-07-09",5.2,0
"348","2015-07-10",0.3,0
"349","2015-07-11",0,0
"350","2015-07-12",0,0
"351","2015-07-13",2.5,0
"352","2015-07-14",0,0
"353","2015-07-15",0,0
"354","2015-07-16",0,0
"355","2015-07-17",0,0
"356","2015-07-18",1.9,0
"357","2015-07-19",14.5,0
"358","2015-07-20",0,0
"359","2015-07-21",0,0
"360","2015-07-22",0,0
"361","2015-07-23",0,0
"362","2015-07-24",0,0
"363","2015-07-25",10,0
"364","2015-07-26",0,0
"365","2015-07-27",0,0
"366","2015-07-28",0.2,0
"367","2015-07-29",1.2,0
"368","2015-07-30",0,0
"369","2015-07-31",0,0
"370","2015-08-01",0,0
"371","2015-08-02",0,0
"372","2015-08-03",0,0
"373","2015-08-04",0,0
"374","2015-08-05",0,0
"375","2015-08-06",0,0
"376","2015-08-07",0,0
"377","2015-08-08",0,0
"378","2015-08-09",0,0
"379","2015-08-10",0,0
"380","2015-08-11",0,0
"381","2015-08-12",0,0
"382","2015-08-13",0,0
"383","2015-08-14",0,0
"384","2015-08-15",1.6,0
"385","2015-08-16",0,0
"386","2015-08-17",0,0
"387","2015-08-18",0,0
"388","2015-08-19",0,0
"389","2015-08-20",0,0
"390","2015-08-21",0.4,0
"391","2015-08-22",0,0
"392","2015-08-23",0,0
"393","2015-08-24",0,0
"394","2015-08-25",6.4,0
"395","2015-08-26",0,0
"396","2015-08-27",0,0
"397","2015-08-28",0,0
"398","2015-08-29",0,0
"399","2015-08-30",0,0
"400","2015-08-31",0,0
"401","2015-09-01",0,0
"402","2015-09-02",0,0
"403","2015-09-03",0.5,0
"404","2015-09-04",4.5,0
"405","2015-09-05",0,0
"406","2015-09-06",11,0
"407","2015-09-07",6.8,0
"408","2015-09-08",1.8,0
"409","2015-09-09",0,0
"410","2015-09-10",0,0
"411","2015-09-11",2.1,0
"412","2015-09-12",1,0
"413","2015-09-13",0,0
"414","2015-09-14",2.4,0
"415","2015-09-15",10.9,0
"416","2015-09-16",0,0
"417","2015-09-17",0,0
"418","2015-09-18",0.4,0
"419","2015-09-19",0,0
"420","2015-09-20",0,0
"421","2015-09-21",0,0
"422","2015-09-22",0,0
"423","2015-09-23",0,0
"424","2015-09-24",2.3,0
"425","2015-09-25",11.7,0
"426","2015-09-26",3,0
"427","2015-09-27",0,0
"428","2015-09-28",0,0
"429","2015-09-29",0,0
"430","2015-09-30",0,0
"431","2015-10-01",0,0
"432","2015-10-02",0,0
"433","2015-10-03",0,0
"434","2015-10-04",0,0
"435","2015-10-05",0,0
"436","2015-10-06",0,0
"437","2015-10-07",0,0
"438","2015-10-08",0,0
"439","2015-10-09",0,0
"440","2015-10-10",0,0
"441","2015-10-11",0,0
"442","2015-10-12",4.3,0
"443","2015-10-13",0.4,0
"444","2015-10-14",0,0
"445","2015-10-15",2.3,0
"446","2015-10-16",2.4,0
"447","2015-10-17",17.7,0
"448","2015-10-18",9.9,0
"449","2015-10-19",0,0
"450","2015-10-20",0.3,0
"451","2015-10-21",1.5,0
"452","2015-10-22",0.7,0
"453","2015-10-23",0,0
"454","2015-10-24",0,0
"455","2015-10-25",0.3,0
"456","2015-10-26",0,0
"457","2015-10-27",0,0
"458","2015-10-28",0,0
"459","2015-10-29",0,0
"460","2015-10-30",0,0
"461","2015-10-31",0,0
"462","2015-11-01",0,0
"463","2015-11-02",0,0
"464","2015-11-03",0,0
"465","2015-11-04",0,0
"466","2015-11-05",0,0
"467","2015-11-06",1.3,0
"468","2015-11-07",3.2,0
"469","2015-11-08",0,0
"470","2015-11-09",6.3,0
"471","2015-11-10",1.9,0
"472","2015-11-11",1.6,0
"473","2015-11-12",0,0
"474","2015-11-13",3.9,0
"475","2015-11-14",0,0
"476","2015-11-15",4.2,0
"477","2015-11-16",0.4,0
"478","2015-11-17",4.8,0
"479","2015-11-18",9.8,0
"480","2015-11-19",5.8,0
"481","2015-11-20",1.4,0
"482","2015-11-21",2.3,0
"483","2015-11-22",0,0
"484","2015-11-23",0,0
"485","2015-11-24",0,0
"486","2015-11-25",0,0
"487","2015-11-26",0,0
"488","2015-11-27",0,0
"489","2015-11-28",0,0.1
"490","2015-11-29",1.2,0
"491","2015-11-30",0,4.5
"492","2015-12-01",0,2.5
"493","2015-12-02",0.5,0
"494","2015-12-03",0,0
"495","2015-12-04",0.1,0
"496","2015-12-05",0,0
"497","2015-12-06",0,0
"498","2015-12-07",0,0
"499","2015-12-08",0,0
"500","2015-12-09",0.2,0
"501","2015-12-10",0,0
"502","2015-12-11",0.7,0
"503","2015-12-12",0.3,0
"504","2015-12-13",5.4,0
"505","2015-12-14",0,0
"506","2015-12-15",0,1.7
"507","2015-12-16",0,0
"508","2015-12-17",0.9,0
"509","2015-12-18",0,0
"510","2015-12-19",0,0
"511","2015-12-20",0,0
"512","2015-12-21",2.3,0
"513","2015-12-22",0,0
"514","2015-12-23",0,0
"515","2015-12-24",0,0
"516","2015-12-25",0,0
"517","2015-12-26",0,0
"518","2015-12-27",2.2,0
"519","2015-12-28",0,0.5
"520","2015-12-29",0,0
"521","2015-12-30",0,0
"522","2015-12-31",0,0
"523","2016-01-01",0,0
"524","2016-01-02",0,0
"525","2016-01-03",0,0
"526","2016-01-04",0,0
"527","2016-01-05",0,0.4
"528","2016-01-06",0,0
"529","2016-01-07",0,0
"530","2016-01-08",0,3.3
"531","2016-01-09",0,0
"532","2016-01-10",0,0
"533","2016-01-11",1.4,0
"534","2016-01-12",0,0.3
"535","2016-01-13",0,1.2
"536","2016-01-14",0,0
"537","2016-01-15",0,7.9
"538","2016-01-16",0,0
"539","2016-01-17",0,0
"540","2016-01-18",0,0.3
"541","2016-01-19",0,0
"542","2016-01-20",0,0.3
"543","2016-01-21",0,0.1
"544","2016-01-22",0,0
"545","2016-01-23",0,0
"546","2016-01-24",0,0.4
"547","2016-01-25",1,0
"548","2016-01-26",1.5,0
"549","2016-01-27",0.1,0
"550","2016-01-28",0,0
"551","2016-01-29",0,0
"552","2016-01-30",2,0
"553","2016-01-31",0,0.4
"554","2016-02-01",1.8,0
"555","2016-02-02",3.9,0
"556","2016-02-03",0,0
"557","2016-02-04",0,0.7
"558","2016-02-05",0,0
"559","2016-02-06",0,0
"560","2016-02-07",0,0
"561","2016-02-08",0,0
"562","2016-02-09",0.4,0
"563","2016-02-10",0,16.2
"564","2016-02-11",0,5.6
"565","2016-02-12",0.1,0
"566","2016-02-13",0.2,0
"567","2016-02-14",0,0
"568","2016-02-15",0,0
"569","2016-02-16",0,0
"570","2016-02-17",0.7,0
"571","2016-02-18",5.1,0
"572","2016-02-19",0,10.4
"573","2016-02-20",0,3.1
"574","2016-02-21",4.6,0
"575","2016-02-22",6.2,0
"576","2016-02-23",0,0
"577","2016-02-24",0,0.8
"578","2016-02-25",0,0
"579","2016-02-26",0,1.2
"580","2016-02-27",0,0
"581","2016-02-28",0,0.2
"582","2016-02-29",0,5.8
"583","2016-03-01",0,7.7
"584","2016-03-02",0,0
"585","2016-03-03",0,0
"586","2016-03-04",0,0
"587","2016-03-05",0,0
"588","2016-03-06",1.2,0
"589","2016-03-07",0,0
"590","2016-03-08",0,0
"591","2016-03-09",0,0
"592","2016-03-10",1.4,0
"593","2016-03-11",0.8,0
"594","2016-03-12",0,0
"595","2016-03-13",0,0
"596","2016-03-14",0,4.9
"597","2016-03-15",0,0
"598","2016-03-16",0,0
"599","2016-03-17",0,0
"600","2016-03-18",0,0
"601","2016-03-19",0,0
"602","2016-03-20",0,0
"603","2016-03-21",1.5,0
"604","2016-03-22",1.2,0
"605","2016-03-23",0,0
"606","2016-03-24",0,0
"607","2016-03-25",0.3,0
"608","2016-03-26",5,0
"609","2016-03-27",0,0
"610","2016-03-28",0,0
"611","2016-03-29",2,0
"612","2016-03-30",1.1,0
"613","2016-03-31",5.7,0
"614","2016-04-01",2.1,0
"615","2016-04-02",0,0
"616","2016-04-03",0,0
"617","2016-04-04",0,0
"618","2016-04-05",0,0
"619","2016-04-06",0.3,0
"620","2016-04-07",0,0
"621","2016-04-08",0.9,0
"622","2016-04-09",5.6,0
"623","2016-04-10",0.5,0
"624","2016-04-11",2.1,0
"625","2016-04-12",0,0
"626","2016-04-13",0,0
"627","2016-04-14",0,0
"628","2016-04-15",0.3,0
"629","2016-04-16",0.5,0
"630","2016-04-17",0,0
"631","2016-04-18",0,0
"632","2016-04-19",0,0
"633","2016-04-20",2.4,0
"634","2016-04-21",0,0
"635","2016-04-22",0,0
"636","2016-04-23",0.9,0
"637","2016-04-24",0,0
"638","2016-04-25",0,0
"639","2016-04-26",0.3,0
"640","2016-04-27",15.3,0
"641","2016-04-28",0.2,0
"642","2016-04-29",0,0
"643","2016-04-30",0,0
"644","2016-05-01",0,0
"645","2016-05-02",2.2,0
"646","2016-05-03",0.4,0
"647","2016-05-04",0.9,0
"648","2016-05-05",0,0
"649","2016-05-06",0,0
"650","2016-05-07",0.2,0
"651","2016-05-08",0.1,0
"652","2016-05-09",0,0
"653","2016-05-10",0,0
"654","2016-05-11",0.3,0
"655","2016-05-12",0,0
"656","2016-05-13",0.1,0
"657","2016-05-14",1.1,0
"658","2016-05-15",0,0
"659","2016-05-16",0.3,0
"660","2016-05-17",2.1,0
"661","2016-05-18",0,0
"662","2016-05-19",0,0
"663","2016-05-20",0,0
"664","2016-05-21",0,0
"665","2016-05-22",0,0
"666","2016-05-23",0,0
"667","2016-05-24",0,0
"668","2016-05-25",0.4,0
"669","2016-05-26",0,0
"670","2016-05-27",16.4,0
"671","2016-05-28",0,0
"672","2016-05-29",0,0
"673","2016-05-30",0.6,0
"674","2016-05-31",3.1,0
"675","2016-06-01",1.5,0
"676","2016-06-02",0,0
"677","2016-06-03",0,0
"678","2016-06-04",0.4,0
"679","2016-06-05",0,0
"680","2016-06-06",0,0
"681","2016-06-07",0,0
"682","2016-06-08",0,0
"683","2016-06-09",0,0
"684","2016-06-10",5.4,0
"685","2016-06-11",0,0
"686","2016-06-12",0,0
"687","2016-06-13",0,0
"688","2016-06-14",0,0
"689","2016-06-15",3.1,0
"690","2016-06-16",0,0
"691","2016-06-17",3.9,0
"692","2016-06-18",0,0
"693","2016-06-19",10.5,0
"694","2016-06-20",6.6,0
"695","2016-06-21",0,0
"696","2016-06-22",0,0
"697","2016-06-23",0,0
"698","2016-06-24",0,0
"699","2016-06-25",0,0
"700","2016-06-26",21.5,0
"701","2016-06-27",0.3,0
"702","2016-06-28",0,0
"703","2016-06-29",0,0
"704","2016-06-30",2.5,0
"705","2016-07-01",0,0
"706","2016-07-02",0.2,0
"707","2016-07-03",4.4,0
"708","2016-07-04",0,0
"709","2016-07-05",0,0
"710","2016-07-06",4.8,0
"711","2016-07-07",0.2,0
"712","2016-07-08",0,0
"713","2016-07-09",1.1,0
"714","2016-07-10",0,0
"715","2016-07-11",0,0
"716","2016-07-12",35.4,0
"717","2016-07-13",1.6,0
"718","2016-07-14",0.4,0
"719","2016-07-15",0,0
"720","2016-07-16",0.5,0
"721","2016-07-17",0,0
"722","2016-07-18",0,0
"723","2016-07-19",0,0
"724","2016-07-20",0,0
"725","2016-07-21",0,0
"726","2016-07-22",0,0
"727","2016-07-23",0,0
"728","2016-07-24",0,0
"729","2016-07-25",0.3,0
"730","2016-07-26",0,0
"731","2016-07-27",1.9,0
"732","2016-07-28",0.3,0
"733","2016-07-29",14.3,0
"734","2016-07-30",0,0
"735","2016-07-31",5.4,0
"736","2016-08-01",2.1,0
"737","2016-08-02",0.2,0
"738","2016-08-03",1.1,0
"739","2016-08-04",0.3,0
"740","2016-08-05",7.7,0
"741","2016-08-06",1.5,0
"742","2016-08-07",0,0
"743","2016-08-08",0,0
"744","2016-08-09",21.7,0
"745","2016-08-10",6.6,0
"746","2016-08-11",0,0
"747","2016-08-12",0,0
"748","2016-08-13",0.3,0
"749","2016-08-14",0,0
"750","2016-08-15",0.3,0
"751","2016-08-16",0,0
"752","2016-08-17",0,0
"753","2016-08-18",0,0
"754","2016-08-19",0,0
"755","2016-08-20",0,0
"756","2016-08-21",17.7,0
"757","2016-08-22",1.4,0
"758","2016-08-23",0,0
"759","2016-08-24",0,0
"760","2016-08-25",0,0
"761","2016-08-26",0,0
"762","2016-08-27",0,0
"763","2016-08-28",0,0
"764","2016-08-29",0,0
"765","2016-08-30",0,0
"766","2016-08-31",0,0
"767","2016-09-01",0,0
"768","2016-09-02",0,0
"769","2016-09-03",0,0
"770","2016-09-04",8.7,0
"771","2016-09-05",1.1,0
"772","2016-09-06",0,0
"773","2016-09-07",0,0
"774","2016-09-08",0,0
"775","2016-09-09",0,0
"776","2016-09-10",0,0
"777","2016-09-11",0,0
"778","2016-09-12",0,0
"779","2016-09-13",0,0
"780","2016-09-14",0,0
"781","2016-09-15",0,0
"782","2016-09-16",0,0
"783","2016-09-17",0,0
"784","2016-09-18",0,0
"785","2016-09-19",0,0
"786","2016-09-20",0,0
"787","2016-09-21",1.1,0
"788","2016-09-22",0,0
"789","2016-09-23",0.4,0
"790","2016-09-24",0,0
"791","2016-09-25",0,0
"792","2016-09-26",0,0
"793","2016-09-27",0,0
"794","2016-09-28",0,0
"795","2016-09-29",0,0
"796","2016-09-30",0.1,0
"797","2016-10-01",0.3,0
"798","2016-10-02",0.1,0
"799","2016-10-03",22.6,0
"800","2016-10-04",2.8,0
"801","2016-10-05",20.9,0
"802","2016-10-06",3.6,0
"803","2016-10-07",2.1,0
"804","2016-10-08",1.7,0
"805","2016-10-09",0.6,0
"806","2016-10-10",2.5,0
"807","2016-10-11",1.9,0
"808","2016-10-12",5.9,0
"809","2016-10-13",0,0
"810","2016-10-14",0,0
"811","2016-10-15",5.8,0
"812","2016-10-16",0,0
"813","2016-10-17",0,0
"814","2016-10-18",0.6,0
"815","2016-10-19",1.6,0
"816","2016-10-20",5.8,0
"817","2016-10-21",13.1,0
"818","2016-10-22",1.8,0
"819","2016-10-23",0,0
"820","2016-10-24",3.1,0
"821","2016-10-25",7,0
"822","2016-10-26",0,0
"823","2016-10-27",0,0
"824","2016-10-28",1.2,0
"825","2016-10-29",0,2.2
"826","2016-10-30",2.3,0
"827","2016-10-31",0.4,0
"828","2016-11-01",13.5,0
"829","2016-11-02",3,0
"830","2016-11-03",0,0
"831","2016-11-04",0,0
"832","2016-11-05",3.3,0
"833","2016-11-06",4.7,0
"834","2016-11-07",0,1.8
"835","2016-11-08",0,0
"836","2016-11-09",0,1.4
"837","2016-11-10",0,0.7
"838","2016-11-11",0,0.7
"839","2016-11-12",0,0
"840","2016-11-13",0,0
"841","2016-11-14",0,0
"842","2016-11-15",0,1.5
"843","2016-11-16",0.7,0
"844","2016-11-17",0.3,0
"845","2016-11-18",0,0
"846","2016-11-19",6.8,0
"847","2016-11-20",0,0
"848","2016-11-21",0,0
"849","2016-11-22",0,0
"850","2016-11-23",0,0
"851","2016-11-24",0,0
"852","2016-11-25",0,0
"853","2016-11-26",0.1,0
"854","2016-11-27",0,1.7
"855","2016-11-28",0,0
"856","2016-11-29",0,0.3
"857","2016-11-30",0,0.8
"858","2016-12-01",0,18.5
"859","2016-12-02",0,0.7
"860","2016-12-03",0,2.2
"861","2016-12-04",0,0
"862","2016-12-05",0,0.4
"863","2016-12-06",0,1
"864","2016-12-07",1.4,0
"865","2016-12-08",0,0
"866","2016-12-09",1.2,0
"867","2016-12-10",7.2,0
"868","2016-12-11",0,15.7
"869","2016-12-12",0,0
"870","2016-12-13",0,0.1
"871","2016-12-14",0,2.3
"872","2016-12-15",0,0
"873","2016-12-16",0,0
"874","2016-12-17",0,0
"875","2016-12-18",0,0.3
"876","2016-12-19",0,0
"877","2016-12-20",0,0
"878","2016-12-21",0,0
"879","2016-12-22",0,0.6
"880","2016-12-23",0,0.5
"881","2016-12-24",0,3.5
"882","2016-12-25",2.3,0
"883","2016-12-26",1.8,0
"884","2016-12-27",0,3.6
"885","2016-12-28",0,0
"886","2016-12-29",0,0
"887","2016-12-30",0,0
"888","2016-12-31",0,0
"889","2017-01-01",0,0
"890","2017-01-02",0,0.8
"891","2017-01-03",0,7.1
"892","2017-01-04",0,5.4
"893","2017-01-05",0,0
"894","2017-01-06",0,0
"895","2017-01-07",0,0
"896","2017-01-08",0,0
"897","2017-01-09",0,0
"898","2017-01-10",0,0
"899","2017-01-11",0,1.6
"900","2017-01-12",0,1.6
"901","2017-01-13",0,0.8
"902","2017-01-14",0,0
"903","2017-01-15",0,1.2
"904","2017-01-16",0,0.2
"905","2017-01-17",0,0
"906","2017-01-18",0,0
"907","2017-01-19",0,0.1
"908","2017-01-20",0.2,0
"909","2017-01-21",0,0
"910","2017-01-22",0,0
"911","2017-01-23",0,0
"912","2017-01-24",0,0.1
"913","2017-01-25",0,0
"914","2017-01-26",0,0
"915","2017-01-27",0,0
"916","2017-01-28",0,0
"917","2017-01-29",0,0
"918","2017-01-30",0,0
"919","2017-01-31",0,0
"920","2017-02-01",0,0
"921","2017-02-02",0,0.9
"922","2017-02-03",0,0
"923","2017-02-04",0,0
"924","2017-02-05",0,0
"925","2017-02-06",0,0
"926","2017-02-07",0,0.6
"927","2017-02-08",0,0
"928","2017-02-09",0,0
"929","2017-02-10",0,0
"930","2017-02-11",0,0
"931","2017-02-12",0,0
"932","2017-02-13",0,0
"933","2017-02-14",0,0
"934","2017-02-15",0,0
"935","2017-02-16",0,0
"936","2017-02-17",4.7,0
"937","2017-02-18",0,0
"938","2017-02-19",0,0
"939","2017-02-20",5.6,0
"940","2017-02-21",0,0
"941","2017-02-22",8.5,0
"942","2017-02-23",3.7,0
"943","2017-02-24",0,5.6
"944","2017-02-25",0,1.8
"945","2017-02-26",0,0.2
"946","2017-02-27",0,0
"947","2017-02-28",7.5,0
"948","2017-03-01",0.2,0
"949","2017-03-02",6.8,0
"950","2017-03-03",0.4,0
"951","2017-03-04",0,0
"952","2017-03-05",10.5,0
"953","2017-03-06",2.6,0
"954","2017-03-07",0.6,0
"955","2017-03-08",0,0
"956","2017-03-09",0.6,0
"957","2017-03-10",0,0
"958","2017-03-11",0,0
"959","2017-03-12",0,0
"960","2017-03-13",0,0
"961","2017-03-14",0,0
"962","2017-03-15",0,0
"963","2017-03-16",0,0
"964","2017-03-17",2.6,0
"965","2017-03-18",6.3,0
"966","2017-03-19",0,2.1
"967","2017-03-20",0.3,0
"968","2017-03-21",0.8,0
"969","2017-03-22",1.2,0
"970","2017-03-23",2.4,0
"971","2017-03-24",0,0
"972","2017-03-25",0,0
"973","2017-03-26",0,0
"974","2017-03-27",0,0
"975","2017-03-28",0,0
"976","2017-03-29",1.5,0
"977","2017-03-30",0.1,0
"978","2017-03-31",0,0
"979","2017-04-01",0,0
"980","2017-04-02",0,0
"981","2017-04-03",0,0
"982","2017-04-04",0,0
"983","2017-04-05",2.3,0
"984","2017-04-06",5,0
"985","2017-04-07",0,0
"986","2017-04-08",0,0
"987","2017-04-09",0,0
"988","2017-04-10",0,0
"989","2017-04-11",0.3,0
"990","2017-04-12",6.2,0
"991","2017-04-13",1.6,0
"992","2017-04-14",0.6,0
"993","2017-04-15",1.9,0
"994","2017-04-16",0.4,0
"995","2017-04-17",0,1.8
"996","2017-04-18",0,0.1
"997","2017-04-19",0,0
"998","2017-04-20",0,0
"999","2017-04-21",1.5,0
"1000","2017-04-22",0,0
"1001","2017-04-23",0,0.6
"1002","2017-04-24",0,0
"1003","2017-04-25",3.5,0
"1004","2017-04-26",5.7,0
"1005","2017-04-27",6.2,0
"1006","2017-04-28",10.6,0
"1007","2017-04-29",0,0
"1008","2017-04-30",0,0
"1009","2017-05-01",0,0
"1010","2017-05-02",2.8,0
"1011","2017-05-03",11.6,0
"1012","2017-05-04",7.3,0
"1013","2017-05-05",0,0
"1014","2017-05-06",1.9,0
"1015","2017-05-07",9.7,0
"1016","2017-05-08",0.1,0
"1017","2017-05-09",0,0
"1018","2017-05-10",1.2,0
"1019","2017-05-11",0.5,0
"1020","2017-05-12",0,0
"1021","2017-05-13",0,0
"1022","2017-05-14",0,0
"1023","2017-05-15",0,0
"1024","2017-05-16",0,0
"1025","2017-05-17",0,0
"1026","2017-05-18",0,0
"1027","2017-05-19",0,0
"1028","2017-05-20",0,0
"1029","2017-05-21",0,0
"1030","2017-05-22",0,0
"1031","2017-05-23",0,0
"1032","2017-05-24",10.8,0
"1033","2017-05-25",0,0
"1034","2017-05-26",2.6,0
"1035","2017-05-27",0,0
"1036","2017-05-28",0,0
"1037","2017-05-29",0.1,0
"1038","2017-05-30",0,0
"1039","2017-05-31",0,0
